[2026-09-20T17:54:26.524+0800][0.007s][info][gc] Using G1
[2026-09-20T17:54:26.528+0800][0.011s][info][gc,init] Version: 17.0.20.1+1 (release)
[2026-09-20T17:54:26.528+0800][0.011s][info][gc,init] CPUs: 16 total, 16 available
[2026-09-20T17:54:26.528+0800][0.011s][info][gc,init] Memory: 15654M
[2026-09-20T17:54:26.528+0800][0.011s][info][gc,init] Large Page Support: Disabled
[2026-09-20T17:54:26.528+0800][0.011s][info][gc,init] NUMA Support: Disabled
[2026-09-20T17:54:26.528+0800][0.012s][info][gc,init] Compressed Oops: Enabled (32-bit)
[2026-09-20T17:54:26.528+0800][0.012s][info][gc,init] Heap Region Size: 1M
[2026-09-20T17:54:26.528+0800][0.012s][info][gc,init] Heap Min Capacity: 1G
[2026-09-20T17:54:26.528+0800][0.012s][info][gc,init] Heap Initial Capacity: 1G
[2026-09-20T17:54:26.528+0800][0.012s][info][gc,init] Heap Max Capacity: 1G
[2026-09-20T17:54:26.528+0800][0.012s][info][gc,init] Pre-touch: Disabled
[2026-09-20T17:54:26.528+0800][0.012s][info][gc,init] Parallel Workers: 13
[2026-09-20T17:54:26.528+0800][0.012s][info][gc,init] Concurrent Workers: 3
[2026-09-20T17:54:26.528+0800][0.012s][info][gc,init] Concurrent Refinement Workers: 13
[2026-09-20T17:54:26.528+0800][0.012s][info][gc,init] Periodic GC: Disabled
[2026-09-20T17:54:26.533+0800][0.016s][info][gc,metaspace] CDS archive(s) mapped at: [0x000002d104000000-0x000002d104bb0000-0x000002d104bb0000), size 12255232, SharedBaseAddress: 0x000002d104000000, ArchiveRelocationMode: 1.
[2026-09-20T17:54:26.533+0800][0.016s][info][gc,metaspace] Compressed class space mapped at: 0x000002d105000000-0x000002d145000000, reserved size: 1073741824
[2026-09-20T17:54:26.533+0800][0.016s][info][gc,metaspace] Narrow klass base: 0x000002d104000000, Narrow klass shift: 0, Narrow klass range: 0x100000000
[2026-09-20T17:54:27.086+0800][0.569s][info][gc,start    ] GC(0) Pause Young (Normal) (G1 Evacuation Pause)
[2026-09-20T17:54:27.087+0800][0.570s][info][gc,task     ] GC(0) Using 13 workers of 13 for evacuation
[2026-09-20T17:54:27.090+0800][0.573s][info][gc,phases   ] GC(0)   Pre Evacuate Collection Set: 0.09ms
[2026-09-20T17:54:27.090+0800][0.573s][info][gc,phases   ] GC(0)   Merge Heap Roots: 0.06ms
[2026-09-20T17:54:27.090+0800][0.573s][info][gc,phases   ] GC(0)   Evacuate Collection Set: 2.27ms
[2026-09-20T17:54:27.090+0800][0.573s][info][gc,phases   ] GC(0)   Post Evacuate Collection Set: 0.54ms
[2026-09-20T17:54:27.090+0800][0.573s][info][gc,phases   ] GC(0)   Other: 0.48ms
[2026-09-20T17:54:27.090+0800][0.573s][info][gc,heap     ] GC(0) Eden regions: 51->0(58)
[2026-09-20T17:54:27.090+0800][0.573s][info][gc,heap     ] GC(0) Survivor regions: 0->5(7)
[2026-09-20T17:54:27.090+0800][0.573s][info][gc,heap     ] GC(0) Old regions: 0->0
[2026-09-20T17:54:27.090+0800][0.573s][info][gc,heap     ] GC(0) Archive regions: 0->0
[2026-09-20T17:54:27.090+0800][0.573s][info][gc,heap     ] GC(0) Humongous regions: 0->0
[2026-09-20T17:54:27.090+0800][0.573s][info][gc,metaspace] GC(0) Metaspace: 6812K(7104K)->6812K(7104K) NonClass: 6002K(6144K)->6002K(6144K) Class: 810K(960K)->810K(960K)
[2026-09-20T17:54:27.090+0800][0.573s][info][gc          ] GC(0) Pause Young (Normal) (G1 Evacuation Pause) 51M->4M(1024M) 3.583ms
[2026-09-20T17:54:27.090+0800][0.573s][info][gc,cpu      ] GC(0) User=0.06s Sys=0.02s Real=0.00s
[2026-09-20T17:54:27.507+0800][0.991s][info][gc,start    ] GC(1) Pause Young (Normal) (G1 Evacuation Pause)
[2026-09-20T17:54:27.507+0800][0.991s][info][gc,task     ] GC(1) Using 13 workers of 13 for evacuation
[2026-09-20T17:54:27.512+0800][0.995s][info][gc,phases   ] GC(1)   Pre Evacuate Collection Set: 0.06ms
[2026-09-20T17:54:27.512+0800][0.995s][info][gc,phases   ] GC(1)   Merge Heap Roots: 0.03ms
[2026-09-20T17:54:27.512+0800][0.995s][info][gc,phases   ] GC(1)   Evacuate Collection Set: 2.45ms
[2026-09-20T17:54:27.512+0800][0.995s][info][gc,phases   ] GC(1)   Post Evacuate Collection Set: 0.82ms
[2026-09-20T17:54:27.512+0800][0.995s][info][gc,phases   ] GC(1)   Other: 0.13ms
[2026-09-20T17:54:27.512+0800][0.995s][info][gc,heap     ] GC(1) Eden regions: 58->0(178)
[2026-09-20T17:54:27.512+0800][0.995s][info][gc,heap     ] GC(1) Survivor regions: 5->7(8)
[2026-09-20T17:54:27.512+0800][0.995s][info][gc,heap     ] GC(1) Old regions: 0->0
[2026-09-20T17:54:27.512+0800][0.995s][info][gc,heap     ] GC(1) Archive regions: 0->0
[2026-09-20T17:54:27.512+0800][0.995s][info][gc,heap     ] GC(1) Humongous regions: 0->0
[2026-09-20T17:54:27.512+0800][0.995s][info][gc,metaspace] GC(1) Metaspace: 13874K(14208K)->13874K(14208K) NonClass: 12033K(12224K)->12033K(12224K) Class: 1841K(1984K)->1841K(1984K)
[2026-09-20T17:54:27.512+0800][0.995s][info][gc          ] GC(1) Pause Young (Normal) (G1 Evacuation Pause) 62M->6M(1024M) 3.647ms
[2026-09-20T17:54:27.512+0800][0.995s][info][gc,cpu      ] GC(1) User=0.12s Sys=0.08s Real=0.01s
[2026-09-20T17:54:27.807+0800][1.291s][info][gc,start    ] GC(2) Pause Young (Concurrent Start) (Metadata GC Threshold)
[2026-09-20T17:54:27.807+0800][1.291s][info][gc,task     ] GC(2) Using 13 workers of 13 for evacuation
[2026-09-20T17:54:27.812+0800][1.295s][info][gc,phases   ] GC(2)   Pre Evacuate Collection Set: 0.09ms
[2026-09-20T17:54:27.812+0800][1.295s][info][gc,phases   ] GC(2)   Merge Heap Roots: 0.03ms
[2026-09-20T17:54:27.812+0800][1.295s][info][gc,phases   ] GC(2)   Evacuate Collection Set: 3.41ms
[2026-09-20T17:54:27.812+0800][1.295s][info][gc,phases   ] GC(2)   Post Evacuate Collection Set: 0.54ms
[2026-09-20T17:54:27.812+0800][1.295s][info][gc,phases   ] GC(2)   Other: 0.20ms
[2026-09-20T17:54:27.812+0800][1.295s][info][gc,heap     ] GC(2) Eden regions: 71->0(456)
[2026-09-20T17:54:27.812+0800][1.295s][info][gc,heap     ] GC(2) Survivor regions: 7->10(24)
[2026-09-20T17:54:27.812+0800][1.295s][info][gc,heap     ] GC(2) Old regions: 0->0
[2026-09-20T17:54:27.812+0800][1.295s][info][gc,heap     ] GC(2) Archive regions: 0->0
[2026-09-20T17:54:27.812+0800][1.295s][info][gc,heap     ] GC(2) Humongous regions: 0->0
[2026-09-20T17:54:27.812+0800][1.295s][info][gc,metaspace] GC(2) Metaspace: 21290K(21504K)->21290K(21504K) NonClass: 18629K(18752K)->18629K(18752K) Class: 2660K(2752K)->2660K(2752K)
[2026-09-20T17:54:27.812+0800][1.295s][info][gc          ] GC(2) Pause Young (Concurrent Start) (Metadata GC Threshold) 77M->9M(1024M) 4.397ms
[2026-09-20T17:54:27.812+0800][1.295s][info][gc,cpu      ] GC(2) User=0.00s Sys=0.00s Real=0.01s
[2026-09-20T17:54:27.812+0800][1.295s][info][gc          ] GC(3) Concurrent Mark Cycle
[2026-09-20T17:54:27.812+0800][1.295s][info][gc,marking  ] GC(3) Concurrent Clear Claimed Marks
[2026-09-20T17:54:27.812+0800][1.295s][info][gc,marking  ] GC(3) Concurrent Clear Claimed Marks 0.029ms
[2026-09-20T17:54:27.812+0800][1.295s][info][gc,marking  ] GC(3) Concurrent Scan Root Regions
[2026-09-20T17:54:27.814+0800][1.297s][info][gc,marking  ] GC(3) Concurrent Scan Root Regions 1.556ms
[2026-09-20T17:54:27.814+0800][1.297s][info][gc,marking  ] GC(3) Concurrent Mark
[2026-09-20T17:54:27.814+0800][1.297s][info][gc,marking  ] GC(3) Concurrent Mark From Roots
[2026-09-20T17:54:27.814+0800][1.297s][info][gc,task     ] GC(3) Using 3 workers of 3 for marking
[2026-09-20T17:54:27.814+0800][1.297s][info][gc,marking  ] GC(3) Concurrent Mark From Roots 0.187ms
[2026-09-20T17:54:27.814+0800][1.297s][info][gc,marking  ] GC(3) Concurrent Preclean
[2026-09-20T17:54:27.814+0800][1.297s][info][gc,marking  ] GC(3) Concurrent Preclean 0.069ms
[2026-09-20T17:54:27.814+0800][1.297s][info][gc,start    ] GC(3) Pause Remark
[2026-09-20T17:54:27.816+0800][1.299s][info][gc          ] GC(3) Pause Remark 10M->10M(1024M) 1.256ms
[2026-09-20T17:54:27.816+0800][1.299s][info][gc,cpu      ] GC(3) User=0.00s Sys=0.00s Real=0.00s
[2026-09-20T17:54:27.816+0800][1.299s][info][gc,marking  ] GC(3) Concurrent Mark 2.118ms
[2026-09-20T17:54:27.816+0800][1.299s][info][gc,marking  ] GC(3) Concurrent Rebuild Remembered Sets
[2026-09-20T17:54:27.816+0800][1.299s][info][gc,marking  ] GC(3) Concurrent Rebuild Remembered Sets 0.011ms
[2026-09-20T17:54:27.816+0800][1.299s][info][gc,start    ] GC(3) Pause Cleanup
[2026-09-20T17:54:27.816+0800][1.299s][info][gc          ] GC(3) Pause Cleanup 10M->10M(1024M) 0.012ms
[2026-09-20T17:54:27.816+0800][1.299s][info][gc,cpu      ] GC(3) User=0.00s Sys=0.00s Real=0.00s
[2026-09-20T17:54:27.816+0800][1.299s][info][gc,marking  ] GC(3) Concurrent Cleanup for Next Mark
[2026-09-20T17:54:27.819+0800][1.302s][info][gc,marking  ] GC(3) Concurrent Cleanup for Next Mark 2.616ms
[2026-09-20T17:54:27.819+0800][1.302s][info][gc          ] GC(3) Concurrent Mark Cycle 6.652ms
[2026-09-20T17:54:29.367+0800][2.850s][info][gc,start    ] GC(4) Pause Young (Concurrent Start) (Metadata GC Threshold)
[2026-09-20T17:54:29.367+0800][2.850s][info][gc,task     ] GC(4) Using 13 workers of 13 for evacuation
[2026-09-20T17:54:29.373+0800][2.857s][info][gc,phases   ] GC(4)   Pre Evacuate Collection Set: 0.13ms
[2026-09-20T17:54:29.375+0800][2.858s][info][gc,phases   ] GC(4)   Merge Heap Roots: 0.04ms
[2026-09-20T17:54:29.375+0800][2.858s][info][gc,phases   ] GC(4)   Evacuate Collection Set: 5.53ms
[2026-09-20T17:54:29.375+0800][2.858s][info][gc,phases   ] GC(4)   Post Evacuate Collection Set: 1.24ms
[2026-09-20T17:54:29.375+0800][2.858s][info][gc,phases   ] GC(4)   Other: 0.17ms
[2026-09-20T17:54:29.375+0800][2.858s][info][gc,heap     ] GC(4) Eden regions: 213->0(414)
[2026-09-20T17:54:29.375+0800][2.858s][info][gc,heap     ] GC(4) Survivor regions: 10->18(59)
[2026-09-20T17:54:29.375+0800][2.858s][info][gc,heap     ] GC(4) Old regions: 0->0
[2026-09-20T17:54:29.375+0800][2.858s][info][gc,heap     ] GC(4) Archive regions: 0->0
[2026-09-20T17:54:29.375+0800][2.858s][info][gc,heap     ] GC(4) Humongous regions: 0->0
[2026-09-20T17:54:29.375+0800][2.858s][info][gc,metaspace] GC(4) Metaspace: 35580K(35968K)->35580K(35968K) NonClass: 30920K(31104K)->30920K(31104K) Class: 4660K(4864K)->4660K(4864K)
[2026-09-20T17:54:29.375+0800][2.858s][info][gc          ] GC(4) Pause Young (Concurrent Start) (Metadata GC Threshold) 221M->17M(1024M) 7.264ms
[2026-09-20T17:54:29.375+0800][2.858s][info][gc,cpu      ] GC(4) User=0.17s Sys=0.08s Real=0.01s
[2026-09-20T17:54:29.375+0800][2.858s][info][gc          ] GC(5) Concurrent Mark Cycle
[2026-09-20T17:54:29.375+0800][2.858s][info][gc,marking  ] GC(5) Concurrent Clear Claimed Marks
[2026-09-20T17:54:29.375+0800][2.858s][info][gc,marking  ] GC(5) Concurrent Clear Claimed Marks 0.046ms
[2026-09-20T17:54:29.375+0800][2.858s][info][gc,marking  ] GC(5) Concurrent Scan Root Regions
[2026-09-20T17:54:29.376+0800][2.860s][info][gc,marking  ] GC(5) Concurrent Scan Root Regions 2.543ms
[2026-09-20T17:54:29.376+0800][2.860s][info][gc,marking  ] GC(5) Concurrent Mark
[2026-09-20T17:54:29.376+0800][2.860s][info][gc,marking  ] GC(5) Concurrent Mark From Roots
[2026-09-20T17:54:29.376+0800][2.860s][info][gc,task     ] GC(5) Using 3 workers of 3 for marking
[2026-09-20T17:54:29.377+0800][2.861s][info][gc,marking  ] GC(5) Concurrent Mark From Roots 0.205ms
[2026-09-20T17:54:29.377+0800][2.861s][info][gc,marking  ] GC(5) Concurrent Preclean
[2026-09-20T17:54:29.377+0800][2.861s][info][gc,marking  ] GC(5) Concurrent Preclean 0.065ms
[2026-09-20T17:54:29.388+0800][2.871s][info][gc,start    ] GC(5) Pause Remark
[2026-09-20T17:54:29.389+0800][2.873s][info][gc          ] GC(5) Pause Remark 17M->17M(1024M) 1.539ms
[2026-09-20T17:54:29.389+0800][2.873s][info][gc,cpu      ] GC(5) User=0.00s Sys=0.00s Real=0.00s
[2026-09-20T17:54:29.389+0800][2.873s][info][gc,marking  ] GC(5) Concurrent Mark 12.451ms
[2026-09-20T17:54:29.389+0800][2.873s][info][gc,marking  ] GC(5) Concurrent Rebuild Remembered Sets
[2026-09-20T17:54:29.389+0800][2.873s][info][gc,marking  ] GC(5) Concurrent Rebuild Remembered Sets 0.014ms
[2026-09-20T17:54:29.404+0800][2.887s][info][gc,start    ] GC(5) Pause Cleanup
[2026-09-20T17:54:29.404+0800][2.887s][info][gc          ] GC(5) Pause Cleanup 17M->17M(1024M) 0.115ms
[2026-09-20T17:54:29.404+0800][2.887s][info][gc,cpu      ] GC(5) User=0.00s Sys=0.00s Real=0.00s
[2026-09-20T17:54:29.404+0800][2.887s][info][gc,marking  ] GC(5) Concurrent Cleanup for Next Mark
[2026-09-20T17:54:29.406+0800][2.889s][info][gc,marking  ] GC(5) Concurrent Cleanup for Next Mark 2.495ms
[2026-09-20T17:54:29.406+0800][2.890s][info][gc          ] GC(5) Concurrent Mark Cycle 31.813ms
[2026-09-20T17:54:34.428+0800][7.911s][info][gc,start    ] GC(6) Pause Young (Concurrent Start) (Metadata GC Threshold)
[2026-09-20T17:54:34.428+0800][7.911s][info][gc,task     ] GC(6) Using 13 workers of 13 for evacuation
[2026-09-20T17:54:34.442+0800][7.926s][info][gc,phases   ] GC(6)   Pre Evacuate Collection Set: 0.11ms
[2026-09-20T17:54:34.442+0800][7.926s][info][gc,phases   ] GC(6)   Merge Heap Roots: 0.06ms
[2026-09-20T17:54:34.443+0800][7.926s][info][gc,phases   ] GC(6)   Evacuate Collection Set: 12.90ms
[2026-09-20T17:54:34.443+0800][7.926s][info][gc,phases   ] GC(6)   Post Evacuate Collection Set: 1.58ms
[2026-09-20T17:54:34.443+0800][7.926s][info][gc,phases   ] GC(6)   Other: 0.25ms
[2026-09-20T17:54:34.443+0800][7.926s][info][gc,heap     ] GC(6) Eden regions: 319->0(402)
[2026-09-20T17:54:34.443+0800][7.926s][info][gc,heap     ] GC(6) Survivor regions: 18->29(54)
[2026-09-20T17:54:34.443+0800][7.926s][info][gc,heap     ] GC(6) Old regions: 0->0
[2026-09-20T17:54:34.443+0800][7.926s][info][gc,heap     ] GC(6) Archive regions: 0->0
[2026-09-20T17:54:34.443+0800][7.926s][info][gc,heap     ] GC(6) Humongous regions: 0->0
[2026-09-20T17:54:34.443+0800][7.926s][info][gc,metaspace] GC(6) Metaspace: 59564K(60096K)->59564K(60096K) NonClass: 51748K(52032K)->51748K(52032K) Class: 7816K(8064K)->7816K(8064K)
[2026-09-20T17:54:34.443+0800][7.926s][info][gc          ] GC(6) Pause Young (Concurrent Start) (Metadata GC Threshold) 335M->28M(1024M) 15.124ms
[2026-09-20T17:54:34.443+0800][7.926s][info][gc,cpu      ] GC(6) User=0.09s Sys=0.09s Real=0.02s
[2026-09-20T17:54:34.443+0800][7.926s][info][gc          ] GC(7) Concurrent Mark Cycle
[2026-09-20T17:54:34.443+0800][7.926s][info][gc,marking  ] GC(7) Concurrent Clear Claimed Marks
[2026-09-20T17:54:34.443+0800][7.926s][info][gc,marking  ] GC(7) Concurrent Clear Claimed Marks 0.059ms
[2026-09-20T17:54:34.443+0800][7.926s][info][gc,marking  ] GC(7) Concurrent Scan Root Regions
[2026-09-20T17:54:34.448+0800][7.932s][info][gc,marking  ] GC(7) Concurrent Scan Root Regions 5.878ms
[2026-09-20T17:54:34.448+0800][7.932s][info][gc,marking  ] GC(7) Concurrent Mark
[2026-09-20T17:54:34.448+0800][7.932s][info][gc,marking  ] GC(7) Concurrent Mark From Roots
[2026-09-20T17:54:34.448+0800][7.932s][info][gc,task     ] GC(7) Using 3 workers of 3 for marking
[2026-09-20T17:54:34.448+0800][7.933s][info][gc,marking  ] GC(7) Concurrent Mark From Roots 0.244ms
[2026-09-20T17:54:34.448+0800][7.933s][info][gc,marking  ] GC(7) Concurrent Preclean
[2026-09-20T17:54:34.448+0800][7.933s][info][gc,marking  ] GC(7) Concurrent Preclean 0.118ms
[2026-09-20T17:54:34.448+0800][7.933s][info][gc,start    ] GC(7) Pause Remark
[2026-09-20T17:54:34.454+0800][7.937s][info][gc          ] GC(7) Pause Remark 31M->31M(1024M) 3.746ms
[2026-09-20T17:54:34.454+0800][7.937s][info][gc,cpu      ] GC(7) User=0.00s Sys=0.00s Real=0.01s
[2026-09-20T17:54:34.454+0800][7.937s][info][gc,marking  ] GC(7) Concurrent Mark 4.333ms
[2026-09-20T17:54:34.454+0800][7.937s][info][gc,marking  ] GC(7) Concurrent Rebuild Remembered Sets
[2026-09-20T17:54:34.454+0800][7.937s][info][gc,marking  ] GC(7) Concurrent Rebuild Remembered Sets 0.013ms
[2026-09-20T17:54:34.454+0800][7.937s][info][gc,start    ] GC(7) Pause Cleanup
[2026-09-20T17:54:34.454+0800][7.937s][info][gc          ] GC(7) Pause Cleanup 31M->31M(1024M) 0.020ms
[2026-09-20T17:54:34.454+0800][7.937s][info][gc,cpu      ] GC(7) User=0.00s Sys=0.00s Real=0.00s
[2026-09-20T17:54:34.454+0800][7.937s][info][gc,marking  ] GC(7) Concurrent Cleanup for Next Mark
[2026-09-20T17:54:34.454+0800][7.938s][info][gc,marking  ] GC(7) Concurrent Cleanup for Next Mark 0.791ms
[2026-09-20T17:54:34.454+0800][7.938s][info][gc          ] GC(7) Concurrent Mark Cycle 11.378ms
[2026-09-20T17:59:03.610+0800][277.093s][info][gc,start    ] GC(8) Pause Young (Concurrent Start) (Metadata GC Threshold)
[2026-09-20T17:59:03.610+0800][277.093s][info][gc,task     ] GC(8) Using 13 workers of 13 for evacuation
[2026-09-20T17:59:03.635+0800][277.119s][info][gc,phases   ] GC(8)   Pre Evacuate Collection Set: 0.56ms
[2026-09-20T17:59:03.635+0800][277.119s][info][gc,phases   ] GC(8)   Merge Heap Roots: 0.10ms
[2026-09-20T17:59:03.635+0800][277.119s][info][gc,phases   ] GC(8)   Evacuate Collection Set: 21.42ms
[2026-09-20T17:59:03.635+0800][277.119s][info][gc,phases   ] GC(8)   Post Evacuate Collection Set: 2.77ms
[2026-09-20T17:59:03.635+0800][277.119s][info][gc,phases   ] GC(8)   Other: 0.50ms
[2026-09-20T17:59:03.635+0800][277.119s][info][gc,heap     ] GC(8) Eden regions: 375->0(426)
[2026-09-20T17:59:03.635+0800][277.119s][info][gc,heap     ] GC(8) Survivor regions: 29->40(54)
[2026-09-20T17:59:03.635+0800][277.119s][info][gc,heap     ] GC(8) Old regions: 0->4
[2026-09-20T17:59:03.635+0800][277.119s][info][gc,heap     ] GC(8) Archive regions: 0->0
[2026-09-20T17:59:03.635+0800][277.119s][info][gc,heap     ] GC(8) Humongous regions: 2->2
[2026-09-20T17:59:03.635+0800][277.119s][info][gc,metaspace] GC(8) Metaspace: 99807K(100608K)->99807K(100608K) NonClass: 87364K(87744K)->87364K(87744K) Class: 12442K(12864K)->12442K(12864K)
[2026-09-20T17:59:03.635+0800][277.119s][info][gc          ] GC(8) Pause Young (Concurrent Start) (Metadata GC Threshold) 405M->45M(1024M) 25.580ms
[2026-09-20T17:59:03.635+0800][277.119s][info][gc,cpu      ] GC(8) User=0.11s Sys=0.11s Real=0.03s
[2026-09-20T17:59:03.635+0800][277.119s][info][gc          ] GC(9) Concurrent Mark Cycle
[2026-09-20T17:59:03.635+0800][277.119s][info][gc,marking  ] GC(9) Concurrent Clear Claimed Marks
[2026-09-20T17:59:03.636+0800][277.119s][info][gc,marking  ] GC(9) Concurrent Clear Claimed Marks 0.086ms
[2026-09-20T17:59:03.636+0800][277.119s][info][gc,marking  ] GC(9) Concurrent Scan Root Regions
[2026-09-20T17:59:03.644+0800][277.127s][info][gc,marking  ] GC(9) Concurrent Scan Root Regions 7.973ms
[2026-09-20T17:59:03.644+0800][277.127s][info][gc,marking  ] GC(9) Concurrent Mark
[2026-09-20T17:59:03.644+0800][277.127s][info][gc,marking  ] GC(9) Concurrent Mark From Roots
[2026-09-20T17:59:03.644+0800][277.127s][info][gc,task     ] GC(9) Using 3 workers of 3 for marking
[2026-09-20T17:59:03.644+0800][277.127s][info][gc,marking  ] GC(9) Concurrent Mark From Roots 0.242ms
[2026-09-20T17:59:03.644+0800][277.127s][info][gc,marking  ] GC(9) Concurrent Preclean
[2026-09-20T17:59:03.644+0800][277.128s][info][gc,marking  ] GC(9) Concurrent Preclean 0.119ms
[2026-09-20T17:59:03.659+0800][277.142s][info][gc,start    ] GC(9) Pause Remark
[2026-09-20T17:59:03.664+0800][277.147s][info][gc          ] GC(9) Pause Remark 49M->49M(1024M) 5.525ms
[2026-09-20T17:59:03.664+0800][277.147s][info][gc,cpu      ] GC(9) User=0.00s Sys=0.00s Real=0.01s
[2026-09-20T17:59:03.664+0800][277.147s][info][gc,marking  ] GC(9) Concurrent Mark 20.246ms
[2026-09-20T17:59:03.664+0800][277.147s][info][gc,marking  ] GC(9) Concurrent Rebuild Remembered Sets
[2026-09-20T17:59:03.665+0800][277.148s][info][gc,marking  ] GC(9) Concurrent Rebuild Remembered Sets 1.079ms
[2026-09-20T17:59:03.665+0800][277.149s][info][gc,start    ] GC(9) Pause Cleanup
[2026-09-20T17:59:03.665+0800][277.149s][info][gc          ] GC(9) Pause Cleanup 50M->50M(1024M) 0.134ms
[2026-09-20T17:59:03.665+0800][277.149s][info][gc,cpu      ] GC(9) User=0.00s Sys=0.00s Real=0.00s
[2026-09-20T17:59:03.665+0800][277.149s][info][gc,marking  ] GC(9) Concurrent Cleanup for Next Mark
[2026-09-20T17:59:03.669+0800][277.152s][info][gc,marking  ] GC(9) Concurrent Cleanup for Next Mark 2.916ms
[2026-09-20T17:59:03.669+0800][277.152s][info][gc          ] GC(9) Concurrent Mark Cycle 32.822ms
[2026-09-20T17:59:09.925+0800][283.408s][info][gc,start    ] GC(10) Pause Young (Normal) (G1 Evacuation Pause)
[2026-09-20T17:59:09.925+0800][283.408s][info][gc,task     ] GC(10) Using 13 workers of 13 for evacuation
[2026-09-20T17:59:09.939+0800][283.422s][info][gc,phases   ] GC(10)   Pre Evacuate Collection Set: 0.11ms
[2026-09-20T17:59:09.939+0800][283.422s][info][gc,phases   ] GC(10)   Merge Heap Roots: 0.08ms
[2026-09-20T17:59:09.939+0800][283.422s][info][gc,phases   ] GC(10)   Evacuate Collection Set: 11.46ms
[2026-09-20T17:59:09.939+0800][283.422s][info][gc,phases   ] GC(10)   Post Evacuate Collection Set: 1.48ms
[2026-09-20T17:59:09.939+0800][283.422s][info][gc,phases   ] GC(10)   Other: 0.19ms
[2026-09-20T17:59:09.939+0800][283.422s][info][gc,heap     ] GC(10) Eden regions: 434->0(583)
[2026-09-20T17:59:09.939+0800][283.422s][info][gc,heap     ] GC(10) Survivor regions: 40->31(60)
[2026-09-20T17:59:09.939+0800][283.422s][info][gc,heap     ] GC(10) Old regions: 4->15
[2026-09-20T17:59:09.939+0800][283.422s][info][gc,heap     ] GC(10) Archive regions: 0->0
[2026-09-20T17:59:09.939+0800][283.422s][info][gc,heap     ] GC(10) Humongous regions: 2->2
[2026-09-20T17:59:09.939+0800][283.422s][info][gc,metaspace] GC(10) Metaspace: 103301K(104064K)->103301K(104064K) NonClass: 90853K(91200K)->90853K(91200K) Class: 12447K(12864K)->12447K(12864K)
[2026-09-20T17:59:09.939+0800][283.422s][info][gc          ] GC(10) Pause Young (Normal) (G1 Evacuation Pause) 479M->47M(1024M) 13.504ms
[2026-09-20T17:59:09.939+0800][283.422s][info][gc,cpu      ] GC(10) User=0.14s Sys=0.06s Real=0.01s
[2026-09-20T17:59:15.679+0800][289.163s][info][gc,start    ] GC(11) Pause Young (Normal) (G1 Evacuation Pause)
[2026-09-20T17:59:15.679+0800][289.163s][info][gc,task     ] GC(11) Using 13 workers of 13 for evacuation
[2026-09-20T17:59:15.689+0800][289.173s][info][gc,phases   ] GC(11)   Pre Evacuate Collection Set: 0.09ms
[2026-09-20T17:59:15.691+0800][289.174s][info][gc,phases   ] GC(11)   Merge Heap Roots: 0.06ms
[2026-09-20T17:59:15.691+0800][289.174s][info][gc,phases   ] GC(11)   Evacuate Collection Set: 8.67ms
[2026-09-20T17:59:15.691+0800][289.174s][info][gc,phases   ] GC(11)   Post Evacuate Collection Set: 1.22ms
[2026-09-20T17:59:15.691+0800][289.174s][info][gc,phases   ] GC(11)   Other: 0.23ms
[2026-09-20T17:59:15.691+0800][289.174s][info][gc,heap     ] GC(11) Eden regions: 583->0(583)
[2026-09-20T17:59:15.691+0800][289.174s][info][gc,heap     ] GC(11) Survivor regions: 31->31(77)
[2026-09-20T17:59:15.691+0800][289.174s][info][gc,heap     ] GC(11) Old regions: 15->15
[2026-09-20T17:59:15.691+0800][289.174s][info][gc,heap     ] GC(11) Archive regions: 0->0
[2026-09-20T17:59:15.691+0800][289.174s][info][gc,heap     ] GC(11) Humongous regions: 2->2
[2026-09-20T17:59:15.691+0800][289.174s][info][gc,metaspace] GC(11) Metaspace: 103329K(104064K)->103329K(104064K) NonClass: 90881K(91200K)->90881K(91200K) Class: 12447K(12864K)->12447K(12864K)
[2026-09-20T17:59:15.691+0800][289.174s][info][gc          ] GC(11) Pause Young (Normal) (G1 Evacuation Pause) 630M->47M(1024M) 10.483ms
[2026-09-20T17:59:15.691+0800][289.174s][info][gc,cpu      ] GC(11) User=0.02s Sys=0.02s Real=0.01s
[2026-09-20T17:59:21.600+0800][295.084s][info][gc,start    ] GC(12) Pause Young (Normal) (G1 Evacuation Pause)
[2026-09-20T17:59:21.601+0800][295.084s][info][gc,task     ] GC(12) Using 13 workers of 13 for evacuation
[2026-09-20T17:59:21.609+0800][295.093s][info][gc,phases   ] GC(12)   Pre Evacuate Collection Set: 0.10ms
[2026-09-20T17:59:21.610+0800][295.093s][info][gc,phases   ] GC(12)   Merge Heap Roots: 0.09ms
[2026-09-20T17:59:21.610+0800][295.093s][info][gc,phases   ] GC(12)   Evacuate Collection Set: 7.34ms
[2026-09-20T17:59:21.610+0800][295.093s][info][gc,phases   ] GC(12)   Post Evacuate Collection Set: 1.19ms
[2026-09-20T17:59:21.610+0800][295.093s][info][gc,phases   ] GC(12)   Other: 0.20ms
[2026-09-20T17:59:21.610+0800][295.093s][info][gc,heap     ] GC(12) Eden regions: 583->0(583)
[2026-09-20T17:59:21.610+0800][295.093s][info][gc,heap     ] GC(12) Survivor regions: 31->31(77)
[2026-09-20T17:59:21.610+0800][295.093s][info][gc,heap     ] GC(12) Old regions: 15->15
[2026-09-20T17:59:21.610+0800][295.093s][info][gc,heap     ] GC(12) Archive regions: 0->0
[2026-09-20T17:59:21.610+0800][295.093s][info][gc,heap     ] GC(12) Humongous regions: 2->2
[2026-09-20T17:59:21.610+0800][295.093s][info][gc,metaspace] GC(12) Metaspace: 103407K(104192K)->103407K(104192K) NonClass: 90951K(91328K)->90951K(91328K) Class: 12455K(12864K)->12455K(12864K)
[2026-09-20T17:59:21.610+0800][295.093s][info][gc          ] GC(12) Pause Young (Normal) (G1 Evacuation Pause) 630M->46M(1024M) 9.093ms
[2026-09-20T17:59:21.610+0800][295.093s][info][gc,cpu      ] GC(12) User=0.17s Sys=0.02s Real=0.01s
[2026-09-20T17:59:27.362+0800][300.846s][info][gc,start    ] GC(13) Pause Young (Normal) (G1 Evacuation Pause)
[2026-09-20T17:59:27.362+0800][300.846s][info][gc,task     ] GC(13) Using 13 workers of 13 for evacuation
[2026-09-20T17:59:27.371+0800][300.854s][info][gc,phases   ] GC(13)   Pre Evacuate Collection Set: 0.11ms
[2026-09-20T17:59:27.371+0800][300.854s][info][gc,phases   ] GC(13)   Merge Heap Roots: 0.08ms
[2026-09-20T17:59:27.371+0800][300.854s][info][gc,phases   ] GC(13)   Evacuate Collection Set: 6.96ms
[2026-09-20T17:59:27.371+0800][300.855s][info][gc,phases   ] GC(13)   Post Evacuate Collection Set: 1.36ms
[2026-09-20T17:59:27.371+0800][300.855s][info][gc,phases   ] GC(13)   Other: 0.16ms
[2026-09-20T17:59:27.371+0800][300.855s][info][gc,heap     ] GC(13) Eden regions: 583->0(583)
[2026-09-20T17:59:27.371+0800][300.855s][info][gc,heap     ] GC(13) Survivor regions: 31->31(77)
[2026-09-20T17:59:27.371+0800][300.855s][info][gc,heap     ] GC(13) Old regions: 15->15
[2026-09-20T17:59:27.371+0800][300.855s][info][gc,heap     ] GC(13) Archive regions: 0->0
[2026-09-20T17:59:27.371+0800][300.855s][info][gc,heap     ] GC(13) Humongous regions: 2->2
[2026-09-20T17:59:27.371+0800][300.855s][info][gc,metaspace] GC(13) Metaspace: 103426K(104192K)->103426K(104192K) NonClass: 90970K(91328K)->90970K(91328K) Class: 12455K(12864K)->12455K(12864K)
[2026-09-20T17:59:27.371+0800][300.855s][info][gc          ] GC(13) Pause Young (Normal) (G1 Evacuation Pause) 629M->46M(1024M) 8.829ms
[2026-09-20T17:59:27.371+0800][300.855s][info][gc,cpu      ] GC(13) User=0.19s Sys=0.02s Real=0.01s
[2026-09-20T17:59:33.125+0800][306.608s][info][gc,start    ] GC(14) Pause Young (Normal) (G1 Evacuation Pause)
[2026-09-20T17:59:33.125+0800][306.608s][info][gc,task     ] GC(14) Using 13 workers of 13 for evacuation
[2026-09-20T17:59:33.133+0800][306.616s][info][gc,phases   ] GC(14)   Pre Evacuate Collection Set: 0.09ms
[2026-09-20T17:59:33.133+0800][306.616s][info][gc,phases   ] GC(14)   Merge Heap Roots: 0.08ms
[2026-09-20T17:59:33.133+0800][306.616s][info][gc,phases   ] GC(14)   Evacuate Collection Set: 6.48ms
[2026-09-20T17:59:33.133+0800][306.616s][info][gc,phases   ] GC(14)   Post Evacuate Collection Set: 1.15ms
[2026-09-20T17:59:33.133+0800][306.616s][info][gc,phases   ] GC(14)   Other: 0.21ms
[2026-09-20T17:59:33.133+0800][306.616s][info][gc,heap     ] GC(14) Eden regions: 583->0(583)
[2026-09-20T17:59:33.133+0800][306.616s][info][gc,heap     ] GC(14) Survivor regions: 31->31(77)
[2026-09-20T17:59:33.133+0800][306.616s][info][gc,heap     ] GC(14) Old regions: 15->15
[2026-09-20T17:59:33.133+0800][306.616s][info][gc,heap     ] GC(14) Archive regions: 0->0
[2026-09-20T17:59:33.133+0800][306.616s][info][gc,heap     ] GC(14) Humongous regions: 2->2
[2026-09-20T17:59:33.133+0800][306.616s][info][gc,metaspace] GC(14) Metaspace: 103445K(104192K)->103445K(104192K) NonClass: 90989K(91328K)->90989K(91328K) Class: 12455K(12864K)->12455K(12864K)
[2026-09-20T17:59:33.133+0800][306.616s][info][gc          ] GC(14) Pause Young (Normal) (G1 Evacuation Pause) 629M->47M(1024M) 8.170ms
[2026-09-20T17:59:33.133+0800][306.616s][info][gc,cpu      ] GC(14) User=0.00s Sys=0.00s Real=0.01s
[2026-09-20T17:59:38.706+0800][312.189s][info][gc,start    ] GC(15) Pause Young (Normal) (G1 Evacuation Pause)
[2026-09-20T17:59:38.706+0800][312.189s][info][gc,task     ] GC(15) Using 13 workers of 13 for evacuation
[2026-09-20T17:59:38.714+0800][312.197s][info][gc,phases   ] GC(15)   Pre Evacuate Collection Set: 0.09ms
[2026-09-20T17:59:38.714+0800][312.197s][info][gc,phases   ] GC(15)   Merge Heap Roots: 0.06ms
[2026-09-20T17:59:38.714+0800][312.197s][info][gc,phases   ] GC(15)   Evacuate Collection Set: 6.98ms
[2026-09-20T17:59:38.714+0800][312.197s][info][gc,phases   ] GC(15)   Post Evacuate Collection Set: 1.14ms
[2026-09-20T17:59:38.714+0800][312.197s][info][gc,phases   ] GC(15)   Other: 0.17ms
[2026-09-20T17:59:38.714+0800][312.197s][info][gc,heap     ] GC(15) Eden regions: 583->0(583)
[2026-09-20T17:59:38.714+0800][312.197s][info][gc,heap     ] GC(15) Survivor regions: 31->31(77)
[2026-09-20T17:59:38.714+0800][312.197s][info][gc,heap     ] GC(15) Old regions: 15->15
[2026-09-20T17:59:38.714+0800][312.197s][info][gc,heap     ] GC(15) Archive regions: 0->0
[2026-09-20T17:59:38.714+0800][312.197s][info][gc,heap     ] GC(15) Humongous regions: 2->2
[2026-09-20T17:59:38.714+0800][312.197s][info][gc,metaspace] GC(15) Metaspace: 103472K(104256K)->103472K(104256K) NonClass: 91015K(91392K)->91015K(91392K) Class: 12456K(12864K)->12456K(12864K)
[2026-09-20T17:59:38.714+0800][312.197s][info][gc          ] GC(15) Pause Young (Normal) (G1 Evacuation Pause) 630M->47M(1024M) 8.627ms
[2026-09-20T17:59:38.714+0800][312.197s][info][gc,cpu      ] GC(15) User=0.19s Sys=0.02s Real=0.01s
[2026-09-20T17:59:44.535+0800][318.019s][info][gc,start    ] GC(16) Pause Young (Normal) (G1 Evacuation Pause)
[2026-09-20T17:59:44.535+0800][318.019s][info][gc,task     ] GC(16) Using 13 workers of 13 for evacuation
[2026-09-20T17:59:44.544+0800][318.028s][info][gc,phases   ] GC(16)   Pre Evacuate Collection Set: 0.09ms
[2026-09-20T17:59:44.544+0800][318.028s][info][gc,phases   ] GC(16)   Merge Heap Roots: 0.07ms
[2026-09-20T17:59:44.544+0800][318.028s][info][gc,phases   ] GC(16)   Evacuate Collection Set: 6.67ms
[2026-09-20T17:59:44.544+0800][318.028s][info][gc,phases   ] GC(16)   Post Evacuate Collection Set: 1.28ms
[2026-09-20T17:59:44.544+0800][318.028s][info][gc,phases   ] GC(16)   Other: 0.16ms
[2026-09-20T17:59:44.544+0800][318.028s][info][gc,heap     ] GC(16) Eden regions: 583->0(583)
[2026-09-20T17:59:44.544+0800][318.028s][info][gc,heap     ] GC(16) Survivor regions: 31->31(77)
[2026-09-20T17:59:44.544+0800][318.028s][info][gc,heap     ] GC(16) Old regions: 15->15
[2026-09-20T17:59:44.544+0800][318.028s][info][gc,heap     ] GC(16) Archive regions: 0->0
[2026-09-20T17:59:44.544+0800][318.028s][info][gc,heap     ] GC(16) Humongous regions: 2->2
[2026-09-20T17:59:44.544+0800][318.028s][info][gc,metaspace] GC(16) Metaspace: 103492K(104256K)->103492K(104256K) NonClass: 91035K(91392K)->91035K(91392K) Class: 12457K(12864K)->12457K(12864K)
[2026-09-20T17:59:44.544+0800][318.028s][info][gc          ] GC(16) Pause Young (Normal) (G1 Evacuation Pause) 630M->47M(1024M) 8.444ms
[2026-09-20T17:59:44.544+0800][318.028s][info][gc,cpu      ] GC(16) User=0.16s Sys=0.02s Real=0.01s
[2026-09-20T17:59:50.266+0800][323.750s][info][gc,start    ] GC(17) Pause Young (Normal) (G1 Evacuation Pause)
[2026-09-20T17:59:50.266+0800][323.750s][info][gc,task     ] GC(17) Using 13 workers of 13 for evacuation
[2026-09-20T17:59:50.275+0800][323.759s][info][gc,phases   ] GC(17)   Pre Evacuate Collection Set: 0.11ms
[2026-09-20T17:59:50.275+0800][323.759s][info][gc,phases   ] GC(17)   Merge Heap Roots: 0.08ms
[2026-09-20T17:59:50.275+0800][323.759s][info][gc,phases   ] GC(17)   Evacuate Collection Set: 6.67ms
[2026-09-20T17:59:50.275+0800][323.759s][info][gc,phases   ] GC(17)   Post Evacuate Collection Set: 1.35ms
[2026-09-20T17:59:50.275+0800][323.759s][info][gc,phases   ] GC(17)   Other: 0.20ms
[2026-09-20T17:59:50.275+0800][323.759s][info][gc,heap     ] GC(17) Eden regions: 583->0(583)
[2026-09-20T17:59:50.275+0800][323.759s][info][gc,heap     ] GC(17) Survivor regions: 31->31(77)
[2026-09-20T17:59:50.275+0800][323.759s][info][gc,heap     ] GC(17) Old regions: 15->15
[2026-09-20T17:59:50.275+0800][323.759s][info][gc,heap     ] GC(17) Archive regions: 0->0
[2026-09-20T17:59:50.275+0800][323.759s][info][gc,heap     ] GC(17) Humongous regions: 2->2
[2026-09-20T17:59:50.275+0800][323.759s][info][gc,metaspace] GC(17) Metaspace: 103516K(104256K)->103516K(104256K) NonClass: 91056K(91392K)->91056K(91392K) Class: 12460K(12864K)->12460K(12864K)
[2026-09-20T17:59:50.275+0800][323.759s][info][gc          ] GC(17) Pause Young (Normal) (G1 Evacuation Pause) 630M->47M(1024M) 8.628ms
[2026-09-20T17:59:50.275+0800][323.759s][info][gc,cpu      ] GC(17) User=0.02s Sys=0.00s Real=0.01s
[2026-09-20T17:59:55.890+0800][329.374s][info][gc,start    ] GC(18) Pause Young (Normal) (G1 Evacuation Pause)
[2026-09-20T17:59:55.890+0800][329.374s][info][gc,task     ] GC(18) Using 13 workers of 13 for evacuation
[2026-09-20T17:59:55.899+0800][329.382s][info][gc,phases   ] GC(18)   Pre Evacuate Collection Set: 0.11ms
[2026-09-20T17:59:55.899+0800][329.382s][info][gc,phases   ] GC(18)   Merge Heap Roots: 0.08ms
[2026-09-20T17:59:55.899+0800][329.382s][info][gc,phases   ] GC(18)   Evacuate Collection Set: 6.36ms
[2026-09-20T17:59:55.899+0800][329.382s][info][gc,phases   ] GC(18)   Post Evacuate Collection Set: 1.17ms
[2026-09-20T17:59:55.899+0800][329.382s][info][gc,phases   ] GC(18)   Other: 0.22ms
[2026-09-20T17:59:55.899+0800][329.382s][info][gc,heap     ] GC(18) Eden regions: 583->0(582)
[2026-09-20T17:59:55.899+0800][329.382s][info][gc,heap     ] GC(18) Survivor regions: 31->32(77)
[2026-09-20T17:59:55.899+0800][329.382s][info][gc,heap     ] GC(18) Old regions: 15->15
[2026-09-20T17:59:55.899+0800][329.382s][info][gc,heap     ] GC(18) Archive regions: 0->0
[2026-09-20T17:59:55.899+0800][329.382s][info][gc,heap     ] GC(18) Humongous regions: 2->2
[2026-09-20T17:59:55.899+0800][329.382s][info][gc,metaspace] GC(18) Metaspace: 103521K(104256K)->103521K(104256K) NonClass: 91061K(91392K)->91061K(91392K) Class: 12460K(12864K)->12460K(12864K)
[2026-09-20T17:59:55.899+0800][329.382s][info][gc          ] GC(18) Pause Young (Normal) (G1 Evacuation Pause) 630M->48M(1024M) 8.066ms
[2026-09-20T17:59:55.899+0800][329.382s][info][gc,cpu      ] GC(18) User=0.00s Sys=0.00s Real=0.01s
[2026-09-20T18:01:20.718+0800][414.202s][info][gc,start    ] GC(19) Pause Young (Normal) (G1 Evacuation Pause)
[2026-09-20T18:01:20.718+0800][414.202s][info][gc,task     ] GC(19) Using 13 workers of 13 for evacuation
[2026-09-20T18:01:20.727+0800][414.210s][info][gc,phases   ] GC(19)   Pre Evacuate Collection Set: 0.11ms
[2026-09-20T18:01:20.727+0800][414.210s][info][gc,phases   ] GC(19)   Merge Heap Roots: 0.12ms
[2026-09-20T18:01:20.727+0800][414.210s][info][gc,phases   ] GC(19)   Evacuate Collection Set: 6.57ms
[2026-09-20T18:01:20.727+0800][414.210s][info][gc,phases   ] GC(19)   Post Evacuate Collection Set: 1.05ms
[2026-09-20T18:01:20.727+0800][414.210s][info][gc,phases   ] GC(19)   Other: 0.19ms
[2026-09-20T18:01:20.727+0800][414.210s][info][gc,heap     ] GC(19) Eden regions: 582->0(584)
[2026-09-20T18:01:20.727+0800][414.210s][info][gc,heap     ] GC(19) Survivor regions: 32->30(77)
[2026-09-20T18:01:20.727+0800][414.210s][info][gc,heap     ] GC(19) Old regions: 15->15
[2026-09-20T18:01:20.727+0800][414.210s][info][gc,heap     ] GC(19) Archive regions: 0->0
[2026-09-20T18:01:20.727+0800][414.210s][info][gc,heap     ] GC(19) Humongous regions: 2->2
[2026-09-20T18:01:20.727+0800][414.210s][info][gc,metaspace] GC(19) Metaspace: 103584K(104384K)->103584K(104384K) NonClass: 91121K(91520K)->91121K(91520K) Class: 12463K(12864K)->12463K(12864K)
[2026-09-20T18:01:20.727+0800][414.210s][info][gc          ] GC(19) Pause Young (Normal) (G1 Evacuation Pause) 630M->45M(1024M) 8.186ms
[2026-09-20T18:01:20.727+0800][414.210s][info][gc,cpu      ] GC(19) User=0.00s Sys=0.00s Real=0.01s
[2026-09-20T18:18:13.356+0800][1426.840s][info][gc,start    ] GC(20) Pause Young (Normal) (G1 Evacuation Pause)
[2026-09-20T18:18:13.356+0800][1426.840s][info][gc,task     ] GC(20) Using 13 workers of 13 for evacuation
[2026-09-20T18:18:13.370+0800][1426.854s][info][gc,phases   ] GC(20)   Pre Evacuate Collection Set: 0.14ms
[2026-09-20T18:18:13.370+0800][1426.854s][info][gc,phases   ] GC(20)   Merge Heap Roots: 0.11ms
[2026-09-20T18:18:13.370+0800][1426.854s][info][gc,phases   ] GC(20)   Evacuate Collection Set: 11.68ms
[2026-09-20T18:18:13.370+0800][1426.854s][info][gc,phases   ] GC(20)   Post Evacuate Collection Set: 1.65ms
[2026-09-20T18:18:13.370+0800][1426.854s][info][gc,phases   ] GC(20)   Other: 0.26ms
[2026-09-20T18:18:13.370+0800][1426.854s][info][gc,heap     ] GC(20) Eden regions: 584->0(576)
[2026-09-20T18:18:13.370+0800][1426.854s][info][gc,heap     ] GC(20) Survivor regions: 30->38(77)
[2026-09-20T18:18:13.370+0800][1426.854s][info][gc,heap     ] GC(20) Old regions: 15->15
[2026-09-20T18:18:13.370+0800][1426.854s][info][gc,heap     ] GC(20) Archive regions: 0->0
[2026-09-20T18:18:13.370+0800][1426.854s][info][gc,heap     ] GC(20) Humongous regions: 2->2
[2026-09-20T18:18:13.370+0800][1426.854s][info][gc,metaspace] GC(20) Metaspace: 104374K(105216K)->104374K(105216K) NonClass: 91845K(92288K)->91845K(92288K) Class: 12529K(12928K)->12529K(12928K)
[2026-09-20T18:18:13.370+0800][1426.854s][info][gc          ] GC(20) Pause Young (Normal) (G1 Evacuation Pause) 629M->54M(1024M) 14.011ms
[2026-09-20T18:18:13.370+0800][1426.854s][info][gc,cpu      ] GC(20) User=0.03s Sys=0.00s Real=0.01s
[2026-09-20T18:24:55.999+0800][1829.482s][info][gc,start    ] GC(21) Pause Young (Normal) (G1 Evacuation Pause)
[2026-09-20T18:24:55.999+0800][1829.482s][info][gc,task     ] GC(21) Using 13 workers of 13 for evacuation
[2026-09-20T18:24:56.010+0800][1829.494s][info][gc,phases   ] GC(21)   Pre Evacuate Collection Set: 0.18ms
[2026-09-20T18:24:56.010+0800][1829.494s][info][gc,phases   ] GC(21)   Merge Heap Roots: 0.10ms
[2026-09-20T18:24:56.010+0800][1829.494s][info][gc,phases   ] GC(21)   Evacuate Collection Set: 9.65ms
[2026-09-20T18:24:56.010+0800][1829.494s][info][gc,phases   ] GC(21)   Post Evacuate Collection Set: 1.34ms
[2026-09-20T18:24:56.010+0800][1829.494s][info][gc,phases   ] GC(21)   Other: 0.33ms
[2026-09-20T18:24:56.011+0800][1829.494s][info][gc,heap     ] GC(21) Eden regions: 576->0(575)
[2026-09-20T18:24:56.011+0800][1829.494s][info][gc,heap     ] GC(21) Survivor regions: 38->39(77)
[2026-09-20T18:24:56.011+0800][1829.494s][info][gc,heap     ] GC(21) Old regions: 15->15
[2026-09-20T18:24:56.011+0800][1829.494s][info][gc,heap     ] GC(21) Archive regions: 0->0
[2026-09-20T18:24:56.011+0800][1829.494s][info][gc,heap     ] GC(21) Humongous regions: 2->2
[2026-09-20T18:24:56.011+0800][1829.494s][info][gc,metaspace] GC(21) Metaspace: 107402K(108224K)->107402K(108224K) NonClass: 94570K(94976K)->94570K(94976K) Class: 12832K(13248K)->12832K(13248K)
[2026-09-20T18:24:56.011+0800][1829.494s][info][gc          ] GC(21) Pause Young (Normal) (G1 Evacuation Pause) 630M->55M(1024M) 11.785ms
[2026-09-20T18:24:56.011+0800][1829.494s][info][gc,cpu      ] GC(21) User=0.22s Sys=0.00s Real=0.01s
[2026-09-20T18:30:57.326+0800][2190.809s][info][gc,start    ] GC(22) Pause Young (Normal) (G1 Evacuation Pause)
[2026-09-20T18:30:57.326+0800][2190.809s][info][gc,task     ] GC(22) Using 13 workers of 13 for evacuation
[2026-09-20T18:30:57.343+0800][2190.827s][info][gc,phases   ] GC(22)   Pre Evacuate Collection Set: 0.32ms
[2026-09-20T18:30:57.343+0800][2190.827s][info][gc,phases   ] GC(22)   Merge Heap Roots: 0.25ms
[2026-09-20T18:30:57.343+0800][2190.827s][info][gc,phases   ] GC(22)   Evacuate Collection Set: 14.39ms
[2026-09-20T18:30:57.343+0800][2190.827s][info][gc,phases   ] GC(22)   Post Evacuate Collection Set: 2.09ms
[2026-09-20T18:30:57.343+0800][2190.827s][info][gc,phases   ] GC(22)   Other: 0.42ms
[2026-09-20T18:30:57.343+0800][2190.827s][info][gc,heap     ] GC(22) Eden regions: 575->0(570)
[2026-09-20T18:30:57.343+0800][2190.827s][info][gc,heap     ] GC(22) Survivor regions: 39->44(77)
[2026-09-20T18:30:57.343+0800][2190.827s][info][gc,heap     ] GC(22) Old regions: 15->15
[2026-09-20T18:30:57.343+0800][2190.827s][info][gc,heap     ] GC(22) Archive regions: 0->0
[2026-09-20T18:30:57.343+0800][2190.827s][info][gc,heap     ] GC(22) Humongous regions: 2->2
[2026-09-20T18:30:57.343+0800][2190.827s][info][gc,metaspace] GC(22) Metaspace: 108956K(109888K)->108956K(109888K) NonClass: 96042K(96512K)->96042K(96512K) Class: 12914K(13376K)->12914K(13376K)
[2026-09-20T18:30:57.343+0800][2190.827s][info][gc          ] GC(22) Pause Young (Normal) (G1 Evacuation Pause) 630M->60M(1024M) 17.637ms
[2026-09-20T18:30:57.343+0800][2190.827s][info][gc,cpu      ] GC(22) User=0.16s Sys=0.02s Real=0.02s
[2026-09-20T18:41:37.741+0800][2831.224s][info][gc,start    ] GC(23) Pause Young (Normal) (G1 Evacuation Pause)
[2026-09-20T18:41:37.741+0800][2831.224s][info][gc,task     ] GC(23) Using 13 workers of 13 for evacuation
[2026-09-20T18:41:37.757+0800][2831.240s][info][gc,phases   ] GC(23)   Pre Evacuate Collection Set: 0.27ms
[2026-09-20T18:41:37.757+0800][2831.240s][info][gc,phases   ] GC(23)   Merge Heap Roots: 0.12ms
[2026-09-20T18:41:37.757+0800][2831.240s][info][gc,phases   ] GC(23)   Evacuate Collection Set: 12.97ms
[2026-09-20T18:41:37.757+0800][2831.240s][info][gc,phases   ] GC(23)   Post Evacuate Collection Set: 2.30ms
[2026-09-20T18:41:37.757+0800][2831.240s][info][gc,phases   ] GC(23)   Other: 0.36ms
[2026-09-20T18:41:37.757+0800][2831.240s][info][gc,heap     ] GC(23) Eden regions: 570->0(576)
[2026-09-20T18:41:37.757+0800][2831.240s][info][gc,heap     ] GC(23) Survivor regions: 44->38(77)
[2026-09-20T18:41:37.757+0800][2831.240s][info][gc,heap     ] GC(23) Old regions: 15->26
[2026-09-20T18:41:37.757+0800][2831.240s][info][gc,heap     ] GC(23) Archive regions: 0->0
[2026-09-20T18:41:37.757+0800][2831.240s][info][gc,heap     ] GC(23) Humongous regions: 2->2
[2026-09-20T18:41:37.757+0800][2831.240s][info][gc,metaspace] GC(23) Metaspace: 109318K(110144K)->109318K(110144K) NonClass: 96385K(96768K)->96385K(96768K) Class: 12933K(13376K)->12933K(13376K)
[2026-09-20T18:41:37.757+0800][2831.240s][info][gc          ] GC(23) Pause Young (Normal) (G1 Evacuation Pause) 630M->65M(1024M) 16.178ms
[2026-09-20T18:41:37.757+0800][2831.240s][info][gc,cpu      ] GC(23) User=0.17s Sys=0.03s Real=0.02s
[2026-09-20T19:04:08.216+0800][4181.700s][info][gc,start    ] GC(24) Pause Young (Normal) (G1 Evacuation Pause)
[2026-09-20T19:04:08.216+0800][4181.700s][info][gc,task     ] GC(24) Using 13 workers of 13 for evacuation
[2026-09-20T19:04:08.237+0800][4181.721s][info][gc,phases   ] GC(24)   Pre Evacuate Collection Set: 0.77ms
[2026-09-20T19:04:08.237+0800][4181.721s][info][gc,phases   ] GC(24)   Merge Heap Roots: 0.34ms
[2026-09-20T19:04:08.237+0800][4181.721s][info][gc,phases   ] GC(24)   Evacuate Collection Set: 16.99ms
[2026-09-20T19:04:08.237+0800][4181.721s][info][gc,phases   ] GC(24)   Post Evacuate Collection Set: 2.08ms
[2026-09-20T19:04:08.237+0800][4181.721s][info][gc,phases   ] GC(24)   Other: 0.52ms
[2026-09-20T19:04:08.237+0800][4181.721s][info][gc,heap     ] GC(24) Eden regions: 576->0(595)
[2026-09-20T19:04:08.237+0800][4181.721s][info][gc,heap     ] GC(24) Survivor regions: 38->19(77)
[2026-09-20T19:04:08.237+0800][4181.721s][info][gc,heap     ] GC(24) Old regions: 26->39
[2026-09-20T19:04:08.237+0800][4181.721s][info][gc,heap     ] GC(24) Archive regions: 0->0
[2026-09-20T19:04:08.237+0800][4181.721s][info][gc,heap     ] GC(24) Humongous regions: 2->2
[2026-09-20T19:04:08.237+0800][4181.721s][info][gc,metaspace] GC(24) Metaspace: 109603K(110464K)->109603K(110464K) NonClass: 96663K(97088K)->96663K(97088K) Class: 12939K(13376K)->12939K(13376K)
[2026-09-20T19:04:08.237+0800][4181.721s][info][gc          ] GC(24) Pause Young (Normal) (G1 Evacuation Pause) 641M->59M(1024M) 20.846ms
[2026-09-20T19:04:08.237+0800][4181.721s][info][gc,cpu      ] GC(24) User=0.14s Sys=0.06s Real=0.02s
[2026-09-20T19:05:20.942+0800][4254.426s][info][gc,start    ] GC(25) Pause Young (Normal) (G1 Evacuation Pause)
[2026-09-20T19:05:20.942+0800][4254.426s][info][gc,task     ] GC(25) Using 13 workers of 13 for evacuation
[2026-09-20T19:05:20.947+0800][4254.430s][info][gc,phases   ] GC(25)   Pre Evacuate Collection Set: 0.10ms
[2026-09-20T19:05:20.947+0800][4254.431s][info][gc,phases   ] GC(25)   Merge Heap Roots: 0.13ms
[2026-09-20T19:05:20.947+0800][4254.431s][info][gc,phases   ] GC(25)   Evacuate Collection Set: 3.05ms
[2026-09-20T19:05:20.947+0800][4254.431s][info][gc,phases   ] GC(25)   Post Evacuate Collection Set: 1.13ms
[2026-09-20T19:05:20.947+0800][4254.431s][info][gc,phases   ] GC(25)   Other: 0.19ms
[2026-09-20T19:05:20.947+0800][4254.431s][info][gc,heap     ] GC(25) Eden regions: 595->0(597)
[2026-09-20T19:05:20.947+0800][4254.431s][info][gc,heap     ] GC(25) Survivor regions: 19->17(77)
[2026-09-20T19:05:20.947+0800][4254.431s][info][gc,heap     ] GC(25) Old regions: 39->42
[2026-09-20T19:05:20.947+0800][4254.431s][info][gc,heap     ] GC(25) Archive regions: 0->0
[2026-09-20T19:05:20.947+0800][4254.431s][info][gc,heap     ] GC(25) Humongous regions: 2->2
[2026-09-20T19:05:20.947+0800][4254.431s][info][gc,metaspace] GC(25) Metaspace: 109603K(110464K)->109603K(110464K) NonClass: 96664K(97088K)->96664K(97088K) Class: 12939K(13376K)->12939K(13376K)
[2026-09-20T19:05:20.947+0800][4254.431s][info][gc          ] GC(25) Pause Young (Normal) (G1 Evacuation Pause) 654M->60M(1024M) 4.780ms
[2026-09-20T19:05:20.947+0800][4254.431s][info][gc,cpu      ] GC(25) User=0.05s Sys=0.00s Real=0.01s
[2026-09-20T19:05:27.281+0800][4260.765s][info][gc,start    ] GC(26) Pause Young (Normal) (G1 Evacuation Pause)
[2026-09-20T19:05:27.281+0800][4260.765s][info][gc,task     ] GC(26) Using 13 workers of 13 for evacuation
[2026-09-20T19:05:27.285+0800][4260.768s][info][gc,phases   ] GC(26)   Pre Evacuate Collection Set: 0.10ms
[2026-09-20T19:05:27.285+0800][4260.768s][info][gc,phases   ] GC(26)   Merge Heap Roots: 0.08ms
[2026-09-20T19:05:27.285+0800][4260.768s][info][gc,phases   ] GC(26)   Evacuate Collection Set: 2.29ms
[2026-09-20T19:05:27.285+0800][4260.768s][info][gc,phases   ] GC(26)   Post Evacuate Collection Set: 0.91ms
[2026-09-20T19:05:27.285+0800][4260.768s][info][gc,phases   ] GC(26)   Other: 0.20ms
[2026-09-20T19:05:27.285+0800][4260.768s][info][gc,heap     ] GC(26) Eden regions: 597->0(597)
[2026-09-20T19:05:27.285+0800][4260.768s][info][gc,heap     ] GC(26) Survivor regions: 17->17(77)
[2026-09-20T19:05:27.285+0800][4260.768s][info][gc,heap     ] GC(26) Old regions: 42->43
[2026-09-20T19:05:27.285+0800][4260.768s][info][gc,heap     ] GC(26) Archive regions: 0->0
[2026-09-20T19:05:27.285+0800][4260.768s][info][gc,heap     ] GC(26) Humongous regions: 2->2
[2026-09-20T19:05:27.285+0800][4260.768s][info][gc,metaspace] GC(26) Metaspace: 109603K(110464K)->109603K(110464K) NonClass: 96664K(97088K)->96664K(97088K) Class: 12939K(13376K)->12939K(13376K)
[2026-09-20T19:05:27.285+0800][4260.768s][info][gc          ] GC(26) Pause Young (Normal) (G1 Evacuation Pause) 657M->60M(1024M) 3.755ms
[2026-09-20T19:05:27.285+0800][4260.768s][info][gc,cpu      ] GC(26) User=0.00s Sys=0.00s Real=0.00s
[2026-09-20T19:05:33.391+0800][4266.874s][info][gc,start    ] GC(27) Pause Young (Normal) (G1 Evacuation Pause)
[2026-09-20T19:05:33.391+0800][4266.874s][info][gc,task     ] GC(27) Using 13 workers of 13 for evacuation
[2026-09-20T19:05:33.394+0800][4266.877s][info][gc,phases   ] GC(27)   Pre Evacuate Collection Set: 0.09ms
[2026-09-20T19:05:33.394+0800][4266.877s][info][gc,phases   ] GC(27)   Merge Heap Roots: 0.07ms
[2026-09-20T19:05:33.394+0800][4266.877s][info][gc,phases   ] GC(27)   Evacuate Collection Set: 1.87ms
[2026-09-20T19:05:33.394+0800][4266.877s][info][gc,phases   ] GC(27)   Post Evacuate Collection Set: 0.78ms
[2026-09-20T19:05:33.394+0800][4266.877s][info][gc,phases   ] GC(27)   Other: 0.19ms
[2026-09-20T19:05:33.394+0800][4266.877s][info][gc,heap     ] GC(27) Eden regions: 597->0(597)
[2026-09-20T19:05:33.394+0800][4266.877s][info][gc,heap     ] GC(27) Survivor regions: 17->17(77)
[2026-09-20T19:05:33.394+0800][4266.877s][info][gc,heap     ] GC(27) Old regions: 43->43
[2026-09-20T19:05:33.394+0800][4266.877s][info][gc,heap     ] GC(27) Archive regions: 0->0
[2026-09-20T19:05:33.394+0800][4266.877s][info][gc,heap     ] GC(27) Humongous regions: 2->2
[2026-09-20T19:05:33.394+0800][4266.878s][info][gc,metaspace] GC(27) Metaspace: 109604K(110464K)->109604K(110464K) NonClass: 96665K(97088K)->96665K(97088K) Class: 12939K(13376K)->12939K(13376K)
[2026-09-20T19:05:33.394+0800][4266.878s][info][gc          ] GC(27) Pause Young (Normal) (G1 Evacuation Pause) 657M->60M(1024M) 3.201ms
[2026-09-20T19:05:33.394+0800][4266.878s][info][gc,cpu      ] GC(27) User=0.00s Sys=0.00s Real=0.00s
[2026-09-20T19:05:39.323+0800][4272.806s][info][gc,start    ] GC(28) Pause Young (Normal) (G1 Evacuation Pause)
[2026-09-20T19:05:39.323+0800][4272.806s][info][gc,task     ] GC(28) Using 13 workers of 13 for evacuation
[2026-09-20T19:05:39.326+0800][4272.809s][info][gc,phases   ] GC(28)   Pre Evacuate Collection Set: 0.09ms
[2026-09-20T19:05:39.326+0800][4272.809s][info][gc,phases   ] GC(28)   Merge Heap Roots: 0.10ms
[2026-09-20T19:05:39.326+0800][4272.809s][info][gc,phases   ] GC(28)   Evacuate Collection Set: 1.80ms
[2026-09-20T19:05:39.326+0800][4272.809s][info][gc,phases   ] GC(28)   Post Evacuate Collection Set: 0.62ms
[2026-09-20T19:05:39.326+0800][4272.809s][info][gc,phases   ] GC(28)   Other: 0.18ms
[2026-09-20T19:05:39.326+0800][4272.809s][info][gc,heap     ] GC(28) Eden regions: 597->0(597)
[2026-09-20T19:05:39.326+0800][4272.809s][info][gc,heap     ] GC(28) Survivor regions: 17->17(77)
[2026-09-20T19:05:39.326+0800][4272.809s][info][gc,heap     ] GC(28) Old regions: 43->43
[2026-09-20T19:05:39.326+0800][4272.809s][info][gc,heap     ] GC(28) Archive regions: 0->0
[2026-09-20T19:05:39.326+0800][4272.809s][info][gc,heap     ] GC(28) Humongous regions: 2->2
[2026-09-20T19:05:39.326+0800][4272.809s][info][gc,metaspace] GC(28) Metaspace: 109604K(110464K)->109604K(110464K) NonClass: 96665K(97088K)->96665K(97088K) Class: 12939K(13376K)->12939K(13376K)
[2026-09-20T19:05:39.326+0800][4272.809s][info][gc          ] GC(28) Pause Young (Normal) (G1 Evacuation Pause) 657M->60M(1024M) 2.962ms
[2026-09-20T19:05:39.326+0800][4272.809s][info][gc,cpu      ] GC(28) User=0.00s Sys=0.00s Real=0.00s
[2026-09-20T19:05:45.181+0800][4278.664s][info][gc,start    ] GC(29) Pause Young (Normal) (G1 Evacuation Pause)
[2026-09-20T19:05:45.181+0800][4278.664s][info][gc,task     ] GC(29) Using 13 workers of 13 for evacuation
[2026-09-20T19:05:45.184+0800][4278.667s][info][gc,phases   ] GC(29)   Pre Evacuate Collection Set: 0.08ms
[2026-09-20T19:05:45.184+0800][4278.667s][info][gc,phases   ] GC(29)   Merge Heap Roots: 0.07ms
[2026-09-20T19:05:45.184+0800][4278.667s][info][gc,phases   ] GC(29)   Evacuate Collection Set: 1.89ms
[2026-09-20T19:05:45.184+0800][4278.667s][info][gc,phases   ] GC(29)   Post Evacuate Collection Set: 0.87ms
[2026-09-20T19:05:45.184+0800][4278.667s][info][gc,phases   ] GC(29)   Other: 0.30ms
[2026-09-20T19:05:45.184+0800][4278.667s][info][gc,heap     ] GC(29) Eden regions: 597->0(597)
[2026-09-20T19:05:45.184+0800][4278.667s][info][gc,heap     ] GC(29) Survivor regions: 17->17(77)
[2026-09-20T19:05:45.184+0800][4278.668s][info][gc,heap     ] GC(29) Old regions: 43->43
[2026-09-20T19:05:45.184+0800][4278.668s][info][gc,heap     ] GC(29) Archive regions: 0->0
[2026-09-20T19:05:45.184+0800][4278.668s][info][gc,heap     ] GC(29) Humongous regions: 2->2
[2026-09-20T19:05:45.184+0800][4278.668s][info][gc,metaspace] GC(29) Metaspace: 109604K(110464K)->109604K(110464K) NonClass: 96665K(97088K)->96665K(97088K) Class: 12939K(13376K)->12939K(13376K)
[2026-09-20T19:05:45.184+0800][4278.668s][info][gc          ] GC(29) Pause Young (Normal) (G1 Evacuation Pause) 657M->61M(1024M) 3.378ms
[2026-09-20T19:05:45.184+0800][4278.668s][info][gc,cpu      ] GC(29) User=0.00s Sys=0.00s Real=0.00s
[2026-09-20T19:05:50.990+0800][4284.474s][info][gc,start    ] GC(30) Pause Young (Normal) (G1 Evacuation Pause)
[2026-09-20T19:05:50.990+0800][4284.474s][info][gc,task     ] GC(30) Using 13 workers of 13 for evacuation
[2026-09-20T19:05:50.993+0800][4284.477s][info][gc,phases   ] GC(30)   Pre Evacuate Collection Set: 0.09ms
[2026-09-20T19:05:50.993+0800][4284.477s][info][gc,phases   ] GC(30)   Merge Heap Roots: 0.08ms
[2026-09-20T19:05:50.993+0800][4284.477s][info][gc,phases   ] GC(30)   Evacuate Collection Set: 1.82ms
[2026-09-20T19:05:50.993+0800][4284.477s][info][gc,phases   ] GC(30)   Post Evacuate Collection Set: 0.71ms
[2026-09-20T19:05:50.993+0800][4284.477s][info][gc,phases   ] GC(30)   Other: 0.22ms
[2026-09-20T19:05:50.993+0800][4284.477s][info][gc,heap     ] GC(30) Eden regions: 597->0(597)
[2026-09-20T19:05:50.993+0800][4284.477s][info][gc,heap     ] GC(30) Survivor regions: 17->17(77)
[2026-09-20T19:05:50.993+0800][4284.477s][info][gc,heap     ] GC(30) Old regions: 43->43
[2026-09-20T19:05:50.993+0800][4284.477s][info][gc,heap     ] GC(30) Archive regions: 0->0
[2026-09-20T19:05:50.993+0800][4284.477s][info][gc,heap     ] GC(30) Humongous regions: 2->2
[2026-09-20T19:05:50.993+0800][4284.477s][info][gc,metaspace] GC(30) Metaspace: 109604K(110464K)->109604K(110464K) NonClass: 96665K(97088K)->96665K(97088K) Class: 12939K(13376K)->12939K(13376K)
[2026-09-20T19:05:50.993+0800][4284.477s][info][gc          ] GC(30) Pause Young (Normal) (G1 Evacuation Pause) 658M->61M(1024M) 3.093ms
[2026-09-20T19:05:50.993+0800][4284.477s][info][gc,cpu      ] GC(30) User=0.02s Sys=0.00s Real=0.00s
[2026-09-20T19:05:56.763+0800][4290.246s][info][gc,start    ] GC(31) Pause Young (Normal) (G1 Evacuation Pause)
[2026-09-20T19:05:56.763+0800][4290.246s][info][gc,task     ] GC(31) Using 13 workers of 13 for evacuation
[2026-09-20T19:05:56.765+0800][4290.248s][info][gc,phases   ] GC(31)   Pre Evacuate Collection Set: 0.09ms
[2026-09-20T19:05:56.765+0800][4290.249s][info][gc,phases   ] GC(31)   Merge Heap Roots: 0.09ms
[2026-09-20T19:05:56.765+0800][4290.249s][info][gc,phases   ] GC(31)   Evacuate Collection Set: 1.90ms
[2026-09-20T19:05:56.765+0800][4290.249s][info][gc,phases   ] GC(31)   Post Evacuate Collection Set: 0.58ms
[2026-09-20T19:05:56.765+0800][4290.249s][info][gc,phases   ] GC(31)   Other: 0.17ms
[2026-09-20T19:05:56.765+0800][4290.249s][info][gc,heap     ] GC(31) Eden regions: 597->0(597)
[2026-09-20T19:05:56.765+0800][4290.249s][info][gc,heap     ] GC(31) Survivor regions: 17->17(77)
[2026-09-20T19:05:56.765+0800][4290.249s][info][gc,heap     ] GC(31) Old regions: 43->43
[2026-09-20T19:05:56.765+0800][4290.249s][info][gc,heap     ] GC(31) Archive regions: 0->0
[2026-09-20T19:05:56.765+0800][4290.249s][info][gc,heap     ] GC(31) Humongous regions: 2->2
[2026-09-20T19:05:56.765+0800][4290.249s][info][gc,metaspace] GC(31) Metaspace: 109604K(110464K)->109604K(110464K) NonClass: 96665K(97088K)->96665K(97088K) Class: 12939K(13376K)->12939K(13376K)
[2026-09-20T19:05:56.765+0800][4290.249s][info][gc          ] GC(31) Pause Young (Normal) (G1 Evacuation Pause) 658M->60M(1024M) 2.938ms
[2026-09-20T19:05:56.765+0800][4290.249s][info][gc,cpu      ] GC(31) User=0.00s Sys=0.00s Real=0.00s
[2026-09-20T19:06:02.574+0800][4296.057s][info][gc,start    ] GC(32) Pause Young (Normal) (G1 Evacuation Pause)
[2026-09-20T19:06:02.574+0800][4296.057s][info][gc,task     ] GC(32) Using 13 workers of 13 for evacuation
[2026-09-20T19:06:02.577+0800][4296.060s][info][gc,phases   ] GC(32)   Pre Evacuate Collection Set: 0.09ms
[2026-09-20T19:06:02.577+0800][4296.060s][info][gc,phases   ] GC(32)   Merge Heap Roots: 0.08ms
[2026-09-20T19:06:02.577+0800][4296.060s][info][gc,phases   ] GC(32)   Evacuate Collection Set: 1.79ms
[2026-09-20T19:06:02.577+0800][4296.060s][info][gc,phases   ] GC(32)   Post Evacuate Collection Set: 0.76ms
[2026-09-20T19:06:02.577+0800][4296.060s][info][gc,phases   ] GC(32)   Other: 0.16ms
[2026-09-20T19:06:02.577+0800][4296.060s][info][gc,heap     ] GC(32) Eden regions: 597->0(598)
[2026-09-20T19:06:02.577+0800][4296.060s][info][gc,heap     ] GC(32) Survivor regions: 17->16(77)
[2026-09-20T19:06:02.577+0800][4296.060s][info][gc,heap     ] GC(32) Old regions: 43->43
[2026-09-20T19:06:02.577+0800][4296.060s][info][gc,heap     ] GC(32) Archive regions: 0->0
[2026-09-20T19:06:02.577+0800][4296.060s][info][gc,heap     ] GC(32) Humongous regions: 2->2
[2026-09-20T19:06:02.577+0800][4296.060s][info][gc,metaspace] GC(32) Metaspace: 109617K(110464K)->109617K(110464K) NonClass: 96677K(97088K)->96677K(97088K) Class: 12939K(13376K)->12939K(13376K)
[2026-09-20T19:06:02.577+0800][4296.060s][info][gc          ] GC(32) Pause Young (Normal) (G1 Evacuation Pause) 657M->60M(1024M) 2.994ms
[2026-09-20T19:06:02.577+0800][4296.060s][info][gc,cpu      ] GC(32) User=0.00s Sys=0.00s Real=0.00s
[2026-09-20T19:06:08.255+0800][4301.739s][info][gc,start    ] GC(33) Pause Young (Normal) (G1 Evacuation Pause)
[2026-09-20T19:06:08.255+0800][4301.739s][info][gc,task     ] GC(33) Using 13 workers of 13 for evacuation
[2026-09-20T19:06:08.258+0800][4301.742s][info][gc,phases   ] GC(33)   Pre Evacuate Collection Set: 0.08ms
[2026-09-20T19:06:08.258+0800][4301.742s][info][gc,phases   ] GC(33)   Merge Heap Roots: 0.07ms
[2026-09-20T19:06:08.258+0800][4301.742s][info][gc,phases   ] GC(33)   Evacuate Collection Set: 1.87ms
[2026-09-20T19:06:08.258+0800][4301.742s][info][gc,phases   ] GC(33)   Post Evacuate Collection Set: 0.92ms
[2026-09-20T19:06:08.258+0800][4301.742s][info][gc,phases   ] GC(33)   Other: 0.15ms
[2026-09-20T19:06:08.258+0800][4301.742s][info][gc,heap     ] GC(33) Eden regions: 598->0(597)
[2026-09-20T19:06:08.258+0800][4301.742s][info][gc,heap     ] GC(33) Survivor regions: 16->17(77)
[2026-09-20T19:06:08.258+0800][4301.742s][info][gc,heap     ] GC(33) Old regions: 43->43
[2026-09-20T19:06:08.258+0800][4301.742s][info][gc,heap     ] GC(33) Archive regions: 0->0
[2026-09-20T19:06:08.258+0800][4301.742s][info][gc,heap     ] GC(33) Humongous regions: 2->2
[2026-09-20T19:06:08.258+0800][4301.742s][info][gc,metaspace] GC(33) Metaspace: 109619K(110464K)->109619K(110464K) NonClass: 96680K(97088K)->96680K(97088K) Class: 12939K(13376K)->12939K(13376K)
[2026-09-20T19:06:08.258+0800][4301.742s][info][gc          ] GC(33) Pause Young (Normal) (G1 Evacuation Pause) 658M->60M(1024M) 3.331ms
[2026-09-20T19:06:08.258+0800][4301.742s][info][gc,cpu      ] GC(33) User=0.00s Sys=0.00s Real=0.00s
[2026-09-20T19:06:13.931+0800][4307.415s][info][gc,start    ] GC(34) Pause Young (Normal) (G1 Evacuation Pause)
[2026-09-20T19:06:13.931+0800][4307.415s][info][gc,task     ] GC(34) Using 13 workers of 13 for evacuation
[2026-09-20T19:06:13.934+0800][4307.418s][info][gc,phases   ] GC(34)   Pre Evacuate Collection Set: 0.12ms
[2026-09-20T19:06:13.934+0800][4307.418s][info][gc,phases   ] GC(34)   Merge Heap Roots: 0.09ms
[2026-09-20T19:06:13.935+0800][4307.418s][info][gc,phases   ] GC(34)   Evacuate Collection Set: 2.01ms
[2026-09-20T19:06:13.935+0800][4307.418s][info][gc,phases   ] GC(34)   Post Evacuate Collection Set: 0.79ms
[2026-09-20T19:06:13.935+0800][4307.418s][info][gc,phases   ] GC(34)   Other: 0.20ms
[2026-09-20T19:06:13.935+0800][4307.418s][info][gc,heap     ] GC(34) Eden regions: 597->0(597)
[2026-09-20T19:06:13.935+0800][4307.418s][info][gc,heap     ] GC(34) Survivor regions: 17->17(77)
[2026-09-20T19:06:13.935+0800][4307.418s][info][gc,heap     ] GC(34) Old regions: 43->43
[2026-09-20T19:06:13.935+0800][4307.418s][info][gc,heap     ] GC(34) Archive regions: 0->0
[2026-09-20T19:06:13.935+0800][4307.418s][info][gc,heap     ] GC(34) Humongous regions: 2->2
[2026-09-20T19:06:13.935+0800][4307.418s][info][gc,metaspace] GC(34) Metaspace: 109619K(110464K)->109619K(110464K) NonClass: 96680K(97088K)->96680K(97088K) Class: 12939K(13376K)->12939K(13376K)
[2026-09-20T19:06:13.935+0800][4307.418s][info][gc          ] GC(34) Pause Young (Normal) (G1 Evacuation Pause) 657M->61M(1024M) 3.329ms
[2026-09-20T19:06:13.935+0800][4307.418s][info][gc,cpu      ] GC(34) User=0.00s Sys=0.00s Real=0.00s
[2026-09-20T19:06:49.587+0800][4343.070s][info][gc,start    ] GC(35) Pause Young (Normal) (G1 Evacuation Pause)
[2026-09-20T19:06:49.587+0800][4343.070s][info][gc,task     ] GC(35) Using 13 workers of 13 for evacuation
[2026-09-20T19:06:49.590+0800][4343.073s][info][gc,phases   ] GC(35)   Pre Evacuate Collection Set: 0.11ms
[2026-09-20T19:06:49.590+0800][4343.073s][info][gc,phases   ] GC(35)   Merge Heap Roots: 0.08ms
[2026-09-20T19:06:49.590+0800][4343.073s][info][gc,phases   ] GC(35)   Evacuate Collection Set: 2.36ms
[2026-09-20T19:06:49.590+0800][4343.073s][info][gc,phases   ] GC(35)   Post Evacuate Collection Set: 0.64ms
[2026-09-20T19:06:49.590+0800][4343.073s][info][gc,phases   ] GC(35)   Other: 0.16ms
[2026-09-20T19:06:49.590+0800][4343.073s][info][gc,heap     ] GC(35) Eden regions: 597->0(604)
[2026-09-20T19:06:49.590+0800][4343.073s][info][gc,heap     ] GC(35) Survivor regions: 17->10(77)
[2026-09-20T19:06:49.590+0800][4343.073s][info][gc,heap     ] GC(35) Old regions: 43->51
[2026-09-20T19:06:49.590+0800][4343.073s][info][gc,heap     ] GC(35) Archive regions: 0->0
[2026-09-20T19:06:49.590+0800][4343.073s][info][gc,heap     ] GC(35) Humongous regions: 2->2
[2026-09-20T19:06:49.590+0800][4343.073s][info][gc,metaspace] GC(35) Metaspace: 109629K(110464K)->109629K(110464K) NonClass: 96690K(97088K)->96690K(97088K) Class: 12939K(13376K)->12939K(13376K)
[2026-09-20T19:06:49.590+0800][4343.073s][info][gc          ] GC(35) Pause Young (Normal) (G1 Evacuation Pause) 658M->61M(1024M) 3.471ms
[2026-09-20T19:06:49.590+0800][4343.073s][info][gc,cpu      ] GC(35) User=0.00s Sys=0.00s Real=0.00s
[2026-09-20T19:06:53.272+0800][4346.756s][info][gc,start    ] GC(36) Pause Young (Normal) (G1 Evacuation Pause)
[2026-09-20T19:06:53.273+0800][4346.756s][info][gc,task     ] GC(36) Using 13 workers of 13 for evacuation
[2026-09-20T19:06:53.275+0800][4346.758s][info][gc,phases   ] GC(36)   Pre Evacuate Collection Set: 0.13ms
[2026-09-20T19:06:53.275+0800][4346.758s][info][gc,phases   ] GC(36)   Merge Heap Roots: 0.10ms
[2026-09-20T19:06:53.275+0800][4346.758s][info][gc,phases   ] GC(36)   Evacuate Collection Set: 1.53ms
[2026-09-20T19:06:53.275+0800][4346.758s][info][gc,phases   ] GC(36)   Post Evacuate Collection Set: 0.62ms
[2026-09-20T19:06:53.275+0800][4346.758s][info][gc,phases   ] GC(36)   Other: 0.21ms
[2026-09-20T19:06:53.275+0800][4346.758s][info][gc,heap     ] GC(36) Eden regions: 604->0(605)
[2026-09-20T19:06:53.275+0800][4346.758s][info][gc,heap     ] GC(36) Survivor regions: 10->9(77)
[2026-09-20T19:06:53.275+0800][4346.758s][info][gc,heap     ] GC(36) Old regions: 51->52
[2026-09-20T19:06:53.275+0800][4346.758s][info][gc,heap     ] GC(36) Archive regions: 0->0
[2026-09-20T19:06:53.275+0800][4346.758s][info][gc,heap     ] GC(36) Humongous regions: 2->2
[2026-09-20T19:06:53.275+0800][4346.758s][info][gc,metaspace] GC(36) Metaspace: 109629K(110464K)->109629K(110464K) NonClass: 96690K(97088K)->96690K(97088K) Class: 12939K(13376K)->12939K(13376K)
[2026-09-20T19:06:53.275+0800][4346.758s][info][gc          ] GC(36) Pause Young (Normal) (G1 Evacuation Pause) 665M->61M(1024M) 2.723ms
[2026-09-20T19:06:53.275+0800][4346.758s][info][gc,cpu      ] GC(36) User=0.20s Sys=0.00s Real=0.00s
[2026-09-20T19:06:57.008+0800][4350.492s][info][gc,start    ] GC(37) Pause Young (Normal) (G1 Evacuation Pause)
[2026-09-20T19:06:57.008+0800][4350.492s][info][gc,task     ] GC(37) Using 13 workers of 13 for evacuation
[2026-09-20T19:06:57.010+0800][4350.493s][info][gc,phases   ] GC(37)   Pre Evacuate Collection Set: 0.07ms
[2026-09-20T19:06:57.010+0800][4350.494s][info][gc,phases   ] GC(37)   Merge Heap Roots: 0.06ms
[2026-09-20T19:06:57.010+0800][4350.494s][info][gc,phases   ] GC(37)   Evacuate Collection Set: 1.23ms
[2026-09-20T19:06:57.010+0800][4350.494s][info][gc,phases   ] GC(37)   Post Evacuate Collection Set: 0.49ms
[2026-09-20T19:06:57.010+0800][4350.494s][info][gc,phases   ] GC(37)   Other: 0.16ms
[2026-09-20T19:06:57.010+0800][4350.494s][info][gc,heap     ] GC(37) Eden regions: 605->0(608)
[2026-09-20T19:06:57.010+0800][4350.494s][info][gc,heap     ] GC(37) Survivor regions: 9->6(77)
[2026-09-20T19:06:57.010+0800][4350.494s][info][gc,heap     ] GC(37) Old regions: 52->54
[2026-09-20T19:06:57.010+0800][4350.494s][info][gc,heap     ] GC(37) Archive regions: 0->0
[2026-09-20T19:06:57.010+0800][4350.494s][info][gc,heap     ] GC(37) Humongous regions: 2->2
[2026-09-20T19:06:57.010+0800][4350.494s][info][gc,metaspace] GC(37) Metaspace: 109630K(110464K)->109630K(110464K) NonClass: 96691K(97088K)->96691K(97088K) Class: 12939K(13376K)->12939K(13376K)
[2026-09-20T19:06:57.010+0800][4350.494s][info][gc          ] GC(37) Pause Young (Normal) (G1 Evacuation Pause) 666M->61M(1024M) 2.151ms
[2026-09-20T19:06:57.010+0800][4350.494s][info][gc,cpu      ] GC(37) User=0.02s Sys=0.00s Real=0.00s
[2026-09-20T19:07:00.652+0800][4354.135s][info][gc,start    ] GC(38) Pause Young (Normal) (GCLocker Initiated GC)
[2026-09-20T19:07:00.652+0800][4354.135s][info][gc,task     ] GC(38) Using 13 workers of 13 for evacuation
[2026-09-20T19:07:00.654+0800][4354.137s][info][gc,phases   ] GC(38)   Pre Evacuate Collection Set: 0.07ms
[2026-09-20T19:07:00.654+0800][4354.137s][info][gc,phases   ] GC(38)   Merge Heap Roots: 0.07ms
[2026-09-20T19:07:00.654+0800][4354.137s][info][gc,phases   ] GC(38)   Evacuate Collection Set: 1.10ms
[2026-09-20T19:07:00.654+0800][4354.137s][info][gc,phases   ] GC(38)   Post Evacuate Collection Set: 0.45ms
[2026-09-20T19:07:00.654+0800][4354.137s][info][gc,phases   ] GC(38)   Other: 0.26ms
[2026-09-20T19:07:00.654+0800][4354.137s][info][gc,heap     ] GC(38) Eden regions: 608->0(609)
[2026-09-20T19:07:00.654+0800][4354.137s][info][gc,heap     ] GC(38) Survivor regions: 6->5(77)
[2026-09-20T19:07:00.654+0800][4354.137s][info][gc,heap     ] GC(38) Old regions: 54->56
[2026-09-20T19:07:00.654+0800][4354.137s][info][gc,heap     ] GC(38) Archive regions: 0->0
[2026-09-20T19:07:00.654+0800][4354.137s][info][gc,heap     ] GC(38) Humongous regions: 2->2
[2026-09-20T19:07:00.654+0800][4354.137s][info][gc,metaspace] GC(38) Metaspace: 109630K(110464K)->109630K(110464K) NonClass: 96691K(97088K)->96691K(97088K) Class: 12939K(13376K)->12939K(13376K)
[2026-09-20T19:07:00.654+0800][4354.137s][info][gc          ] GC(38) Pause Young (Normal) (GCLocker Initiated GC) 669M->61M(1024M) 2.085ms
[2026-09-20T19:07:00.654+0800][4354.137s][info][gc,cpu      ] GC(38) User=0.00s Sys=0.00s Real=0.00s
[2026-09-20T19:07:04.329+0800][4357.813s][info][gc,start    ] GC(39) Pause Young (Normal) (G1 Evacuation Pause)
[2026-09-20T19:07:04.329+0800][4357.813s][info][gc,task     ] GC(39) Using 13 workers of 13 for evacuation
[2026-09-20T19:07:04.331+0800][4357.814s][info][gc,phases   ] GC(39)   Pre Evacuate Collection Set: 0.11ms
[2026-09-20T19:07:04.331+0800][4357.814s][info][gc,phases   ] GC(39)   Merge Heap Roots: 0.07ms
[2026-09-20T19:07:04.331+0800][4357.814s][info][gc,phases   ] GC(39)   Evacuate Collection Set: 0.90ms
[2026-09-20T19:07:04.331+0800][4357.814s][info][gc,phases   ] GC(39)   Post Evacuate Collection Set: 0.46ms
[2026-09-20T19:07:04.331+0800][4357.814s][info][gc,phases   ] GC(39)   Other: 0.16ms
[2026-09-20T19:07:04.331+0800][4357.814s][info][gc,heap     ] GC(39) Eden regions: 609->0(610)
[2026-09-20T19:07:04.331+0800][4357.814s][info][gc,heap     ] GC(39) Survivor regions: 5->4(77)
[2026-09-20T19:07:04.331+0800][4357.814s][info][gc,heap     ] GC(39) Old regions: 56->57
[2026-09-20T19:07:04.331+0800][4357.815s][info][gc,heap     ] GC(39) Archive regions: 0->0
[2026-09-20T19:07:04.331+0800][4357.815s][info][gc,heap     ] GC(39) Humongous regions: 2->2
[2026-09-20T19:07:04.331+0800][4357.815s][info][gc,metaspace] GC(39) Metaspace: 109630K(110464K)->109630K(110464K) NonClass: 96691K(97088K)->96691K(97088K) Class: 12939K(13376K)->12939K(13376K)
[2026-09-20T19:07:04.331+0800][4357.815s][info][gc          ] GC(39) Pause Young (Normal) (G1 Evacuation Pause) 670M->61M(1024M) 1.877ms
[2026-09-20T19:07:04.331+0800][4357.815s][info][gc,cpu      ] GC(39) User=0.00s Sys=0.00s Real=0.00s
[2026-09-20T19:07:08.062+0800][4361.545s][info][gc,start    ] GC(40) Pause Young (Normal) (G1 Evacuation Pause)
[2026-09-20T19:07:08.062+0800][4361.545s][info][gc,task     ] GC(40) Using 13 workers of 13 for evacuation
[2026-09-20T19:07:08.063+0800][4361.547s][info][gc,phases   ] GC(40)   Pre Evacuate Collection Set: 0.08ms
[2026-09-20T19:07:08.063+0800][4361.547s][info][gc,phases   ] GC(40)   Merge Heap Roots: 0.07ms
[2026-09-20T19:07:08.063+0800][4361.547s][info][gc,phases   ] GC(40)   Evacuate Collection Set: 0.98ms
[2026-09-20T19:07:08.063+0800][4361.547s][info][gc,phases   ] GC(40)   Post Evacuate Collection Set: 0.44ms
[2026-09-20T19:07:08.064+0800][4361.547s][info][gc,phases   ] GC(40)   Other: 0.18ms
[2026-09-20T19:07:08.064+0800][4361.547s][info][gc,heap     ] GC(40) Eden regions: 610->0(610)
[2026-09-20T19:07:08.064+0800][4361.547s][info][gc,heap     ] GC(40) Survivor regions: 4->4(77)
[2026-09-20T19:07:08.064+0800][4361.547s][info][gc,heap     ] GC(40) Old regions: 57->57
[2026-09-20T19:07:08.064+0800][4361.547s][info][gc,heap     ] GC(40) Archive regions: 0->0
[2026-09-20T19:07:08.064+0800][4361.547s][info][gc,heap     ] GC(40) Humongous regions: 2->2
[2026-09-20T19:07:08.064+0800][4361.547s][info][gc,metaspace] GC(40) Metaspace: 109630K(110464K)->109630K(110464K) NonClass: 96691K(97088K)->96691K(97088K) Class: 12939K(13376K)->12939K(13376K)
[2026-09-20T19:07:08.064+0800][4361.547s][info][gc          ] GC(40) Pause Young (Normal) (G1 Evacuation Pause) 671M->61M(1024M) 1.887ms
[2026-09-20T19:07:08.064+0800][4361.547s][info][gc,cpu      ] GC(40) User=0.00s Sys=0.00s Real=0.00s
[2026-09-20T19:07:11.732+0800][4365.216s][info][gc,start    ] GC(41) Pause Young (Normal) (G1 Evacuation Pause)
[2026-09-20T19:07:11.732+0800][4365.216s][info][gc,task     ] GC(41) Using 13 workers of 13 for evacuation
[2026-09-20T19:07:11.733+0800][4365.217s][info][gc,phases   ] GC(41)   Pre Evacuate Collection Set: 0.09ms
[2026-09-20T19:07:11.734+0800][4365.217s][info][gc,phases   ] GC(41)   Merge Heap Roots: 0.08ms
[2026-09-20T19:07:11.734+0800][4365.217s][info][gc,phases   ] GC(41)   Evacuate Collection Set: 0.72ms
[2026-09-20T19:07:11.734+0800][4365.217s][info][gc,phases   ] GC(41)   Post Evacuate Collection Set: 0.42ms
[2026-09-20T19:07:11.734+0800][4365.217s][info][gc,phases   ] GC(41)   Other: 0.16ms
[2026-09-20T19:07:11.734+0800][4365.217s][info][gc,heap     ] GC(41) Eden regions: 610->0(610)
[2026-09-20T19:07:11.734+0800][4365.217s][info][gc,heap     ] GC(41) Survivor regions: 4->4(77)
[2026-09-20T19:07:11.734+0800][4365.217s][info][gc,heap     ] GC(41) Old regions: 57->57
[2026-09-20T19:07:11.734+0800][4365.217s][info][gc,heap     ] GC(41) Archive regions: 0->0
[2026-09-20T19:07:11.734+0800][4365.217s][info][gc,heap     ] GC(41) Humongous regions: 2->2
[2026-09-20T19:07:11.734+0800][4365.217s][info][gc,metaspace] GC(41) Metaspace: 109630K(110464K)->109630K(110464K) NonClass: 96691K(97088K)->96691K(97088K) Class: 12939K(13376K)->12939K(13376K)
[2026-09-20T19:07:11.734+0800][4365.217s][info][gc          ] GC(41) Pause Young (Normal) (G1 Evacuation Pause) 671M->61M(1024M) 1.617ms
[2026-09-20T19:07:11.734+0800][4365.217s][info][gc,cpu      ] GC(41) User=0.00s Sys=0.00s Real=0.00s
[2026-09-20T19:07:15.348+0800][4368.831s][info][gc,start    ] GC(42) Pause Young (Normal) (G1 Evacuation Pause)
[2026-09-20T19:07:15.348+0800][4368.831s][info][gc,task     ] GC(42) Using 13 workers of 13 for evacuation
[2026-09-20T19:07:15.349+0800][4368.833s][info][gc,phases   ] GC(42)   Pre Evacuate Collection Set: 0.10ms
[2026-09-20T19:07:15.349+0800][4368.833s][info][gc,phases   ] GC(42)   Merge Heap Roots: 0.06ms
[2026-09-20T19:07:15.349+0800][4368.833s][info][gc,phases   ] GC(42)   Evacuate Collection Set: 0.73ms
[2026-09-20T19:07:15.349+0800][4368.833s][info][gc,phases   ] GC(42)   Post Evacuate Collection Set: 0.42ms
[2026-09-20T19:07:15.349+0800][4368.833s][info][gc,phases   ] GC(42)   Other: 0.15ms
[2026-09-20T19:07:15.349+0800][4368.833s][info][gc,heap     ] GC(42) Eden regions: 610->0(610)
[2026-09-20T19:07:15.349+0800][4368.833s][info][gc,heap     ] GC(42) Survivor regions: 4->4(77)
[2026-09-20T19:07:15.349+0800][4368.833s][info][gc,heap     ] GC(42) Old regions: 57->57
[2026-09-20T19:07:15.349+0800][4368.833s][info][gc,heap     ] GC(42) Archive regions: 0->0
[2026-09-20T19:07:15.349+0800][4368.833s][info][gc,heap     ] GC(42) Humongous regions: 2->2
[2026-09-20T19:07:15.349+0800][4368.833s][info][gc,metaspace] GC(42) Metaspace: 109631K(110464K)->109631K(110464K) NonClass: 96691K(97088K)->96691K(97088K) Class: 12939K(13376K)->12939K(13376K)
[2026-09-20T19:07:15.349+0800][4368.833s][info][gc          ] GC(42) Pause Young (Normal) (G1 Evacuation Pause) 671M->62M(1024M) 1.586ms
[2026-09-20T19:07:15.349+0800][4368.833s][info][gc,cpu      ] GC(42) User=0.00s Sys=0.00s Real=0.00s
[2026-09-20T19:07:19.003+0800][4372.487s][info][gc,start    ] GC(43) Pause Young (Normal) (G1 Evacuation Pause)
[2026-09-20T19:07:19.003+0800][4372.487s][info][gc,task     ] GC(43) Using 13 workers of 13 for evacuation
[2026-09-20T19:07:19.004+0800][4372.488s][info][gc,phases   ] GC(43)   Pre Evacuate Collection Set: 0.07ms
[2026-09-20T19:07:19.004+0800][4372.488s][info][gc,phases   ] GC(43)   Merge Heap Roots: 0.10ms
[2026-09-20T19:07:19.004+0800][4372.488s][info][gc,phases   ] GC(43)   Evacuate Collection Set: 0.75ms
[2026-09-20T19:07:19.004+0800][4372.488s][info][gc,phases   ] GC(43)   Post Evacuate Collection Set: 0.41ms
[2026-09-20T19:07:19.004+0800][4372.488s][info][gc,phases   ] GC(43)   Other: 0.14ms
[2026-09-20T19:07:19.004+0800][4372.488s][info][gc,heap     ] GC(43) Eden regions: 610->0(611)
[2026-09-20T19:07:19.004+0800][4372.488s][info][gc,heap     ] GC(43) Survivor regions: 4->3(77)
[2026-09-20T19:07:19.004+0800][4372.488s][info][gc,heap     ] GC(43) Old regions: 57->57
[2026-09-20T19:07:19.004+0800][4372.488s][info][gc,heap     ] GC(43) Archive regions: 0->0
[2026-09-20T19:07:19.004+0800][4372.488s][info][gc,heap     ] GC(43) Humongous regions: 2->2
[2026-09-20T19:07:19.004+0800][4372.488s][info][gc,metaspace] GC(43) Metaspace: 109631K(110464K)->109631K(110464K) NonClass: 96691K(97088K)->96691K(97088K) Class: 12939K(13376K)->12939K(13376K)
[2026-09-20T19:07:19.004+0800][4372.488s][info][gc          ] GC(43) Pause Young (Normal) (G1 Evacuation Pause) 672M->61M(1024M) 1.614ms
[2026-09-20T19:07:19.005+0800][4372.488s][info][gc,cpu      ] GC(43) User=0.00s Sys=0.00s Real=0.00s
[2026-09-20T19:07:22.618+0800][4376.101s][info][gc,start    ] GC(44) Pause Young (Normal) (G1 Evacuation Pause)
[2026-09-20T19:07:22.618+0800][4376.101s][info][gc,task     ] GC(44) Using 13 workers of 13 for evacuation
[2026-09-20T19:07:22.619+0800][4376.102s][info][gc,phases   ] GC(44)   Pre Evacuate Collection Set: 0.09ms
[2026-09-20T19:07:22.619+0800][4376.102s][info][gc,phases   ] GC(44)   Merge Heap Roots: 0.08ms
[2026-09-20T19:07:22.619+0800][4376.102s][info][gc,phases   ] GC(44)   Evacuate Collection Set: 0.74ms
[2026-09-20T19:07:22.619+0800][4376.102s][info][gc,phases   ] GC(44)   Post Evacuate Collection Set: 0.39ms
[2026-09-20T19:07:22.619+0800][4376.102s][info][gc,phases   ] GC(44)   Other: 0.16ms
[2026-09-20T19:07:22.619+0800][4376.102s][info][gc,heap     ] GC(44) Eden regions: 611->0(611)
[2026-09-20T19:07:22.619+0800][4376.102s][info][gc,heap     ] GC(44) Survivor regions: 3->3(77)
[2026-09-20T19:07:22.619+0800][4376.102s][info][gc,heap     ] GC(44) Old regions: 57->57
[2026-09-20T19:07:22.619+0800][4376.102s][info][gc,heap     ] GC(44) Archive regions: 0->0
[2026-09-20T19:07:22.619+0800][4376.102s][info][gc,heap     ] GC(44) Humongous regions: 2->2
[2026-09-20T19:07:22.619+0800][4376.102s][info][gc,metaspace] GC(44) Metaspace: 109633K(110464K)->109633K(110464K) NonClass: 96694K(97088K)->96694K(97088K) Class: 12939K(13376K)->12939K(13376K)
[2026-09-20T19:07:22.619+0800][4376.102s][info][gc          ] GC(44) Pause Young (Normal) (G1 Evacuation Pause) 672M->61M(1024M) 1.596ms
[2026-09-20T19:07:22.619+0800][4376.102s][info][gc,cpu      ] GC(44) User=0.02s Sys=0.19s Real=0.00s
[2026-09-20T19:07:26.284+0800][4379.767s][info][gc,start    ] GC(45) Pause Young (Normal) (G1 Evacuation Pause)
[2026-09-20T19:07:26.284+0800][4379.767s][info][gc,task     ] GC(45) Using 13 workers of 13 for evacuation
[2026-09-20T19:07:26.285+0800][4379.769s][info][gc,phases   ] GC(45)   Pre Evacuate Collection Set: 0.12ms
[2026-09-20T19:07:26.285+0800][4379.769s][info][gc,phases   ] GC(45)   Merge Heap Roots: 0.07ms
[2026-09-20T19:07:26.285+0800][4379.769s][info][gc,phases   ] GC(45)   Evacuate Collection Set: 0.66ms
[2026-09-20T19:07:26.285+0800][4379.769s][info][gc,phases   ] GC(45)   Post Evacuate Collection Set: 0.42ms
[2026-09-20T19:07:26.285+0800][4379.769s][info][gc,phases   ] GC(45)   Other: 0.17ms
[2026-09-20T19:07:26.285+0800][4379.769s][info][gc,heap     ] GC(45) Eden regions: 611->0(611)
[2026-09-20T19:07:26.285+0800][4379.769s][info][gc,heap     ] GC(45) Survivor regions: 3->3(77)
[2026-09-20T19:07:26.285+0800][4379.769s][info][gc,heap     ] GC(45) Old regions: 57->57
[2026-09-20T19:07:26.285+0800][4379.769s][info][gc,heap     ] GC(45) Archive regions: 0->0
[2026-09-20T19:07:26.285+0800][4379.769s][info][gc,heap     ] GC(45) Humongous regions: 2->2
[2026-09-20T19:07:26.285+0800][4379.769s][info][gc,metaspace] GC(45) Metaspace: 109633K(110464K)->109633K(110464K) NonClass: 96694K(97088K)->96694K(97088K) Class: 12939K(13376K)->12939K(13376K)
[2026-09-20T19:07:26.285+0800][4379.769s][info][gc          ] GC(45) Pause Young (Normal) (G1 Evacuation Pause) 672M->61M(1024M) 1.565ms
[2026-09-20T19:07:26.285+0800][4379.769s][info][gc,cpu      ] GC(45) User=0.00s Sys=0.00s Real=0.00s
[2026-09-20T19:07:29.958+0800][4383.443s][info][gc,start    ] GC(46) Pause Young (Normal) (G1 Evacuation Pause)
[2026-09-20T19:07:29.960+0800][4383.443s][info][gc,task     ] GC(46) Using 13 workers of 13 for evacuation
[2026-09-20T19:07:29.961+0800][4383.444s][info][gc,phases   ] GC(46)   Pre Evacuate Collection Set: 0.08ms
[2026-09-20T19:07:29.961+0800][4383.444s][info][gc,phases   ] GC(46)   Merge Heap Roots: 0.07ms
[2026-09-20T19:07:29.961+0800][4383.444s][info][gc,phases   ] GC(46)   Evacuate Collection Set: 0.79ms
[2026-09-20T19:07:29.961+0800][4383.444s][info][gc,phases   ] GC(46)   Post Evacuate Collection Set: 0.49ms
[2026-09-20T19:07:29.961+0800][4383.444s][info][gc,phases   ] GC(46)   Other: 0.24ms
[2026-09-20T19:07:29.961+0800][4383.444s][info][gc,heap     ] GC(46) Eden regions: 611->0(611)
[2026-09-20T19:07:29.961+0800][4383.444s][info][gc,heap     ] GC(46) Survivor regions: 3->3(77)
[2026-09-20T19:07:29.961+0800][4383.444s][info][gc,heap     ] GC(46) Old regions: 57->57
[2026-09-20T19:07:29.961+0800][4383.444s][info][gc,heap     ] GC(46) Archive regions: 0->0
[2026-09-20T19:07:29.961+0800][4383.444s][info][gc,heap     ] GC(46) Humongous regions: 2->2
[2026-09-20T19:07:29.961+0800][4383.444s][info][gc,metaspace] GC(46) Metaspace: 109633K(110464K)->109633K(110464K) NonClass: 96694K(97088K)->96694K(97088K) Class: 12939K(13376K)->12939K(13376K)
[2026-09-20T19:07:29.961+0800][4383.444s][info][gc          ] GC(46) Pause Young (Normal) (G1 Evacuation Pause) 672M->61M(1024M) 1.811ms
[2026-09-20T19:07:29.961+0800][4383.444s][info][gc,cpu      ] GC(46) User=0.00s Sys=0.00s Real=0.00s
[2026-09-20T19:07:33.556+0800][4387.039s][info][gc,start    ] GC(47) Pause Young (Normal) (G1 Evacuation Pause)
[2026-09-20T19:07:33.556+0800][4387.039s][info][gc,task     ] GC(47) Using 13 workers of 13 for evacuation
[2026-09-20T19:07:33.557+0800][4387.040s][info][gc,phases   ] GC(47)   Pre Evacuate Collection Set: 0.12ms
[2026-09-20T19:07:33.557+0800][4387.040s][info][gc,phases   ] GC(47)   Merge Heap Roots: 0.10ms
[2026-09-20T19:07:33.557+0800][4387.040s][info][gc,phases   ] GC(47)   Evacuate Collection Set: 0.72ms
[2026-09-20T19:07:33.557+0800][4387.040s][info][gc,phases   ] GC(47)   Post Evacuate Collection Set: 0.46ms
[2026-09-20T19:07:33.557+0800][4387.040s][info][gc,phases   ] GC(47)   Other: 0.16ms
[2026-09-20T19:07:33.557+0800][4387.040s][info][gc,heap     ] GC(47) Eden regions: 611->0(611)
[2026-09-20T19:07:33.557+0800][4387.040s][info][gc,heap     ] GC(47) Survivor regions: 3->3(77)
[2026-09-20T19:07:33.557+0800][4387.040s][info][gc,heap     ] GC(47) Old regions: 57->57
[2026-09-20T19:07:33.557+0800][4387.040s][info][gc,heap     ] GC(47) Archive regions: 0->0
[2026-09-20T19:07:33.557+0800][4387.040s][info][gc,heap     ] GC(47) Humongous regions: 2->2
[2026-09-20T19:07:33.557+0800][4387.040s][info][gc,metaspace] GC(47) Metaspace: 109636K(110464K)->109636K(110464K) NonClass: 96697K(97088K)->96697K(97088K) Class: 12939K(13376K)->12939K(13376K)
[2026-09-20T19:07:33.557+0800][4387.040s][info][gc          ] GC(47) Pause Young (Normal) (G1 Evacuation Pause) 672M->61M(1024M) 1.668ms
[2026-09-20T19:07:33.557+0800][4387.040s][info][gc,cpu      ] GC(47) User=0.00s Sys=0.00s Real=0.00s
[2026-09-20T19:07:37.173+0800][4390.656s][info][gc,start    ] GC(48) Pause Young (Normal) (G1 Evacuation Pause)
[2026-09-20T19:07:37.173+0800][4390.656s][info][gc,task     ] GC(48) Using 13 workers of 13 for evacuation
[2026-09-20T19:07:37.174+0800][4390.658s][info][gc,phases   ] GC(48)   Pre Evacuate Collection Set: 0.11ms
[2026-09-20T19:07:37.174+0800][4390.658s][info][gc,phases   ] GC(48)   Merge Heap Roots: 0.08ms
[2026-09-20T19:07:37.174+0800][4390.658s][info][gc,phases   ] GC(48)   Evacuate Collection Set: 0.70ms
[2026-09-20T19:07:37.174+0800][4390.658s][info][gc,phases   ] GC(48)   Post Evacuate Collection Set: 0.48ms
[2026-09-20T19:07:37.174+0800][4390.658s][info][gc,phases   ] GC(48)   Other: 0.18ms
[2026-09-20T19:07:37.174+0800][4390.658s][info][gc,heap     ] GC(48) Eden regions: 611->0(611)
[2026-09-20T19:07:37.174+0800][4390.658s][info][gc,heap     ] GC(48) Survivor regions: 3->3(77)
[2026-09-20T19:07:37.174+0800][4390.658s][info][gc,heap     ] GC(48) Old regions: 57->57
[2026-09-20T19:07:37.174+0800][4390.658s][info][gc,heap     ] GC(48) Archive regions: 0->0
[2026-09-20T19:07:37.174+0800][4390.658s][info][gc,heap     ] GC(48) Humongous regions: 2->2
[2026-09-20T19:07:37.174+0800][4390.658s][info][gc,metaspace] GC(48) Metaspace: 109639K(110464K)->109639K(110464K) NonClass: 96700K(97088K)->96700K(97088K) Class: 12939K(13376K)->12939K(13376K)
[2026-09-20T19:07:37.174+0800][4390.658s][info][gc          ] GC(48) Pause Young (Normal) (G1 Evacuation Pause) 672M->61M(1024M) 1.640ms
[2026-09-20T19:07:37.174+0800][4390.658s][info][gc,cpu      ] GC(48) User=0.00s Sys=0.00s Real=0.00s
[2026-09-20T19:07:40.883+0800][4394.366s][info][gc,start    ] GC(49) Pause Young (Normal) (G1 Evacuation Pause)
[2026-09-20T19:07:40.883+0800][4394.366s][info][gc,task     ] GC(49) Using 13 workers of 13 for evacuation
[2026-09-20T19:07:40.884+0800][4394.367s][info][gc,phases   ] GC(49)   Pre Evacuate Collection Set: 0.13ms
[2026-09-20T19:07:40.884+0800][4394.367s][info][gc,phases   ] GC(49)   Merge Heap Roots: 0.08ms
[2026-09-20T19:07:40.884+0800][4394.367s][info][gc,phases   ] GC(49)   Evacuate Collection Set: 0.77ms
[2026-09-20T19:07:40.884+0800][4394.367s][info][gc,phases   ] GC(49)   Post Evacuate Collection Set: 0.50ms
[2026-09-20T19:07:40.884+0800][4394.367s][info][gc,phases   ] GC(49)   Other: 0.18ms
[2026-09-20T19:07:40.884+0800][4394.367s][info][gc,heap     ] GC(49) Eden regions: 611->0(610)
[2026-09-20T19:07:40.884+0800][4394.367s][info][gc,heap     ] GC(49) Survivor regions: 3->4(77)
[2026-09-20T19:07:40.884+0800][4394.367s][info][gc,heap     ] GC(49) Old regions: 57->57
[2026-09-20T19:07:40.884+0800][4394.367s][info][gc,heap     ] GC(49) Archive regions: 0->0
[2026-09-20T19:07:40.884+0800][4394.367s][info][gc,heap     ] GC(49) Humongous regions: 2->2
[2026-09-20T19:07:40.884+0800][4394.367s][info][gc,metaspace] GC(49) Metaspace: 109650K(110528K)->109650K(110528K) NonClass: 96711K(97152K)->96711K(97152K) Class: 12939K(13376K)->12939K(13376K)
[2026-09-20T19:07:40.884+0800][4394.368s][info][gc          ] GC(49) Pause Young (Normal) (G1 Evacuation Pause) 672M->62M(1024M) 1.810ms
[2026-09-20T19:07:40.884+0800][4394.368s][info][gc,cpu      ] GC(49) User=0.08s Sys=0.12s Real=0.00s
[2026-09-20T19:07:44.554+0800][4398.037s][info][gc,start    ] GC(50) Pause Young (Normal) (G1 Evacuation Pause)
[2026-09-20T19:07:44.554+0800][4398.037s][info][gc,task     ] GC(50) Using 13 workers of 13 for evacuation
[2026-09-20T19:07:44.554+0800][4398.038s][info][gc,phases   ] GC(50)   Pre Evacuate Collection Set: 0.10ms
[2026-09-20T19:07:44.554+0800][4398.038s][info][gc,phases   ] GC(50)   Merge Heap Roots: 0.07ms
[2026-09-20T19:07:44.554+0800][4398.038s][info][gc,phases   ] GC(50)   Evacuate Collection Set: 0.76ms
[2026-09-20T19:07:44.554+0800][4398.038s][info][gc,phases   ] GC(50)   Post Evacuate Collection Set: 0.52ms
[2026-09-20T19:07:44.554+0800][4398.039s][info][gc,phases   ] GC(50)   Other: 0.20ms
[2026-09-20T19:07:44.554+0800][4398.039s][info][gc,heap     ] GC(50) Eden regions: 610->0(612)
[2026-09-20T19:07:44.554+0800][4398.039s][info][gc,heap     ] GC(50) Survivor regions: 4->2(77)
[2026-09-20T19:07:44.554+0800][4398.039s][info][gc,heap     ] GC(50) Old regions: 57->59
[2026-09-20T19:07:44.554+0800][4398.039s][info][gc,heap     ] GC(50) Archive regions: 0->0
[2026-09-20T19:07:44.554+0800][4398.039s][info][gc,heap     ] GC(50) Humongous regions: 2->2
[2026-09-20T19:07:44.554+0800][4398.039s][info][gc,metaspace] GC(50) Metaspace: 109650K(110528K)->109650K(110528K) NonClass: 96711K(97152K)->96711K(97152K) Class: 12939K(13376K)->12939K(13376K)
[2026-09-20T19:07:44.554+0800][4398.039s][info][gc          ] GC(50) Pause Young (Normal) (G1 Evacuation Pause) 672M->61M(1024M) 1.804ms
[2026-09-20T19:07:44.554+0800][4398.039s][info][gc,cpu      ] GC(50) User=0.00s Sys=0.00s Real=0.00s
[2026-09-20T19:08:10.784+0800][4424.267s][info][gc,start    ] GC(51) Pause Young (Normal) (G1 Evacuation Pause)
[2026-09-20T19:08:10.784+0800][4424.267s][info][gc,task     ] GC(51) Using 13 workers of 13 for evacuation
[2026-09-20T19:08:10.785+0800][4424.268s][info][gc,phases   ] GC(51)   Pre Evacuate Collection Set: 0.13ms
[2026-09-20T19:08:10.785+0800][4424.268s][info][gc,phases   ] GC(51)   Merge Heap Roots: 0.08ms
[2026-09-20T19:08:10.785+0800][4424.268s][info][gc,phases   ] GC(51)   Evacuate Collection Set: 0.64ms
[2026-09-20T19:08:10.785+0800][4424.268s][info][gc,phases   ] GC(51)   Post Evacuate Collection Set: 0.39ms
[2026-09-20T19:08:10.785+0800][4424.268s][info][gc,phases   ] GC(51)   Other: 0.19ms
[2026-09-20T19:08:10.785+0800][4424.268s][info][gc,heap     ] GC(51) Eden regions: 612->0(612)
[2026-09-20T19:08:10.785+0800][4424.268s][info][gc,heap     ] GC(51) Survivor regions: 2->2(77)
[2026-09-20T19:08:10.785+0800][4424.268s][info][gc,heap     ] GC(51) Old regions: 59->59
[2026-09-20T19:08:10.785+0800][4424.268s][info][gc,heap     ] GC(51) Archive regions: 0->0
[2026-09-20T19:08:10.785+0800][4424.268s][info][gc,heap     ] GC(51) Humongous regions: 2->2
[2026-09-20T19:08:10.785+0800][4424.268s][info][gc,metaspace] GC(51) Metaspace: 109652K(110528K)->109652K(110528K) NonClass: 96712K(97152K)->96712K(97152K) Class: 12939K(13376K)->12939K(13376K)
[2026-09-20T19:08:10.785+0800][4424.268s][info][gc          ] GC(51) Pause Young (Normal) (G1 Evacuation Pause) 673M->61M(1024M) 1.545ms
[2026-09-20T19:08:10.785+0800][4424.268s][info][gc,cpu      ] GC(51) User=0.00s Sys=0.00s Real=0.00s
[2026-09-20T19:08:14.646+0800][4428.129s][info][gc,start    ] GC(52) Pause Young (Normal) (G1 Evacuation Pause)
[2026-09-20T19:08:14.646+0800][4428.130s][info][gc,task     ] GC(52) Using 13 workers of 13 for evacuation
[2026-09-20T19:08:14.648+0800][4428.131s][info][gc,phases   ] GC(52)   Pre Evacuate Collection Set: 0.12ms
[2026-09-20T19:08:14.648+0800][4428.131s][info][gc,phases   ] GC(52)   Merge Heap Roots: 0.08ms
[2026-09-20T19:08:14.648+0800][4428.131s][info][gc,phases   ] GC(52)   Evacuate Collection Set: 0.78ms
[2026-09-20T19:08:14.648+0800][4428.131s][info][gc,phases   ] GC(52)   Post Evacuate Collection Set: 0.39ms
[2026-09-20T19:08:14.648+0800][4428.131s][info][gc,phases   ] GC(52)   Other: 0.17ms
[2026-09-20T19:08:14.648+0800][4428.131s][info][gc,heap     ] GC(52) Eden regions: 612->0(611)
[2026-09-20T19:08:14.648+0800][4428.131s][info][gc,heap     ] GC(52) Survivor regions: 2->3(77)
[2026-09-20T19:08:14.648+0800][4428.131s][info][gc,heap     ] GC(52) Old regions: 59->59
[2026-09-20T19:08:14.648+0800][4428.131s][info][gc,heap     ] GC(52) Archive regions: 0->0
[2026-09-20T19:08:14.648+0800][4428.131s][info][gc,heap     ] GC(52) Humongous regions: 2->2
[2026-09-20T19:08:14.648+0800][4428.131s][info][gc,metaspace] GC(52) Metaspace: 109653K(110528K)->109653K(110528K) NonClass: 96714K(97152K)->96714K(97152K) Class: 12939K(13376K)->12939K(13376K)
[2026-09-20T19:08:14.648+0800][4428.131s][info][gc          ] GC(52) Pause Young (Normal) (G1 Evacuation Pause) 673M->62M(1024M) 1.657ms
[2026-09-20T19:08:14.648+0800][4428.131s][info][gc,cpu      ] GC(52) User=0.00s Sys=0.00s Real=0.00s
[2026-09-20T19:08:17.642+0800][4431.126s][info][gc,start    ] GC(53) Pause Young (Normal) (G1 Evacuation Pause)
[2026-09-20T19:08:17.642+0800][4431.126s][info][gc,task     ] GC(53) Using 13 workers of 13 for evacuation
[2026-09-20T19:08:17.645+0800][4431.128s][info][gc,phases   ] GC(53)   Pre Evacuate Collection Set: 0.12ms
[2026-09-20T19:08:17.645+0800][4431.128s][info][gc,phases   ] GC(53)   Merge Heap Roots: 0.07ms
[2026-09-20T19:08:17.645+0800][4431.128s][info][gc,phases   ] GC(53)   Evacuate Collection Set: 0.93ms
[2026-09-20T19:08:17.645+0800][4431.128s][info][gc,phases   ] GC(53)   Post Evacuate Collection Set: 0.46ms
[2026-09-20T19:08:17.645+0800][4431.128s][info][gc,phases   ] GC(53)   Other: 0.19ms
[2026-09-20T19:08:17.645+0800][4431.128s][info][gc,heap     ] GC(53) Eden regions: 611->0(610)
[2026-09-20T19:08:17.645+0800][4431.128s][info][gc,heap     ] GC(53) Survivor regions: 3->4(77)
[2026-09-20T19:08:17.645+0800][4431.128s][info][gc,heap     ] GC(53) Old regions: 59->59
[2026-09-20T19:08:17.645+0800][4431.128s][info][gc,heap     ] GC(53) Archive regions: 0->0
[2026-09-20T19:08:17.645+0800][4431.128s][info][gc,heap     ] GC(53) Humongous regions: 2->2
[2026-09-20T19:08:17.645+0800][4431.128s][info][gc,metaspace] GC(53) Metaspace: 109655K(110528K)->109655K(110528K) NonClass: 96716K(97152K)->96716K(97152K) Class: 12939K(13376K)->12939K(13376K)
[2026-09-20T19:08:17.645+0800][4431.128s][info][gc          ] GC(53) Pause Young (Normal) (G1 Evacuation Pause) 673M->63M(1024M) 1.974ms
[2026-09-20T19:08:17.645+0800][4431.128s][info][gc,cpu      ] GC(53) User=0.00s Sys=0.00s Real=0.00s
[2026-09-20T19:08:20.721+0800][4434.205s][info][gc,start    ] GC(54) Pause Young (Normal) (G1 Evacuation Pause)
[2026-09-20T19:08:20.721+0800][4434.205s][info][gc,task     ] GC(54) Using 13 workers of 13 for evacuation
[2026-09-20T19:08:20.723+0800][4434.206s][info][gc,phases   ] GC(54)   Pre Evacuate Collection Set: 0.11ms
[2026-09-20T19:08:20.723+0800][4434.206s][info][gc,phases   ] GC(54)   Merge Heap Roots: 0.07ms
[2026-09-20T19:08:20.723+0800][4434.206s][info][gc,phases   ] GC(54)   Evacuate Collection Set: 1.01ms
[2026-09-20T19:08:20.723+0800][4434.206s][info][gc,phases   ] GC(54)   Post Evacuate Collection Set: 0.47ms
[2026-09-20T19:08:20.723+0800][4434.206s][info][gc,phases   ] GC(54)   Other: 0.18ms
[2026-09-20T19:08:20.723+0800][4434.206s][info][gc,heap     ] GC(54) Eden regions: 610->0(610)
[2026-09-20T19:08:20.723+0800][4434.206s][info][gc,heap     ] GC(54) Survivor regions: 4->4(77)
[2026-09-20T19:08:20.723+0800][4434.206s][info][gc,heap     ] GC(54) Old regions: 59->59
[2026-09-20T19:08:20.723+0800][4434.206s][info][gc,heap     ] GC(54) Archive regions: 0->0
[2026-09-20T19:08:20.723+0800][4434.206s][info][gc,heap     ] GC(54) Humongous regions: 2->2
[2026-09-20T19:08:20.723+0800][4434.206s][info][gc,metaspace] GC(54) Metaspace: 109656K(110528K)->109656K(110528K) NonClass: 96716K(97152K)->96716K(97152K) Class: 12939K(13376K)->12939K(13376K)
[2026-09-20T19:08:20.723+0800][4434.207s][info][gc          ] GC(54) Pause Young (Normal) (G1 Evacuation Pause) 673M->64M(1024M) 1.990ms
[2026-09-20T19:08:20.723+0800][4434.207s][info][gc,cpu      ] GC(54) User=0.00s Sys=0.00s Real=0.00s
[2026-09-20T19:08:23.838+0800][4437.322s][info][gc,start    ] GC(55) Pause Young (Normal) (G1 Evacuation Pause)
[2026-09-20T19:08:23.838+0800][4437.322s][info][gc,task     ] GC(55) Using 13 workers of 13 for evacuation
[2026-09-20T19:08:23.840+0800][4437.324s][info][gc,phases   ] GC(55)   Pre Evacuate Collection Set: 0.10ms
[2026-09-20T19:08:23.840+0800][4437.324s][info][gc,phases   ] GC(55)   Merge Heap Roots: 0.07ms
[2026-09-20T19:08:23.840+0800][4437.324s][info][gc,phases   ] GC(55)   Evacuate Collection Set: 0.97ms
[2026-09-20T19:08:23.840+0800][4437.324s][info][gc,phases   ] GC(55)   Post Evacuate Collection Set: 0.41ms
[2026-09-20T19:08:23.840+0800][4437.324s][info][gc,phases   ] GC(55)   Other: 0.17ms
[2026-09-20T19:08:23.840+0800][4437.324s][info][gc,heap     ] GC(55) Eden regions: 610->0(609)
[2026-09-20T19:08:23.840+0800][4437.324s][info][gc,heap     ] GC(55) Survivor regions: 4->5(77)
[2026-09-20T19:08:23.840+0800][4437.324s][info][gc,heap     ] GC(55) Old regions: 59->59
[2026-09-20T19:08:23.840+0800][4437.324s][info][gc,heap     ] GC(55) Archive regions: 0->0
[2026-09-20T19:08:23.840+0800][4437.324s][info][gc,heap     ] GC(55) Humongous regions: 2->2
[2026-09-20T19:08:23.840+0800][4437.324s][info][gc,metaspace] GC(55) Metaspace: 109656K(110528K)->109656K(110528K) NonClass: 96716K(97152K)->96716K(97152K) Class: 12939K(13376K)->12939K(13376K)
[2026-09-20T19:08:23.840+0800][4437.324s][info][gc          ] GC(55) Pause Young (Normal) (G1 Evacuation Pause) 674M->64M(1024M) 1.871ms
[2026-09-20T19:08:23.840+0800][4437.324s][info][gc,cpu      ] GC(55) User=0.00s Sys=0.00s Real=0.00s
[2026-09-20T19:08:26.899+0800][4440.383s][info][gc,start    ] GC(56) Pause Young (Normal) (G1 Evacuation Pause)
[2026-09-20T19:08:26.899+0800][4440.383s][info][gc,task     ] GC(56) Using 13 workers of 13 for evacuation
[2026-09-20T19:08:26.900+0800][4440.385s][info][gc,phases   ] GC(56)   Pre Evacuate Collection Set: 0.16ms
[2026-09-20T19:08:26.900+0800][4440.385s][info][gc,phases   ] GC(56)   Merge Heap Roots: 0.08ms
[2026-09-20T19:08:26.900+0800][4440.385s][info][gc,phases   ] GC(56)   Evacuate Collection Set: 1.13ms
[2026-09-20T19:08:26.900+0800][4440.385s][info][gc,phases   ] GC(56)   Post Evacuate Collection Set: 0.55ms
[2026-09-20T19:08:26.900+0800][4440.385s][info][gc,phases   ] GC(56)   Other: 0.21ms
[2026-09-20T19:08:26.900+0800][4440.385s][info][gc,heap     ] GC(56) Eden regions: 609->0(609)
[2026-09-20T19:08:26.900+0800][4440.385s][info][gc,heap     ] GC(56) Survivor regions: 5->5(77)
[2026-09-20T19:08:26.900+0800][4440.385s][info][gc,heap     ] GC(56) Old regions: 59->59
[2026-09-20T19:08:26.900+0800][4440.385s][info][gc,heap     ] GC(56) Archive regions: 0->0
[2026-09-20T19:08:26.900+0800][4440.385s][info][gc,heap     ] GC(56) Humongous regions: 2->2
[2026-09-20T19:08:26.900+0800][4440.385s][info][gc,metaspace] GC(56) Metaspace: 109656K(110528K)->109656K(110528K) NonClass: 96716K(97152K)->96716K(97152K) Class: 12939K(13376K)->12939K(13376K)
[2026-09-20T19:08:26.900+0800][4440.385s][info][gc          ] GC(56) Pause Young (Normal) (G1 Evacuation Pause) 673M->64M(1024M) 2.235ms
[2026-09-20T19:08:26.900+0800][4440.385s][info][gc,cpu      ] GC(56) User=0.00s Sys=0.00s Real=0.00s
[2026-09-20T19:08:30.093+0800][4443.576s][info][gc,start    ] GC(57) Pause Young (Normal) (G1 Evacuation Pause)
[2026-09-20T19:08:30.093+0800][4443.576s][info][gc,task     ] GC(57) Using 13 workers of 13 for evacuation
[2026-09-20T19:08:30.095+0800][4443.578s][info][gc,phases   ] GC(57)   Pre Evacuate Collection Set: 0.12ms
[2026-09-20T19:08:30.095+0800][4443.578s][info][gc,phases   ] GC(57)   Merge Heap Roots: 0.09ms
[2026-09-20T19:08:30.095+0800][4443.578s][info][gc,phases   ] GC(57)   Evacuate Collection Set: 1.01ms
[2026-09-20T19:08:30.095+0800][4443.578s][info][gc,phases   ] GC(57)   Post Evacuate Collection Set: 0.51ms
[2026-09-20T19:08:30.095+0800][4443.578s][info][gc,phases   ] GC(57)   Other: 0.21ms
[2026-09-20T19:08:30.095+0800][4443.578s][info][gc,heap     ] GC(57) Eden regions: 609->0(609)
[2026-09-20T19:08:30.095+0800][4443.578s][info][gc,heap     ] GC(57) Survivor regions: 5->5(77)
[2026-09-20T19:08:30.095+0800][4443.578s][info][gc,heap     ] GC(57) Old regions: 59->59
[2026-09-20T19:08:30.095+0800][4443.578s][info][gc,heap     ] GC(57) Archive regions: 0->0
[2026-09-20T19:08:30.095+0800][4443.578s][info][gc,heap     ] GC(57) Humongous regions: 2->2
[2026-09-20T19:08:30.095+0800][4443.578s][info][gc,metaspace] GC(57) Metaspace: 109656K(110528K)->109656K(110528K) NonClass: 96716K(97152K)->96716K(97152K) Class: 12939K(13376K)->12939K(13376K)
[2026-09-20T19:08:30.095+0800][4443.578s][info][gc          ] GC(57) Pause Young (Normal) (G1 Evacuation Pause) 673M->65M(1024M) 2.131ms
[2026-09-20T19:08:30.095+0800][4443.578s][info][gc,cpu      ] GC(57) User=0.00s Sys=0.00s Real=0.00s
[2026-09-20T19:08:33.254+0800][4446.738s][info][gc,start    ] GC(58) Pause Young (Normal) (G1 Evacuation Pause)
[2026-09-20T19:08:33.254+0800][4446.738s][info][gc,task     ] GC(58) Using 13 workers of 13 for evacuation
[2026-09-20T19:08:33.257+0800][4446.740s][info][gc,phases   ] GC(58)   Pre Evacuate Collection Set: 0.12ms
[2026-09-20T19:08:33.257+0800][4446.740s][info][gc,phases   ] GC(58)   Merge Heap Roots: 0.09ms
[2026-09-20T19:08:33.257+0800][4446.740s][info][gc,phases   ] GC(58)   Evacuate Collection Set: 1.06ms
[2026-09-20T19:08:33.257+0800][4446.740s][info][gc,phases   ] GC(58)   Post Evacuate Collection Set: 0.45ms
[2026-09-20T19:08:33.257+0800][4446.740s][info][gc,phases   ] GC(58)   Other: 0.18ms
[2026-09-20T19:08:33.257+0800][4446.740s][info][gc,heap     ] GC(58) Eden regions: 609->0(609)
[2026-09-20T19:08:33.257+0800][4446.740s][info][gc,heap     ] GC(58) Survivor regions: 5->5(77)
[2026-09-20T19:08:33.257+0800][4446.740s][info][gc,heap     ] GC(58) Old regions: 59->59
[2026-09-20T19:08:33.257+0800][4446.740s][info][gc,heap     ] GC(58) Archive regions: 0->0
[2026-09-20T19:08:33.257+0800][4446.740s][info][gc,heap     ] GC(58) Humongous regions: 2->2
[2026-09-20T19:08:33.257+0800][4446.740s][info][gc,metaspace] GC(58) Metaspace: 109656K(110528K)->109656K(110528K) NonClass: 96717K(97152K)->96717K(97152K) Class: 12939K(13376K)->12939K(13376K)
[2026-09-20T19:08:33.257+0800][4446.740s][info][gc          ] GC(58) Pause Young (Normal) (G1 Evacuation Pause) 674M->65M(1024M) 2.005ms
[2026-09-20T19:08:33.257+0800][4446.740s][info][gc,cpu      ] GC(58) User=0.00s Sys=0.00s Real=0.00s
[2026-09-20T19:08:36.343+0800][4449.826s][info][gc,start    ] GC(59) Pause Young (Normal) (G1 Evacuation Pause)
[2026-09-20T19:08:36.343+0800][4449.826s][info][gc,task     ] GC(59) Using 13 workers of 13 for evacuation
[2026-09-20T19:08:36.345+0800][4449.828s][info][gc,phases   ] GC(59)   Pre Evacuate Collection Set: 0.13ms
[2026-09-20T19:08:36.345+0800][4449.828s][info][gc,phases   ] GC(59)   Merge Heap Roots: 0.08ms
[2026-09-20T19:08:36.345+0800][4449.828s][info][gc,phases   ] GC(59)   Evacuate Collection Set: 1.05ms
[2026-09-20T19:08:36.345+0800][4449.828s][info][gc,phases   ] GC(59)   Post Evacuate Collection Set: 0.42ms
[2026-09-20T19:08:36.345+0800][4449.828s][info][gc,phases   ] GC(59)   Other: 0.16ms
[2026-09-20T19:08:36.345+0800][4449.828s][info][gc,heap     ] GC(59) Eden regions: 609->0(609)
[2026-09-20T19:08:36.345+0800][4449.828s][info][gc,heap     ] GC(59) Survivor regions: 5->5(77)
[2026-09-20T19:08:36.345+0800][4449.828s][info][gc,heap     ] GC(59) Old regions: 59->59
[2026-09-20T19:08:36.345+0800][4449.828s][info][gc,heap     ] GC(59) Archive regions: 0->0
[2026-09-20T19:08:36.345+0800][4449.828s][info][gc,heap     ] GC(59) Humongous regions: 2->2
[2026-09-20T19:08:36.345+0800][4449.828s][info][gc,metaspace] GC(59) Metaspace: 109656K(110528K)->109656K(110528K) NonClass: 96717K(97152K)->96717K(97152K) Class: 12939K(13376K)->12939K(13376K)
[2026-09-20T19:08:36.345+0800][4449.828s][info][gc          ] GC(59) Pause Young (Normal) (G1 Evacuation Pause) 674M->65M(1024M) 2.012ms
[2026-09-20T19:08:36.345+0800][4449.828s][info][gc,cpu      ] GC(59) User=0.00s Sys=0.00s Real=0.00s
[2026-09-20T19:08:39.759+0800][4453.242s][info][gc,start    ] GC(60) Pause Young (Normal) (G1 Evacuation Pause)
[2026-09-20T19:08:39.759+0800][4453.242s][info][gc,task     ] GC(60) Using 13 workers of 13 for evacuation
[2026-09-20T19:08:39.762+0800][4453.246s][info][gc,phases   ] GC(60)   Pre Evacuate Collection Set: 0.24ms
[2026-09-20T19:08:39.763+0800][4453.246s][info][gc,phases   ] GC(60)   Merge Heap Roots: 0.11ms
[2026-09-20T19:08:39.763+0800][4453.246s][info][gc,phases   ] GC(60)   Evacuate Collection Set: 1.82ms
[2026-09-20T19:08:39.763+0800][4453.246s][info][gc,phases   ] GC(60)   Post Evacuate Collection Set: 0.81ms
[2026-09-20T19:08:39.763+0800][4453.246s][info][gc,phases   ] GC(60)   Other: 0.31ms
[2026-09-20T19:08:39.763+0800][4453.246s][info][gc,heap     ] GC(60) Eden regions: 609->0(609)
[2026-09-20T19:08:39.763+0800][4453.246s][info][gc,heap     ] GC(60) Survivor regions: 5->5(77)
[2026-09-20T19:08:39.763+0800][4453.246s][info][gc,heap     ] GC(60) Old regions: 59->59
[2026-09-20T19:08:39.763+0800][4453.246s][info][gc,heap     ] GC(60) Archive regions: 0->0
[2026-09-20T19:08:39.763+0800][4453.246s][info][gc,heap     ] GC(60) Humongous regions: 2->2
[2026-09-20T19:08:39.763+0800][4453.246s][info][gc,metaspace] GC(60) Metaspace: 109656K(110528K)->109656K(110528K) NonClass: 96717K(97152K)->96717K(97152K) Class: 12939K(13376K)->12939K(13376K)
[2026-09-20T19:08:39.763+0800][4453.246s][info][gc          ] GC(60) Pause Young (Normal) (G1 Evacuation Pause) 674M->64M(1024M) 3.482ms
[2026-09-20T19:08:39.763+0800][4453.246s][info][gc,cpu      ] GC(60) User=0.00s Sys=0.00s Real=0.00s
[2026-09-20T19:08:43.573+0800][4457.056s][info][gc,start    ] GC(61) Pause Young (Normal) (G1 Evacuation Pause)
[2026-09-20T19:08:43.573+0800][4457.056s][info][gc,task     ] GC(61) Using 13 workers of 13 for evacuation
[2026-09-20T19:08:43.575+0800][4457.059s][info][gc,phases   ] GC(61)   Pre Evacuate Collection Set: 0.10ms
[2026-09-20T19:08:43.575+0800][4457.059s][info][gc,phases   ] GC(61)   Merge Heap Roots: 0.10ms
[2026-09-20T19:08:43.575+0800][4457.059s][info][gc,phases   ] GC(61)   Evacuate Collection Set: 1.10ms
[2026-09-20T19:08:43.575+0800][4457.059s][info][gc,phases   ] GC(61)   Post Evacuate Collection Set: 1.04ms
[2026-09-20T19:08:43.575+0800][4457.059s][info][gc,phases   ] GC(61)   Other: 0.18ms
[2026-09-20T19:08:43.575+0800][4457.059s][info][gc,heap     ] GC(61) Eden regions: 609->0(609)
[2026-09-20T19:08:43.575+0800][4457.059s][info][gc,heap     ] GC(61) Survivor regions: 5->5(77)
[2026-09-20T19:08:43.575+0800][4457.059s][info][gc,heap     ] GC(61) Old regions: 59->59
[2026-09-20T19:08:43.575+0800][4457.059s][info][gc,heap     ] GC(61) Archive regions: 0->0
[2026-09-20T19:08:43.575+0800][4457.059s][info][gc,heap     ] GC(61) Humongous regions: 2->2
[2026-09-20T19:08:43.575+0800][4457.059s][info][gc,metaspace] GC(61) Metaspace: 109657K(110528K)->109657K(110528K) NonClass: 96718K(97152K)->96718K(97152K) Class: 12939K(13376K)->12939K(13376K)
[2026-09-20T19:08:43.575+0800][4457.059s][info][gc          ] GC(61) Pause Young (Normal) (G1 Evacuation Pause) 673M->65M(1024M) 2.659ms
[2026-09-20T19:08:43.575+0800][4457.059s][info][gc,cpu      ] GC(61) User=0.00s Sys=0.00s Real=0.00s
[2026-09-20T19:08:46.846+0800][4460.329s][info][gc,start    ] GC(62) Pause Young (Normal) (G1 Evacuation Pause)
[2026-09-20T19:08:46.846+0800][4460.330s][info][gc,task     ] GC(62) Using 13 workers of 13 for evacuation
[2026-09-20T19:08:46.847+0800][4460.331s][info][gc,phases   ] GC(62)   Pre Evacuate Collection Set: 0.09ms
[2026-09-20T19:08:46.847+0800][4460.331s][info][gc,phases   ] GC(62)   Merge Heap Roots: 0.09ms
[2026-09-20T19:08:46.847+0800][4460.331s][info][gc,phases   ] GC(62)   Evacuate Collection Set: 0.90ms
[2026-09-20T19:08:46.847+0800][4460.331s][info][gc,phases   ] GC(62)   Post Evacuate Collection Set: 0.48ms
[2026-09-20T19:08:46.847+0800][4460.331s][info][gc,phases   ] GC(62)   Other: 0.17ms
[2026-09-20T19:08:46.847+0800][4460.331s][info][gc,heap     ] GC(62) Eden regions: 609->0(609)
[2026-09-20T19:08:46.847+0800][4460.331s][info][gc,heap     ] GC(62) Survivor regions: 5->5(77)
[2026-09-20T19:08:46.847+0800][4460.331s][info][gc,heap     ] GC(62) Old regions: 59->59
[2026-09-20T19:08:46.847+0800][4460.331s][info][gc,heap     ] GC(62) Archive regions: 0->0
[2026-09-20T19:08:46.847+0800][4460.331s][info][gc,heap     ] GC(62) Humongous regions: 2->2
[2026-09-20T19:08:46.847+0800][4460.331s][info][gc,metaspace] GC(62) Metaspace: 109657K(110528K)->109657K(110528K) NonClass: 96718K(97152K)->96718K(97152K) Class: 12939K(13376K)->12939K(13376K)
[2026-09-20T19:08:46.848+0800][4460.331s][info][gc          ] GC(62) Pause Young (Normal) (G1 Evacuation Pause) 674M->65M(1024M) 1.850ms
[2026-09-20T19:08:46.848+0800][4460.331s][info][gc,cpu      ] GC(62) User=0.00s Sys=0.00s Real=0.00s
[2026-09-20T19:08:50.119+0800][4463.603s][info][gc,start    ] GC(63) Pause Young (Normal) (G1 Evacuation Pause)
[2026-09-20T19:08:50.120+0800][4463.603s][info][gc,task     ] GC(63) Using 13 workers of 13 for evacuation
[2026-09-20T19:08:50.122+0800][4463.605s][info][gc,phases   ] GC(63)   Pre Evacuate Collection Set: 0.11ms
[2026-09-20T19:08:50.122+0800][4463.605s][info][gc,phases   ] GC(63)   Merge Heap Roots: 0.07ms
[2026-09-20T19:08:50.122+0800][4463.605s][info][gc,phases   ] GC(63)   Evacuate Collection Set: 1.08ms
[2026-09-20T19:08:50.122+0800][4463.605s][info][gc,phases   ] GC(63)   Post Evacuate Collection Set: 0.45ms
[2026-09-20T19:08:50.122+0800][4463.605s][info][gc,phases   ] GC(63)   Other: 0.24ms
[2026-09-20T19:08:50.122+0800][4463.605s][info][gc,heap     ] GC(63) Eden regions: 609->0(609)
[2026-09-20T19:08:50.122+0800][4463.605s][info][gc,heap     ] GC(63) Survivor regions: 5->5(77)
[2026-09-20T19:08:50.122+0800][4463.605s][info][gc,heap     ] GC(63) Old regions: 59->59
[2026-09-20T19:08:50.122+0800][4463.605s][info][gc,heap     ] GC(63) Archive regions: 0->0
[2026-09-20T19:08:50.122+0800][4463.605s][info][gc,heap     ] GC(63) Humongous regions: 2->2
[2026-09-20T19:08:50.122+0800][4463.605s][info][gc,metaspace] GC(63) Metaspace: 109657K(110528K)->109657K(110528K) NonClass: 96718K(97152K)->96718K(97152K) Class: 12939K(13376K)->12939K(13376K)
[2026-09-20T19:08:50.122+0800][4463.605s][info][gc          ] GC(63) Pause Young (Normal) (G1 Evacuation Pause) 674M->65M(1024M) 2.058ms
[2026-09-20T19:08:50.122+0800][4463.605s][info][gc,cpu      ] GC(63) User=0.00s Sys=0.00s Real=0.00s
[2026-09-20T19:08:53.223+0800][4466.706s][info][gc,start    ] GC(64) Pause Young (Normal) (G1 Evacuation Pause)
[2026-09-20T19:08:53.223+0800][4466.706s][info][gc,task     ] GC(64) Using 13 workers of 13 for evacuation
[2026-09-20T19:08:53.225+0800][4466.708s][info][gc,phases   ] GC(64)   Pre Evacuate Collection Set: 0.12ms
[2026-09-20T19:08:53.225+0800][4466.708s][info][gc,phases   ] GC(64)   Merge Heap Roots: 0.09ms
[2026-09-20T19:08:53.225+0800][4466.708s][info][gc,phases   ] GC(64)   Evacuate Collection Set: 1.05ms
[2026-09-20T19:08:53.225+0800][4466.708s][info][gc,phases   ] GC(64)   Post Evacuate Collection Set: 0.45ms
[2026-09-20T19:08:53.225+0800][4466.708s][info][gc,phases   ] GC(64)   Other: 0.18ms
[2026-09-20T19:08:53.225+0800][4466.708s][info][gc,heap     ] GC(64) Eden regions: 609->0(609)
[2026-09-20T19:08:53.225+0800][4466.708s][info][gc,heap     ] GC(64) Survivor regions: 5->5(77)
[2026-09-20T19:08:53.225+0800][4466.708s][info][gc,heap     ] GC(64) Old regions: 59->59
[2026-09-20T19:08:53.225+0800][4466.708s][info][gc,heap     ] GC(64) Archive regions: 0->0
[2026-09-20T19:08:53.225+0800][4466.708s][info][gc,heap     ] GC(64) Humongous regions: 2->2
[2026-09-20T19:08:53.225+0800][4466.708s][info][gc,metaspace] GC(64) Metaspace: 109657K(110528K)->109657K(110528K) NonClass: 96718K(97152K)->96718K(97152K) Class: 12939K(13376K)->12939K(13376K)
[2026-09-20T19:08:53.225+0800][4466.708s][info][gc          ] GC(64) Pause Young (Normal) (G1 Evacuation Pause) 674M->65M(1024M) 2.051ms
[2026-09-20T19:08:53.225+0800][4466.708s][info][gc,cpu      ] GC(64) User=0.00s Sys=0.00s Real=0.00s
[2026-09-20T19:08:56.472+0800][4469.956s][info][gc,start    ] GC(65) Pause Young (Normal) (G1 Evacuation Pause)
[2026-09-20T19:08:56.472+0800][4469.956s][info][gc,task     ] GC(65) Using 13 workers of 13 for evacuation
[2026-09-20T19:08:56.474+0800][4469.957s][info][gc,phases   ] GC(65)   Pre Evacuate Collection Set: 0.09ms
[2026-09-20T19:08:56.474+0800][4469.957s][info][gc,phases   ] GC(65)   Merge Heap Roots: 0.07ms
[2026-09-20T19:08:56.474+0800][4469.957s][info][gc,phases   ] GC(65)   Evacuate Collection Set: 0.92ms
[2026-09-20T19:08:56.474+0800][4469.957s][info][gc,phases   ] GC(65)   Post Evacuate Collection Set: 0.42ms
[2026-09-20T19:08:56.474+0800][4469.957s][info][gc,phases   ] GC(65)   Other: 0.18ms
[2026-09-20T19:08:56.474+0800][4469.957s][info][gc,heap     ] GC(65) Eden regions: 609->0(609)
[2026-09-20T19:08:56.474+0800][4469.957s][info][gc,heap     ] GC(65) Survivor regions: 5->5(77)
[2026-09-20T19:08:56.474+0800][4469.957s][info][gc,heap     ] GC(65) Old regions: 59->59
[2026-09-20T19:08:56.474+0800][4469.957s][info][gc,heap     ] GC(65) Archive regions: 0->0
[2026-09-20T19:08:56.474+0800][4469.957s][info][gc,heap     ] GC(65) Humongous regions: 2->2
[2026-09-20T19:08:56.474+0800][4469.957s][info][gc,metaspace] GC(65) Metaspace: 109658K(110528K)->109658K(110528K) NonClass: 96718K(97152K)->96718K(97152K) Class: 12939K(13376K)->12939K(13376K)
[2026-09-20T19:08:56.474+0800][4469.957s][info][gc          ] GC(65) Pause Young (Normal) (G1 Evacuation Pause) 674M->65M(1024M) 1.811ms
[2026-09-20T19:08:56.474+0800][4469.957s][info][gc,cpu      ] GC(65) User=0.00s Sys=0.00s Real=0.00s
[2026-09-20T19:08:59.632+0800][4473.115s][info][gc,start    ] GC(66) Pause Young (Normal) (G1 Evacuation Pause)
[2026-09-20T19:08:59.632+0800][4473.115s][info][gc,task     ] GC(66) Using 13 workers of 13 for evacuation
[2026-09-20T19:08:59.634+0800][4473.117s][info][gc,phases   ] GC(66)   Pre Evacuate Collection Set: 0.10ms
[2026-09-20T19:08:59.634+0800][4473.117s][info][gc,phases   ] GC(66)   Merge Heap Roots: 0.08ms
[2026-09-20T19:08:59.634+0800][4473.117s][info][gc,phases   ] GC(66)   Evacuate Collection Set: 1.04ms
[2026-09-20T19:08:59.634+0800][4473.117s][info][gc,phases   ] GC(66)   Post Evacuate Collection Set: 0.41ms
[2026-09-20T19:08:59.634+0800][4473.117s][info][gc,phases   ] GC(66)   Other: 0.16ms
[2026-09-20T19:08:59.634+0800][4473.117s][info][gc,heap     ] GC(66) Eden regions: 609->0(609)
[2026-09-20T19:08:59.634+0800][4473.117s][info][gc,heap     ] GC(66) Survivor regions: 5->5(77)
[2026-09-20T19:08:59.634+0800][4473.117s][info][gc,heap     ] GC(66) Old regions: 59->59
[2026-09-20T19:08:59.634+0800][4473.117s][info][gc,heap     ] GC(66) Archive regions: 0->0
[2026-09-20T19:08:59.634+0800][4473.117s][info][gc,heap     ] GC(66) Humongous regions: 2->2
[2026-09-20T19:08:59.634+0800][4473.117s][info][gc,metaspace] GC(66) Metaspace: 109658K(110528K)->109658K(110528K) NonClass: 96718K(97152K)->96718K(97152K) Class: 12939K(13376K)->12939K(13376K)
[2026-09-20T19:08:59.634+0800][4473.117s][info][gc          ] GC(66) Pause Young (Normal) (G1 Evacuation Pause) 674M->65M(1024M) 1.921ms
[2026-09-20T19:08:59.634+0800][4473.117s][info][gc,cpu      ] GC(66) User=0.00s Sys=0.20s Real=0.00s
[2026-09-20T19:09:02.856+0800][4476.340s][info][gc,start    ] GC(67) Pause Young (Normal) (G1 Evacuation Pause)
[2026-09-20T19:09:02.856+0800][4476.340s][info][gc,task     ] GC(67) Using 13 workers of 13 for evacuation
[2026-09-20T19:09:02.858+0800][4476.342s][info][gc,phases   ] GC(67)   Pre Evacuate Collection Set: 0.10ms
[2026-09-20T19:09:02.858+0800][4476.342s][info][gc,phases   ] GC(67)   Merge Heap Roots: 0.08ms
[2026-09-20T19:09:02.858+0800][4476.342s][info][gc,phases   ] GC(67)   Evacuate Collection Set: 1.10ms
[2026-09-20T19:09:02.858+0800][4476.342s][info][gc,phases   ] GC(67)   Post Evacuate Collection Set: 0.46ms
[2026-09-20T19:09:02.858+0800][4476.342s][info][gc,phases   ] GC(67)   Other: 0.18ms
[2026-09-20T19:09:02.858+0800][4476.342s][info][gc,heap     ] GC(67) Eden regions: 609->0(609)
[2026-09-20T19:09:02.858+0800][4476.342s][info][gc,heap     ] GC(67) Survivor regions: 5->5(77)
[2026-09-20T19:09:02.858+0800][4476.342s][info][gc,heap     ] GC(67) Old regions: 59->60
[2026-09-20T19:09:02.858+0800][4476.342s][info][gc,heap     ] GC(67) Archive regions: 0->0
[2026-09-20T19:09:02.858+0800][4476.342s][info][gc,heap     ] GC(67) Humongous regions: 2->2
[2026-09-20T19:09:02.858+0800][4476.342s][info][gc,metaspace] GC(67) Metaspace: 109659K(110528K)->109659K(110528K) NonClass: 96720K(97152K)->96720K(97152K) Class: 12939K(13376K)->12939K(13376K)
[2026-09-20T19:09:02.858+0800][4476.342s][info][gc          ] GC(67) Pause Young (Normal) (G1 Evacuation Pause) 674M->65M(1024M) 2.096ms
[2026-09-20T19:09:02.858+0800][4476.342s][info][gc,cpu      ] GC(67) User=0.00s Sys=0.00s Real=0.00s
[2026-09-20T19:09:05.908+0800][4479.391s][info][gc,start    ] GC(68) Pause Young (Normal) (G1 Evacuation Pause)
[2026-09-20T19:09:05.908+0800][4479.391s][info][gc,task     ] GC(68) Using 13 workers of 13 for evacuation
[2026-09-20T19:09:05.910+0800][4479.393s][info][gc,phases   ] GC(68)   Pre Evacuate Collection Set: 0.09ms
[2026-09-20T19:09:05.910+0800][4479.393s][info][gc,phases   ] GC(68)   Merge Heap Roots: 0.08ms
[2026-09-20T19:09:05.910+0800][4479.393s][info][gc,phases   ] GC(68)   Evacuate Collection Set: 1.14ms
[2026-09-20T19:09:05.910+0800][4479.393s][info][gc,phases   ] GC(68)   Post Evacuate Collection Set: 0.45ms
[2026-09-20T19:09:05.910+0800][4479.393s][info][gc,phases   ] GC(68)   Other: 0.18ms
[2026-09-20T19:09:05.910+0800][4479.393s][info][gc,heap     ] GC(68) Eden regions: 609->0(610)
[2026-09-20T19:09:05.910+0800][4479.393s][info][gc,heap     ] GC(68) Survivor regions: 5->4(77)
[2026-09-20T19:09:05.910+0800][4479.393s][info][gc,heap     ] GC(68) Old regions: 60->60
[2026-09-20T19:09:05.910+0800][4479.393s][info][gc,heap     ] GC(68) Archive regions: 0->0
[2026-09-20T19:09:05.910+0800][4479.393s][info][gc,heap     ] GC(68) Humongous regions: 2->2
[2026-09-20T19:09:05.910+0800][4479.393s][info][gc,metaspace] GC(68) Metaspace: 109660K(110528K)->109660K(110528K) NonClass: 96721K(97152K)->96721K(97152K) Class: 12939K(13376K)->12939K(13376K)
[2026-09-20T19:09:05.910+0800][4479.393s][info][gc          ] GC(68) Pause Young (Normal) (G1 Evacuation Pause) 674M->65M(1024M) 2.067ms
[2026-09-20T19:09:05.910+0800][4479.393s][info][gc,cpu      ] GC(68) User=0.00s Sys=0.00s Real=0.00s
[2026-09-20T19:09:10.122+0800][4483.605s][info][gc,start    ] GC(69) Pause Young (Normal) (G1 Evacuation Pause)
[2026-09-20T19:09:10.122+0800][4483.605s][info][gc,task     ] GC(69) Using 13 workers of 13 for evacuation
[2026-09-20T19:09:10.124+0800][4483.607s][info][gc,phases   ] GC(69)   Pre Evacuate Collection Set: 0.12ms
[2026-09-20T19:09:10.124+0800][4483.607s][info][gc,phases   ] GC(69)   Merge Heap Roots: 0.08ms
[2026-09-20T19:09:10.124+0800][4483.607s][info][gc,phases   ] GC(69)   Evacuate Collection Set: 0.76ms
[2026-09-20T19:09:10.124+0800][4483.607s][info][gc,phases   ] GC(69)   Post Evacuate Collection Set: 0.41ms
[2026-09-20T19:09:10.124+0800][4483.607s][info][gc,phases   ] GC(69)   Other: 0.16ms
[2026-09-20T19:09:10.124+0800][4483.607s][info][gc,heap     ] GC(69) Eden regions: 610->0(611)
[2026-09-20T19:09:10.124+0800][4483.607s][info][gc,heap     ] GC(69) Survivor regions: 4->3(77)
[2026-09-20T19:09:10.124+0800][4483.607s][info][gc,heap     ] GC(69) Old regions: 60->60
[2026-09-20T19:09:10.124+0800][4483.607s][info][gc,heap     ] GC(69) Archive regions: 0->0
[2026-09-20T19:09:10.124+0800][4483.607s][info][gc,heap     ] GC(69) Humongous regions: 2->2
[2026-09-20T19:09:10.124+0800][4483.607s][info][gc,metaspace] GC(69) Metaspace: 109660K(110528K)->109660K(110528K) NonClass: 96721K(97152K)->96721K(97152K) Class: 12939K(13376K)->12939K(13376K)
[2026-09-20T19:09:10.124+0800][4483.607s][info][gc          ] GC(69) Pause Young (Normal) (G1 Evacuation Pause) 675M->64M(1024M) 1.745ms
[2026-09-20T19:09:10.124+0800][4483.607s][info][gc,cpu      ] GC(69) User=0.00s Sys=0.00s Real=0.00s
[2026-09-20T19:09:49.153+0800][4522.636s][info][gc,start    ] GC(70) Pause Young (Normal) (G1 Evacuation Pause)
[2026-09-20T19:09:49.153+0800][4522.636s][info][gc,task     ] GC(70) Using 13 workers of 13 for evacuation
[2026-09-20T19:09:49.154+0800][4522.637s][info][gc,phases   ] GC(70)   Pre Evacuate Collection Set: 0.10ms
[2026-09-20T19:09:49.154+0800][4522.637s][info][gc,phases   ] GC(70)   Merge Heap Roots: 0.07ms
[2026-09-20T19:09:49.154+0800][4522.637s][info][gc,phases   ] GC(70)   Evacuate Collection Set: 0.56ms
[2026-09-20T19:09:49.154+0800][4522.637s][info][gc,phases   ] GC(70)   Post Evacuate Collection Set: 0.36ms
[2026-09-20T19:09:49.154+0800][4522.637s][info][gc,phases   ] GC(70)   Other: 0.18ms
[2026-09-20T19:09:49.154+0800][4522.637s][info][gc,heap     ] GC(70) Eden regions: 611->0(612)
[2026-09-20T19:09:49.154+0800][4522.637s][info][gc,heap     ] GC(70) Survivor regions: 3->2(77)
[2026-09-20T19:09:49.154+0800][4522.637s][info][gc,heap     ] GC(70) Old regions: 60->61
[2026-09-20T19:09:49.154+0800][4522.637s][info][gc,heap     ] GC(70) Archive regions: 0->0
[2026-09-20T19:09:49.154+0800][4522.637s][info][gc,heap     ] GC(70) Humongous regions: 2->2
[2026-09-20T19:09:49.154+0800][4522.637s][info][gc,metaspace] GC(70) Metaspace: 109663K(110528K)->109663K(110528K) NonClass: 96723K(97152K)->96723K(97152K) Class: 12939K(13376K)->12939K(13376K)
[2026-09-20T19:09:49.154+0800][4522.637s][info][gc          ] GC(70) Pause Young (Normal) (G1 Evacuation Pause) 675M->63M(1024M) 1.430ms
[2026-09-20T19:09:49.154+0800][4522.637s][info][gc,cpu      ] GC(70) User=0.00s Sys=0.00s Real=0.00s
[2026-09-20T19:09:59.320+0800][4532.803s][info][gc,start    ] GC(71) Pause Young (Normal) (G1 Evacuation Pause)
[2026-09-20T19:09:59.320+0800][4532.803s][info][gc,task     ] GC(71) Using 13 workers of 13 for evacuation
[2026-09-20T19:09:59.321+0800][4532.805s][info][gc,phases   ] GC(71)   Pre Evacuate Collection Set: 0.11ms
[2026-09-20T19:09:59.321+0800][4532.805s][info][gc,phases   ] GC(71)   Merge Heap Roots: 0.09ms
[2026-09-20T19:09:59.321+0800][4532.805s][info][gc,phases   ] GC(71)   Evacuate Collection Set: 0.87ms
[2026-09-20T19:09:59.321+0800][4532.805s][info][gc,phases   ] GC(71)   Post Evacuate Collection Set: 0.47ms
[2026-09-20T19:09:59.321+0800][4532.805s][info][gc,phases   ] GC(71)   Other: 0.18ms
[2026-09-20T19:09:59.321+0800][4532.805s][info][gc,heap     ] GC(71) Eden regions: 612->0(611)
[2026-09-20T19:09:59.321+0800][4532.805s][info][gc,heap     ] GC(71) Survivor regions: 2->3(77)
[2026-09-20T19:09:59.321+0800][4532.805s][info][gc,heap     ] GC(71) Old regions: 61->61
[2026-09-20T19:09:59.321+0800][4532.805s][info][gc,heap     ] GC(71) Archive regions: 0->0
[2026-09-20T19:09:59.321+0800][4532.805s][info][gc,heap     ] GC(71) Humongous regions: 2->2
[2026-09-20T19:09:59.321+0800][4532.805s][info][gc,metaspace] GC(71) Metaspace: 109664K(110528K)->109664K(110528K) NonClass: 96724K(97152K)->96724K(97152K) Class: 12939K(13376K)->12939K(13376K)
[2026-09-20T19:09:59.321+0800][4532.805s][info][gc          ] GC(71) Pause Young (Normal) (G1 Evacuation Pause) 675M->64M(1024M) 1.891ms
[2026-09-20T19:09:59.321+0800][4532.805s][info][gc,cpu      ] GC(71) User=0.20s Sys=0.00s Real=0.00s
[2026-09-20T19:10:02.634+0800][4536.118s][info][gc,start    ] GC(72) Pause Young (Normal) (G1 Evacuation Pause)
[2026-09-20T19:10:02.634+0800][4536.118s][info][gc,task     ] GC(72) Using 13 workers of 13 for evacuation
[2026-09-20T19:10:02.636+0800][4536.119s][info][gc,phases   ] GC(72)   Pre Evacuate Collection Set: 0.16ms
[2026-09-20T19:10:02.636+0800][4536.119s][info][gc,phases   ] GC(72)   Merge Heap Roots: 0.08ms
[2026-09-20T19:10:02.636+0800][4536.119s][info][gc,phases   ] GC(72)   Evacuate Collection Set: 0.84ms
[2026-09-20T19:10:02.636+0800][4536.119s][info][gc,phases   ] GC(72)   Post Evacuate Collection Set: 0.48ms
[2026-09-20T19:10:02.636+0800][4536.119s][info][gc,phases   ] GC(72)   Other: 0.18ms
[2026-09-20T19:10:02.636+0800][4536.119s][info][gc,heap     ] GC(72) Eden regions: 611->0(610)
[2026-09-20T19:10:02.636+0800][4536.119s][info][gc,heap     ] GC(72) Survivor regions: 3->4(77)
[2026-09-20T19:10:02.636+0800][4536.119s][info][gc,heap     ] GC(72) Old regions: 61->61
[2026-09-20T19:10:02.636+0800][4536.119s][info][gc,heap     ] GC(72) Archive regions: 0->0
[2026-09-20T19:10:02.636+0800][4536.119s][info][gc,heap     ] GC(72) Humongous regions: 2->2
[2026-09-20T19:10:02.636+0800][4536.119s][info][gc,metaspace] GC(72) Metaspace: 109667K(110528K)->109667K(110528K) NonClass: 96727K(97152K)->96727K(97152K) Class: 12939K(13376K)->12939K(13376K)
[2026-09-20T19:10:02.636+0800][4536.120s][info][gc          ] GC(72) Pause Young (Normal) (G1 Evacuation Pause) 675M->65M(1024M) 1.921ms
[2026-09-20T19:10:02.636+0800][4536.120s][info][gc,cpu      ] GC(72) User=0.00s Sys=0.00s Real=0.00s
[2026-09-20T19:10:05.862+0800][4539.346s][info][gc,start    ] GC(73) Pause Young (Normal) (G1 Evacuation Pause)
[2026-09-20T19:10:05.862+0800][4539.346s][info][gc,task     ] GC(73) Using 13 workers of 13 for evacuation
[2026-09-20T19:10:05.864+0800][4539.348s][info][gc,phases   ] GC(73)   Pre Evacuate Collection Set: 0.12ms
[2026-09-20T19:10:05.864+0800][4539.348s][info][gc,phases   ] GC(73)   Merge Heap Roots: 0.08ms
[2026-09-20T19:10:05.864+0800][4539.348s][info][gc,phases   ] GC(73)   Evacuate Collection Set: 1.02ms
[2026-09-20T19:10:05.864+0800][4539.348s][info][gc,phases   ] GC(73)   Post Evacuate Collection Set: 0.55ms
[2026-09-20T19:10:05.864+0800][4539.348s][info][gc,phases   ] GC(73)   Other: 0.21ms
[2026-09-20T19:10:05.864+0800][4539.348s][info][gc,heap     ] GC(73) Eden regions: 610->0(609)
[2026-09-20T19:10:05.864+0800][4539.348s][info][gc,heap     ] GC(73) Survivor regions: 4->5(77)
[2026-09-20T19:10:05.864+0800][4539.348s][info][gc,heap     ] GC(73) Old regions: 61->61
[2026-09-20T19:10:05.864+0800][4539.348s][info][gc,heap     ] GC(73) Archive regions: 0->0
[2026-09-20T19:10:05.864+0800][4539.348s][info][gc,heap     ] GC(73) Humongous regions: 2->2
[2026-09-20T19:10:05.864+0800][4539.348s][info][gc,metaspace] GC(73) Metaspace: 109668K(110528K)->109668K(110528K) NonClass: 96729K(97152K)->96729K(97152K) Class: 12939K(13376K)->12939K(13376K)
[2026-09-20T19:10:05.864+0800][4539.348s][info][gc          ] GC(73) Pause Young (Normal) (G1 Evacuation Pause) 675M->66M(1024M) 2.126ms
[2026-09-20T19:10:05.864+0800][4539.348s][info][gc,cpu      ] GC(73) User=0.00s Sys=0.00s Real=0.00s
[2026-09-20T19:10:09.001+0800][4542.485s][info][gc,start    ] GC(74) Pause Young (Normal) (G1 Evacuation Pause)
[2026-09-20T19:10:09.001+0800][4542.485s][info][gc,task     ] GC(74) Using 13 workers of 13 for evacuation
[2026-09-20T19:10:09.004+0800][4542.487s][info][gc,phases   ] GC(74)   Pre Evacuate Collection Set: 0.14ms
[2026-09-20T19:10:09.004+0800][4542.487s][info][gc,phases   ] GC(74)   Merge Heap Roots: 0.07ms
[2026-09-20T19:10:09.004+0800][4542.487s][info][gc,phases   ] GC(74)   Evacuate Collection Set: 1.22ms
[2026-09-20T19:10:09.004+0800][4542.487s][info][gc,phases   ] GC(74)   Post Evacuate Collection Set: 0.50ms
[2026-09-20T19:10:09.004+0800][4542.487s][info][gc,phases   ] GC(74)   Other: 0.22ms
[2026-09-20T19:10:09.004+0800][4542.487s][info][gc,heap     ] GC(74) Eden regions: 609->0(608)
[2026-09-20T19:10:09.004+0800][4542.487s][info][gc,heap     ] GC(74) Survivor regions: 5->6(77)
[2026-09-20T19:10:09.004+0800][4542.487s][info][gc,heap     ] GC(74) Old regions: 61->61
[2026-09-20T19:10:09.004+0800][4542.487s][info][gc,heap     ] GC(74) Archive regions: 0->0
[2026-09-20T19:10:09.004+0800][4542.487s][info][gc,heap     ] GC(74) Humongous regions: 2->2
[2026-09-20T19:10:09.004+0800][4542.487s][info][gc,metaspace] GC(74) Metaspace: 109668K(110528K)->109668K(110528K) NonClass: 96729K(97152K)->96729K(97152K) Class: 12939K(13376K)->12939K(13376K)
[2026-09-20T19:10:09.004+0800][4542.487s][info][gc          ] GC(74) Pause Young (Normal) (G1 Evacuation Pause) 675M->67M(1024M) 2.303ms
[2026-09-20T19:10:09.004+0800][4542.487s][info][gc,cpu      ] GC(74) User=0.00s Sys=0.00s Real=0.00s
[2026-09-20T19:10:12.313+0800][4545.796s][info][gc,start    ] GC(75) Pause Young (Normal) (G1 Evacuation Pause)
[2026-09-20T19:10:12.313+0800][4545.796s][info][gc,task     ] GC(75) Using 13 workers of 13 for evacuation
[2026-09-20T19:10:12.315+0800][4545.798s][info][gc,phases   ] GC(75)   Pre Evacuate Collection Set: 0.16ms
[2026-09-20T19:10:12.315+0800][4545.798s][info][gc,phases   ] GC(75)   Merge Heap Roots: 0.08ms
[2026-09-20T19:10:12.315+0800][4545.798s][info][gc,phases   ] GC(75)   Evacuate Collection Set: 1.25ms
[2026-09-20T19:10:12.315+0800][4545.798s][info][gc,phases   ] GC(75)   Post Evacuate Collection Set: 0.44ms
[2026-09-20T19:10:12.315+0800][4545.798s][info][gc,phases   ] GC(75)   Other: 0.21ms
[2026-09-20T19:10:12.315+0800][4545.798s][info][gc,heap     ] GC(75) Eden regions: 608->0(607)
[2026-09-20T19:10:12.315+0800][4545.798s][info][gc,heap     ] GC(75) Survivor regions: 6->7(77)
[2026-09-20T19:10:12.315+0800][4545.798s][info][gc,heap     ] GC(75) Old regions: 61->61
[2026-09-20T19:10:12.315+0800][4545.798s][info][gc,heap     ] GC(75) Archive regions: 0->0
[2026-09-20T19:10:12.315+0800][4545.798s][info][gc,heap     ] GC(75) Humongous regions: 2->2
[2026-09-20T19:10:12.315+0800][4545.798s][info][gc,metaspace] GC(75) Metaspace: 109670K(110528K)->109670K(110528K) NonClass: 96731K(97152K)->96731K(97152K) Class: 12939K(13376K)->12939K(13376K)
[2026-09-20T19:10:12.315+0800][4545.798s][info][gc          ] GC(75) Pause Young (Normal) (G1 Evacuation Pause) 675M->69M(1024M) 2.321ms
[2026-09-20T19:10:12.315+0800][4545.798s][info][gc,cpu      ] GC(75) User=0.00s Sys=0.00s Real=0.00s
[2026-09-20T19:10:15.676+0800][4549.159s][info][gc,start    ] GC(76) Pause Young (Normal) (G1 Evacuation Pause)
[2026-09-20T19:10:15.676+0800][4549.159s][info][gc,task     ] GC(76) Using 13 workers of 13 for evacuation
[2026-09-20T19:10:15.678+0800][4549.161s][info][gc,phases   ] GC(76)   Pre Evacuate Collection Set: 0.11ms
[2026-09-20T19:10:15.678+0800][4549.161s][info][gc,phases   ] GC(76)   Merge Heap Roots: 0.09ms
[2026-09-20T19:10:15.678+0800][4549.161s][info][gc,phases   ] GC(76)   Evacuate Collection Set: 1.32ms
[2026-09-20T19:10:15.678+0800][4549.161s][info][gc,phases   ] GC(76)   Post Evacuate Collection Set: 0.47ms
[2026-09-20T19:10:15.678+0800][4549.161s][info][gc,phases   ] GC(76)   Other: 0.19ms
[2026-09-20T19:10:15.678+0800][4549.161s][info][gc,heap     ] GC(76) Eden regions: 607->0(606)
[2026-09-20T19:10:15.678+0800][4549.161s][info][gc,heap     ] GC(76) Survivor regions: 7->8(77)
[2026-09-20T19:10:15.678+0800][4549.161s][info][gc,heap     ] GC(76) Old regions: 61->61
[2026-09-20T19:10:15.678+0800][4549.161s][info][gc,heap     ] GC(76) Archive regions: 0->0
[2026-09-20T19:10:15.678+0800][4549.161s][info][gc,heap     ] GC(76) Humongous regions: 2->2
[2026-09-20T19:10:15.678+0800][4549.161s][info][gc,metaspace] GC(76) Metaspace: 109670K(110528K)->109670K(110528K) NonClass: 96731K(97152K)->96731K(97152K) Class: 12939K(13376K)->12939K(13376K)
[2026-09-20T19:10:15.678+0800][4549.161s][info][gc          ] GC(76) Pause Young (Normal) (G1 Evacuation Pause) 676M->69M(1024M) 2.383ms
[2026-09-20T19:10:15.678+0800][4549.162s][info][gc,cpu      ] GC(76) User=0.00s Sys=0.00s Real=0.00s
[2026-09-20T19:10:19.065+0800][4552.548s][info][gc,start    ] GC(77) Pause Young (Normal) (G1 Evacuation Pause)
[2026-09-20T19:10:19.065+0800][4552.548s][info][gc,task     ] GC(77) Using 13 workers of 13 for evacuation
[2026-09-20T19:10:19.067+0800][4552.551s][info][gc,phases   ] GC(77)   Pre Evacuate Collection Set: 0.12ms
[2026-09-20T19:10:19.067+0800][4552.551s][info][gc,phases   ] GC(77)   Merge Heap Roots: 0.08ms
[2026-09-20T19:10:19.067+0800][4552.551s][info][gc,phases   ] GC(77)   Evacuate Collection Set: 1.31ms
[2026-09-20T19:10:19.067+0800][4552.551s][info][gc,phases   ] GC(77)   Post Evacuate Collection Set: 0.50ms
[2026-09-20T19:10:19.067+0800][4552.551s][info][gc,phases   ] GC(77)   Other: 0.18ms
[2026-09-20T19:10:19.067+0800][4552.551s][info][gc,heap     ] GC(77) Eden regions: 606->0(606)
[2026-09-20T19:10:19.067+0800][4552.551s][info][gc,heap     ] GC(77) Survivor regions: 8->8(77)
[2026-09-20T19:10:19.067+0800][4552.551s][info][gc,heap     ] GC(77) Old regions: 61->61
[2026-09-20T19:10:19.067+0800][4552.551s][info][gc,heap     ] GC(77) Archive regions: 0->0
[2026-09-20T19:10:19.067+0800][4552.551s][info][gc,heap     ] GC(77) Humongous regions: 2->2
[2026-09-20T19:10:19.067+0800][4552.551s][info][gc,metaspace] GC(77) Metaspace: 109671K(110528K)->109671K(110528K) NonClass: 96732K(97152K)->96732K(97152K) Class: 12939K(13376K)->12939K(13376K)
[2026-09-20T19:10:19.067+0800][4552.551s][info][gc          ] GC(77) Pause Young (Normal) (G1 Evacuation Pause) 675M->69M(1024M) 2.349ms
[2026-09-20T19:10:19.067+0800][4552.551s][info][gc,cpu      ] GC(77) User=0.00s Sys=0.00s Real=0.00s
[2026-09-20T19:10:22.394+0800][4555.878s][info][gc,start    ] GC(78) Pause Young (Normal) (G1 Evacuation Pause)
[2026-09-20T19:10:22.394+0800][4555.878s][info][gc,task     ] GC(78) Using 13 workers of 13 for evacuation
[2026-09-20T19:10:22.398+0800][4555.881s][info][gc,phases   ] GC(78)   Pre Evacuate Collection Set: 0.28ms
[2026-09-20T19:10:22.398+0800][4555.881s][info][gc,phases   ] GC(78)   Merge Heap Roots: 0.13ms
[2026-09-20T19:10:22.398+0800][4555.881s][info][gc,phases   ] GC(78)   Evacuate Collection Set: 1.40ms
[2026-09-20T19:10:22.398+0800][4555.881s][info][gc,phases   ] GC(78)   Post Evacuate Collection Set: 0.47ms
[2026-09-20T19:10:22.398+0800][4555.881s][info][gc,phases   ] GC(78)   Other: 0.22ms
[2026-09-20T19:10:22.398+0800][4555.881s][info][gc,heap     ] GC(78) Eden regions: 606->0(606)
[2026-09-20T19:10:22.398+0800][4555.881s][info][gc,heap     ] GC(78) Survivor regions: 8->8(77)
[2026-09-20T19:10:22.398+0800][4555.881s][info][gc,heap     ] GC(78) Old regions: 61->61
[2026-09-20T19:10:22.398+0800][4555.881s][info][gc,heap     ] GC(78) Archive regions: 0->0
[2026-09-20T19:10:22.398+0800][4555.881s][info][gc,heap     ] GC(78) Humongous regions: 2->2
[2026-09-20T19:10:22.398+0800][4555.881s][info][gc,metaspace] GC(78) Metaspace: 109671K(110528K)->109671K(110528K) NonClass: 96732K(97152K)->96732K(97152K) Class: 12939K(13376K)->12939K(13376K)
[2026-09-20T19:10:22.398+0800][4555.881s][info][gc          ] GC(78) Pause Young (Normal) (G1 Evacuation Pause) 675M->70M(1024M) 2.679ms
[2026-09-20T19:10:22.398+0800][4555.881s][info][gc,cpu      ] GC(78) User=0.00s Sys=0.00s Real=0.00s
[2026-09-20T19:10:25.840+0800][4559.323s][info][gc,start    ] GC(79) Pause Young (Normal) (G1 Evacuation Pause)
[2026-09-20T19:10:25.840+0800][4559.323s][info][gc,task     ] GC(79) Using 13 workers of 13 for evacuation
[2026-09-20T19:10:25.842+0800][4559.325s][info][gc,phases   ] GC(79)   Pre Evacuate Collection Set: 0.14ms
[2026-09-20T19:10:25.842+0800][4559.325s][info][gc,phases   ] GC(79)   Merge Heap Roots: 0.10ms
[2026-09-20T19:10:25.842+0800][4559.325s][info][gc,phases   ] GC(79)   Evacuate Collection Set: 1.21ms
[2026-09-20T19:10:25.842+0800][4559.325s][info][gc,phases   ] GC(79)   Post Evacuate Collection Set: 0.47ms
[2026-09-20T19:10:25.842+0800][4559.325s][info][gc,phases   ] GC(79)   Other: 0.21ms
[2026-09-20T19:10:25.842+0800][4559.325s][info][gc,heap     ] GC(79) Eden regions: 606->0(606)
[2026-09-20T19:10:25.842+0800][4559.325s][info][gc,heap     ] GC(79) Survivor regions: 8->8(77)
[2026-09-20T19:10:25.842+0800][4559.325s][info][gc,heap     ] GC(79) Old regions: 61->61
[2026-09-20T19:10:25.842+0800][4559.325s][info][gc,heap     ] GC(79) Archive regions: 0->0
[2026-09-20T19:10:25.842+0800][4559.325s][info][gc,heap     ] GC(79) Humongous regions: 2->2
[2026-09-20T19:10:25.842+0800][4559.325s][info][gc,metaspace] GC(79) Metaspace: 109671K(110528K)->109671K(110528K) NonClass: 96732K(97152K)->96732K(97152K) Class: 12939K(13376K)->12939K(13376K)
[2026-09-20T19:10:25.842+0800][4559.325s][info][gc          ] GC(79) Pause Young (Normal) (G1 Evacuation Pause) 676M->70M(1024M) 2.232ms
[2026-09-20T19:10:25.842+0800][4559.325s][info][gc,cpu      ] GC(79) User=0.00s Sys=0.00s Real=0.00s
[2026-09-20T19:10:29.269+0800][4562.753s][info][gc,start    ] GC(80) Pause Young (Normal) (G1 Evacuation Pause)
[2026-09-20T19:10:29.269+0800][4562.753s][info][gc,task     ] GC(80) Using 13 workers of 13 for evacuation
[2026-09-20T19:10:29.272+0800][4562.755s][info][gc,phases   ] GC(80)   Pre Evacuate Collection Set: 0.13ms
[2026-09-20T19:10:29.272+0800][4562.755s][info][gc,phases   ] GC(80)   Merge Heap Roots: 0.09ms
[2026-09-20T19:10:29.272+0800][4562.755s][info][gc,phases   ] GC(80)   Evacuate Collection Set: 1.36ms
[2026-09-20T19:10:29.272+0800][4562.755s][info][gc,phases   ] GC(80)   Post Evacuate Collection Set: 0.50ms
[2026-09-20T19:10:29.272+0800][4562.755s][info][gc,phases   ] GC(80)   Other: 0.17ms
[2026-09-20T19:10:29.272+0800][4562.755s][info][gc,heap     ] GC(80) Eden regions: 606->0(605)
[2026-09-20T19:10:29.272+0800][4562.755s][info][gc,heap     ] GC(80) Survivor regions: 8->9(77)
[2026-09-20T19:10:29.272+0800][4562.755s][info][gc,heap     ] GC(80) Old regions: 61->61
[2026-09-20T19:10:29.272+0800][4562.755s][info][gc,heap     ] GC(80) Archive regions: 0->0
[2026-09-20T19:10:29.272+0800][4562.755s][info][gc,heap     ] GC(80) Humongous regions: 2->2
[2026-09-20T19:10:29.272+0800][4562.755s][info][gc,metaspace] GC(80) Metaspace: 109671K(110528K)->109671K(110528K) NonClass: 96732K(97152K)->96732K(97152K) Class: 12939K(13376K)->12939K(13376K)
[2026-09-20T19:10:29.272+0800][4562.755s][info][gc          ] GC(80) Pause Young (Normal) (G1 Evacuation Pause) 676M->70M(1024M) 2.354ms
[2026-09-20T19:10:29.272+0800][4562.755s][info][gc,cpu      ] GC(80) User=0.00s Sys=0.00s Real=0.00s
[2026-09-20T19:10:32.749+0800][4566.233s][info][gc,start    ] GC(81) Pause Young (Normal) (G1 Evacuation Pause)
[2026-09-20T19:10:32.749+0800][4566.233s][info][gc,task     ] GC(81) Using 13 workers of 13 for evacuation
[2026-09-20T19:10:32.752+0800][4566.235s][info][gc,phases   ] GC(81)   Pre Evacuate Collection Set: 0.12ms
[2026-09-20T19:10:32.752+0800][4566.235s][info][gc,phases   ] GC(81)   Merge Heap Roots: 0.09ms
[2026-09-20T19:10:32.752+0800][4566.235s][info][gc,phases   ] GC(81)   Evacuate Collection Set: 1.34ms
[2026-09-20T19:10:32.752+0800][4566.235s][info][gc,phases   ] GC(81)   Post Evacuate Collection Set: 0.50ms
[2026-09-20T19:10:32.752+0800][4566.235s][info][gc,phases   ] GC(81)   Other: 0.19ms
[2026-09-20T19:10:32.752+0800][4566.235s][info][gc,heap     ] GC(81) Eden regions: 605->0(605)
[2026-09-20T19:10:32.752+0800][4566.236s][info][gc,heap     ] GC(81) Survivor regions: 9->9(77)
[2026-09-20T19:10:32.752+0800][4566.236s][info][gc,heap     ] GC(81) Old regions: 61->61
[2026-09-20T19:10:32.752+0800][4566.236s][info][gc,heap     ] GC(81) Archive regions: 0->0
[2026-09-20T19:10:32.752+0800][4566.236s][info][gc,heap     ] GC(81) Humongous regions: 2->2
[2026-09-20T19:10:32.752+0800][4566.236s][info][gc,metaspace] GC(81) Metaspace: 109671K(110528K)->109671K(110528K) NonClass: 96732K(97152K)->96732K(97152K) Class: 12939K(13376K)->12939K(13376K)
[2026-09-20T19:10:32.752+0800][4566.236s][info][gc          ] GC(81) Pause Young (Normal) (G1 Evacuation Pause) 675M->70M(1024M) 2.370ms
[2026-09-20T19:10:32.752+0800][4566.236s][info][gc,cpu      ] GC(81) User=0.00s Sys=0.00s Real=0.00s
[2026-09-20T19:10:36.096+0800][4569.580s][info][gc,start    ] GC(82) Pause Young (Normal) (G1 Evacuation Pause)
[2026-09-20T19:10:36.096+0800][4569.580s][info][gc,task     ] GC(82) Using 13 workers of 13 for evacuation
[2026-09-20T19:10:36.099+0800][4569.582s][info][gc,phases   ] GC(82)   Pre Evacuate Collection Set: 0.13ms
[2026-09-20T19:10:36.099+0800][4569.582s][info][gc,phases   ] GC(82)   Merge Heap Roots: 0.26ms
[2026-09-20T19:10:36.099+0800][4569.582s][info][gc,phases   ] GC(82)   Evacuate Collection Set: 1.35ms
[2026-09-20T19:10:36.099+0800][4569.582s][info][gc,phases   ] GC(82)   Post Evacuate Collection Set: 0.53ms
[2026-09-20T19:10:36.099+0800][4569.582s][info][gc,phases   ] GC(82)   Other: 0.21ms
[2026-09-20T19:10:36.099+0800][4569.582s][info][gc,heap     ] GC(82) Eden regions: 605->0(606)
[2026-09-20T19:10:36.099+0800][4569.582s][info][gc,heap     ] GC(82) Survivor regions: 9->8(77)
[2026-09-20T19:10:36.099+0800][4569.582s][info][gc,heap     ] GC(82) Old regions: 61->61
[2026-09-20T19:10:36.099+0800][4569.582s][info][gc,heap     ] GC(82) Archive regions: 0->0
[2026-09-20T19:10:36.099+0800][4569.582s][info][gc,heap     ] GC(82) Humongous regions: 2->2
[2026-09-20T19:10:36.099+0800][4569.582s][info][gc,metaspace] GC(82) Metaspace: 109671K(110528K)->109671K(110528K) NonClass: 96732K(97152K)->96732K(97152K) Class: 12939K(13376K)->12939K(13376K)
[2026-09-20T19:10:36.099+0800][4569.582s][info][gc          ] GC(82) Pause Young (Normal) (G1 Evacuation Pause) 675M->69M(1024M) 2.612ms
[2026-09-20T19:10:36.099+0800][4569.582s][info][gc,cpu      ] GC(82) User=0.00s Sys=0.00s Real=0.00s
[2026-09-20T19:10:39.528+0800][4573.012s][info][gc,start    ] GC(83) Pause Young (Normal) (G1 Evacuation Pause)
[2026-09-20T19:10:39.528+0800][4573.012s][info][gc,task     ] GC(83) Using 13 workers of 13 for evacuation
[2026-09-20T19:10:39.531+0800][4573.014s][info][gc,phases   ] GC(83)   Pre Evacuate Collection Set: 0.16ms
[2026-09-20T19:10:39.531+0800][4573.014s][info][gc,phases   ] GC(83)   Merge Heap Roots: 0.09ms
[2026-09-20T19:10:39.531+0800][4573.014s][info][gc,phases   ] GC(83)   Evacuate Collection Set: 1.35ms
[2026-09-20T19:10:39.531+0800][4573.014s][info][gc,phases   ] GC(83)   Post Evacuate Collection Set: 0.50ms
[2026-09-20T19:10:39.531+0800][4573.014s][info][gc,phases   ] GC(83)   Other: 0.20ms
[2026-09-20T19:10:39.531+0800][4573.014s][info][gc,heap     ] GC(83) Eden regions: 606->0(606)
[2026-09-20T19:10:39.531+0800][4573.014s][info][gc,heap     ] GC(83) Survivor regions: 8->8(77)
[2026-09-20T19:10:39.531+0800][4573.014s][info][gc,heap     ] GC(83) Old regions: 61->61
[2026-09-20T19:10:39.531+0800][4573.014s][info][gc,heap     ] GC(83) Archive regions: 0->0
[2026-09-20T19:10:39.531+0800][4573.014s][info][gc,heap     ] GC(83) Humongous regions: 2->2
[2026-09-20T19:10:39.531+0800][4573.014s][info][gc,metaspace] GC(83) Metaspace: 109671K(110528K)->109671K(110528K) NonClass: 96732K(97152K)->96732K(97152K) Class: 12939K(13376K)->12939K(13376K)
[2026-09-20T19:10:39.531+0800][4573.014s][info][gc          ] GC(83) Pause Young (Normal) (G1 Evacuation Pause) 675M->70M(1024M) 2.436ms
[2026-09-20T19:10:39.531+0800][4573.014s][info][gc,cpu      ] GC(83) User=0.00s Sys=0.00s Real=0.00s
[2026-09-20T19:10:43.018+0800][4576.501s][info][gc,start    ] GC(84) Pause Young (Normal) (G1 Evacuation Pause)
[2026-09-20T19:10:43.018+0800][4576.501s][info][gc,task     ] GC(84) Using 13 workers of 13 for evacuation
[2026-09-20T19:10:43.020+0800][4576.503s][info][gc,phases   ] GC(84)   Pre Evacuate Collection Set: 0.11ms
[2026-09-20T19:10:43.020+0800][4576.503s][info][gc,phases   ] GC(84)   Merge Heap Roots: 0.08ms
[2026-09-20T19:10:43.020+0800][4576.503s][info][gc,phases   ] GC(84)   Evacuate Collection Set: 1.12ms
[2026-09-20T19:10:43.020+0800][4576.503s][info][gc,phases   ] GC(84)   Post Evacuate Collection Set: 0.47ms
[2026-09-20T19:10:43.020+0800][4576.503s][info][gc,phases   ] GC(84)   Other: 0.19ms
[2026-09-20T19:10:43.020+0800][4576.503s][info][gc,heap     ] GC(84) Eden regions: 606->0(606)
[2026-09-20T19:10:43.020+0800][4576.503s][info][gc,heap     ] GC(84) Survivor regions: 8->8(77)
[2026-09-20T19:10:43.020+0800][4576.503s][info][gc,heap     ] GC(84) Old regions: 61->61
[2026-09-20T19:10:43.020+0800][4576.504s][info][gc,heap     ] GC(84) Archive regions: 0->0
[2026-09-20T19:10:43.020+0800][4576.504s][info][gc,heap     ] GC(84) Humongous regions: 2->2
[2026-09-20T19:10:43.020+0800][4576.504s][info][gc,metaspace] GC(84) Metaspace: 109671K(110528K)->109671K(110528K) NonClass: 96732K(97152K)->96732K(97152K) Class: 12939K(13376K)->12939K(13376K)
[2026-09-20T19:10:43.020+0800][4576.504s][info][gc          ] GC(84) Pause Young (Normal) (G1 Evacuation Pause) 676M->70M(1024M) 2.138ms
[2026-09-20T19:10:43.020+0800][4576.504s][info][gc,cpu      ] GC(84) User=0.00s Sys=0.00s Real=0.00s
[2026-09-20T19:10:46.418+0800][4579.902s][info][gc,start    ] GC(85) Pause Young (Normal) (G1 Evacuation Pause)
[2026-09-20T19:10:46.418+0800][4579.902s][info][gc,task     ] GC(85) Using 13 workers of 13 for evacuation
[2026-09-20T19:10:46.420+0800][4579.904s][info][gc,phases   ] GC(85)   Pre Evacuate Collection Set: 0.10ms
[2026-09-20T19:10:46.420+0800][4579.904s][info][gc,phases   ] GC(85)   Merge Heap Roots: 0.09ms
[2026-09-20T19:10:46.420+0800][4579.904s][info][gc,phases   ] GC(85)   Evacuate Collection Set: 1.28ms
[2026-09-20T19:10:46.420+0800][4579.904s][info][gc,phases   ] GC(85)   Post Evacuate Collection Set: 0.55ms
[2026-09-20T19:10:46.420+0800][4579.904s][info][gc,phases   ] GC(85)   Other: 0.17ms
[2026-09-20T19:10:46.420+0800][4579.904s][info][gc,heap     ] GC(85) Eden regions: 606->0(606)
[2026-09-20T19:10:46.420+0800][4579.904s][info][gc,heap     ] GC(85) Survivor regions: 8->8(77)
[2026-09-20T19:10:46.420+0800][4579.904s][info][gc,heap     ] GC(85) Old regions: 61->61
[2026-09-20T19:10:46.420+0800][4579.904s][info][gc,heap     ] GC(85) Archive regions: 0->0
[2026-09-20T19:10:46.420+0800][4579.904s][info][gc,heap     ] GC(85) Humongous regions: 2->2
[2026-09-20T19:10:46.420+0800][4579.904s][info][gc,metaspace] GC(85) Metaspace: 109671K(110528K)->109671K(110528K) NonClass: 96732K(97152K)->96732K(97152K) Class: 12939K(13376K)->12939K(13376K)
[2026-09-20T19:10:46.420+0800][4579.904s][info][gc          ] GC(85) Pause Young (Normal) (G1 Evacuation Pause) 676M->70M(1024M) 2.316ms
[2026-09-20T19:10:46.420+0800][4579.904s][info][gc,cpu      ] GC(85) User=0.00s Sys=0.00s Real=0.00s
[2026-09-20T19:10:49.754+0800][4583.237s][info][gc,start    ] GC(86) Pause Young (Normal) (G1 Evacuation Pause)
[2026-09-20T19:10:49.754+0800][4583.237s][info][gc,task     ] GC(86) Using 13 workers of 13 for evacuation
[2026-09-20T19:10:49.755+0800][4583.239s][info][gc,phases   ] GC(86)   Pre Evacuate Collection Set: 0.13ms
[2026-09-20T19:10:49.755+0800][4583.240s][info][gc,phases   ] GC(86)   Merge Heap Roots: 0.09ms
[2026-09-20T19:10:49.755+0800][4583.240s][info][gc,phases   ] GC(86)   Evacuate Collection Set: 1.24ms
[2026-09-20T19:10:49.755+0800][4583.240s][info][gc,phases   ] GC(86)   Post Evacuate Collection Set: 0.55ms
[2026-09-20T19:10:49.755+0800][4583.240s][info][gc,phases   ] GC(86)   Other: 0.16ms
[2026-09-20T19:10:49.755+0800][4583.240s][info][gc,heap     ] GC(86) Eden regions: 606->0(606)
[2026-09-20T19:10:49.755+0800][4583.240s][info][gc,heap     ] GC(86) Survivor regions: 8->8(77)
[2026-09-20T19:10:49.755+0800][4583.240s][info][gc,heap     ] GC(86) Old regions: 61->62
[2026-09-20T19:10:49.755+0800][4583.240s][info][gc,heap     ] GC(86) Archive regions: 0->0
[2026-09-20T19:10:49.755+0800][4583.240s][info][gc,heap     ] GC(86) Humongous regions: 2->2
[2026-09-20T19:10:49.755+0800][4583.240s][info][gc,metaspace] GC(86) Metaspace: 109671K(110528K)->109671K(110528K) NonClass: 96732K(97152K)->96732K(97152K) Class: 12939K(13376K)->12939K(13376K)
[2026-09-20T19:10:49.755+0800][4583.240s][info][gc          ] GC(86) Pause Young (Normal) (G1 Evacuation Pause) 676M->70M(1024M) 2.301ms
[2026-09-20T19:10:49.755+0800][4583.240s][info][gc,cpu      ] GC(86) User=0.00s Sys=0.00s Real=0.00s
[2026-09-20T19:10:53.160+0800][4586.644s][info][gc,start    ] GC(87) Pause Young (Normal) (G1 Evacuation Pause)
[2026-09-20T19:10:53.160+0800][4586.644s][info][gc,task     ] GC(87) Using 13 workers of 13 for evacuation
[2026-09-20T19:10:53.162+0800][4586.646s][info][gc,phases   ] GC(87)   Pre Evacuate Collection Set: 0.13ms
[2026-09-20T19:10:53.162+0800][4586.646s][info][gc,phases   ] GC(87)   Merge Heap Roots: 0.09ms
[2026-09-20T19:10:53.162+0800][4586.646s][info][gc,phases   ] GC(87)   Evacuate Collection Set: 1.32ms
[2026-09-20T19:10:53.162+0800][4586.646s][info][gc,phases   ] GC(87)   Post Evacuate Collection Set: 0.60ms
[2026-09-20T19:10:53.162+0800][4586.646s][info][gc,phases   ] GC(87)   Other: 0.18ms
[2026-09-20T19:10:53.162+0800][4586.646s][info][gc,heap     ] GC(87) Eden regions: 606->0(607)
[2026-09-20T19:10:53.162+0800][4586.646s][info][gc,heap     ] GC(87) Survivor regions: 8->7(77)
[2026-09-20T19:10:53.162+0800][4586.646s][info][gc,heap     ] GC(87) Old regions: 62->62
[2026-09-20T19:10:53.162+0800][4586.646s][info][gc,heap     ] GC(87) Archive regions: 0->0
[2026-09-20T19:10:53.162+0800][4586.646s][info][gc,heap     ] GC(87) Humongous regions: 2->2
[2026-09-20T19:10:53.162+0800][4586.646s][info][gc,metaspace] GC(87) Metaspace: 109671K(110528K)->109671K(110528K) NonClass: 96732K(97152K)->96732K(97152K) Class: 12939K(13376K)->12939K(13376K)
[2026-09-20T19:10:53.164+0800][4586.646s][info][gc          ] GC(87) Pause Young (Normal) (G1 Evacuation Pause) 676M->70M(1024M) 2.460ms
[2026-09-20T19:10:53.164+0800][4586.647s][info][gc,cpu      ] GC(87) User=0.00s Sys=0.00s Real=0.00s
[2026-09-20T19:11:16.392+0800][4609.876s][info][gc,start    ] GC(88) Pause Young (Normal) (G1 Evacuation Pause)
[2026-09-20T19:11:16.392+0800][4609.876s][info][gc,task     ] GC(88) Using 13 workers of 13 for evacuation
[2026-09-20T19:11:16.394+0800][4609.878s][info][gc,phases   ] GC(88)   Pre Evacuate Collection Set: 0.12ms
[2026-09-20T19:11:16.394+0800][4609.878s][info][gc,phases   ] GC(88)   Merge Heap Roots: 0.09ms
[2026-09-20T19:11:16.394+0800][4609.878s][info][gc,phases   ] GC(88)   Evacuate Collection Set: 0.81ms
[2026-09-20T19:11:16.394+0800][4609.878s][info][gc,phases   ] GC(88)   Post Evacuate Collection Set: 0.48ms
[2026-09-20T19:11:16.394+0800][4609.878s][info][gc,phases   ] GC(88)   Other: 0.17ms
[2026-09-20T19:11:16.394+0800][4609.878s][info][gc,heap     ] GC(88) Eden regions: 607->0(610)
[2026-09-20T19:11:16.394+0800][4609.878s][info][gc,heap     ] GC(88) Survivor regions: 7->4(77)
[2026-09-20T19:11:16.394+0800][4609.878s][info][gc,heap     ] GC(88) Old regions: 62->62
[2026-09-20T19:11:16.394+0800][4609.878s][info][gc,heap     ] GC(88) Archive regions: 0->0
[2026-09-20T19:11:16.394+0800][4609.878s][info][gc,heap     ] GC(88) Humongous regions: 2->2
[2026-09-20T19:11:16.394+0800][4609.878s][info][gc,metaspace] GC(88) Metaspace: 109692K(110528K)->109692K(110528K) NonClass: 96752K(97152K)->96752K(97152K) Class: 12939K(13376K)->12939K(13376K)
[2026-09-20T19:11:16.394+0800][4609.878s][info][gc          ] GC(88) Pause Young (Normal) (G1 Evacuation Pause) 677M->67M(1024M) 1.842ms
[2026-09-20T19:11:16.394+0800][4609.878s][info][gc,cpu      ] GC(88) User=0.00s Sys=0.00s Real=0.00s
[2026-09-20T19:11:23.865+0800][4617.348s][info][gc,start    ] GC(89) Pause Young (Normal) (G1 Evacuation Pause)
[2026-09-20T19:11:23.865+0800][4617.348s][info][gc,task     ] GC(89) Using 13 workers of 13 for evacuation
[2026-09-20T19:11:23.867+0800][4617.350s][info][gc,phases   ] GC(89)   Pre Evacuate Collection Set: 0.12ms
[2026-09-20T19:11:23.867+0800][4617.350s][info][gc,phases   ] GC(89)   Merge Heap Roots: 0.08ms
[2026-09-20T19:11:23.867+0800][4617.350s][info][gc,phases   ] GC(89)   Evacuate Collection Set: 1.36ms
[2026-09-20T19:11:23.867+0800][4617.350s][info][gc,phases   ] GC(89)   Post Evacuate Collection Set: 0.43ms
[2026-09-20T19:11:23.867+0800][4617.350s][info][gc,phases   ] GC(89)   Other: 0.16ms
[2026-09-20T19:11:23.867+0800][4617.350s][info][gc,heap     ] GC(89) Eden regions: 610->0(610)
[2026-09-20T19:11:23.867+0800][4617.350s][info][gc,heap     ] GC(89) Survivor regions: 4->4(77)
[2026-09-20T19:11:23.867+0800][4617.350s][info][gc,heap     ] GC(89) Old regions: 62->63
[2026-09-20T19:11:23.867+0800][4617.350s][info][gc,heap     ] GC(89) Archive regions: 0->0
[2026-09-20T19:11:23.867+0800][4617.350s][info][gc,heap     ] GC(89) Humongous regions: 2->2
[2026-09-20T19:11:23.867+0800][4617.350s][info][gc,metaspace] GC(89) Metaspace: 109692K(110528K)->109692K(110528K) NonClass: 96752K(97152K)->96752K(97152K) Class: 12939K(13376K)->12939K(13376K)
[2026-09-20T19:11:23.867+0800][4617.350s][info][gc          ] GC(89) Pause Young (Normal) (G1 Evacuation Pause) 677M->68M(1024M) 2.245ms
[2026-09-20T19:11:23.867+0800][4617.351s][info][gc,cpu      ] GC(89) User=0.00s Sys=0.00s Real=0.00s
[2026-09-20T19:11:27.418+0800][4620.902s][info][gc,start    ] GC(90) Pause Young (Normal) (G1 Evacuation Pause)
[2026-09-20T19:11:27.418+0800][4620.902s][info][gc,task     ] GC(90) Using 13 workers of 13 for evacuation
[2026-09-20T19:11:27.420+0800][4620.904s][info][gc,phases   ] GC(90)   Pre Evacuate Collection Set: 0.14ms
[2026-09-20T19:11:27.420+0800][4620.904s][info][gc,phases   ] GC(90)   Merge Heap Roots: 0.08ms
[2026-09-20T19:11:27.420+0800][4620.904s][info][gc,phases   ] GC(90)   Evacuate Collection Set: 0.98ms
[2026-09-20T19:11:27.420+0800][4620.904s][info][gc,phases   ] GC(90)   Post Evacuate Collection Set: 0.51ms
[2026-09-20T19:11:27.420+0800][4620.904s][info][gc,phases   ] GC(90)   Other: 0.19ms
[2026-09-20T19:11:27.420+0800][4620.904s][info][gc,heap     ] GC(90) Eden regions: 610->0(610)
[2026-09-20T19:11:27.420+0800][4620.904s][info][gc,heap     ] GC(90) Survivor regions: 4->4(77)
[2026-09-20T19:11:27.420+0800][4620.904s][info][gc,heap     ] GC(90) Old regions: 63->64
[2026-09-20T19:11:27.421+0800][4620.904s][info][gc,heap     ] GC(90) Archive regions: 0->0
[2026-09-20T19:11:27.421+0800][4620.904s][info][gc,heap     ] GC(90) Humongous regions: 2->2
[2026-09-20T19:11:27.421+0800][4620.904s][info][gc,metaspace] GC(90) Metaspace: 109692K(110528K)->109692K(110528K) NonClass: 96752K(97152K)->96752K(97152K) Class: 12939K(13376K)->12939K(13376K)
[2026-09-20T19:11:27.421+0800][4620.904s][info][gc          ] GC(90) Pause Young (Normal) (G1 Evacuation Pause) 678M->68M(1024M) 2.085ms
[2026-09-20T19:11:27.421+0800][4620.904s][info][gc,cpu      ] GC(90) User=0.00s Sys=0.00s Real=0.00s
[2026-09-20T19:11:30.972+0800][4624.456s][info][gc,start    ] GC(91) Pause Young (Normal) (G1 Evacuation Pause)
[2026-09-20T19:11:30.972+0800][4624.456s][info][gc,task     ] GC(91) Using 13 workers of 13 for evacuation
[2026-09-20T19:11:30.975+0800][4624.458s][info][gc,phases   ] GC(91)   Pre Evacuate Collection Set: 0.11ms
[2026-09-20T19:11:30.975+0800][4624.458s][info][gc,phases   ] GC(91)   Merge Heap Roots: 0.10ms
[2026-09-20T19:11:30.975+0800][4624.458s][info][gc,phases   ] GC(91)   Evacuate Collection Set: 0.97ms
[2026-09-20T19:11:30.975+0800][4624.458s][info][gc,phases   ] GC(91)   Post Evacuate Collection Set: 0.42ms
[2026-09-20T19:11:30.975+0800][4624.458s][info][gc,phases   ] GC(91)   Other: 0.18ms
[2026-09-20T19:11:30.975+0800][4624.458s][info][gc,heap     ] GC(91) Eden regions: 610->0(610)
[2026-09-20T19:11:30.975+0800][4624.458s][info][gc,heap     ] GC(91) Survivor regions: 4->4(77)
[2026-09-20T19:11:30.975+0800][4624.458s][info][gc,heap     ] GC(91) Old regions: 64->64
[2026-09-20T19:11:30.975+0800][4624.458s][info][gc,heap     ] GC(91) Archive regions: 0->0
[2026-09-20T19:11:30.975+0800][4624.458s][info][gc,heap     ] GC(91) Humongous regions: 2->2
[2026-09-20T19:11:30.975+0800][4624.458s][info][gc,metaspace] GC(91) Metaspace: 109692K(110528K)->109692K(110528K) NonClass: 96752K(97152K)->96752K(97152K) Class: 12939K(13376K)->12939K(13376K)
[2026-09-20T19:11:30.975+0800][4624.458s][info][gc          ] GC(91) Pause Young (Normal) (G1 Evacuation Pause) 678M->69M(1024M) 2.026ms
[2026-09-20T19:11:30.975+0800][4624.458s][info][gc,cpu      ] GC(91) User=0.00s Sys=0.00s Real=0.00s
[2026-09-20T19:11:34.420+0800][4627.904s][info][gc,start    ] GC(92) Pause Young (Normal) (G1 Evacuation Pause)
[2026-09-20T19:11:34.420+0800][4627.904s][info][gc,task     ] GC(92) Using 13 workers of 13 for evacuation
[2026-09-20T19:11:34.423+0800][4627.906s][info][gc,phases   ] GC(92)   Pre Evacuate Collection Set: 0.11ms
[2026-09-20T19:11:34.423+0800][4627.906s][info][gc,phases   ] GC(92)   Merge Heap Roots: 0.08ms
[2026-09-20T19:11:34.423+0800][4627.906s][info][gc,phases   ] GC(92)   Evacuate Collection Set: 0.88ms
[2026-09-20T19:11:34.423+0800][4627.906s][info][gc,phases   ] GC(92)   Post Evacuate Collection Set: 0.59ms
[2026-09-20T19:11:34.423+0800][4627.906s][info][gc,phases   ] GC(92)   Other: 0.18ms
[2026-09-20T19:11:34.423+0800][4627.906s][info][gc,heap     ] GC(92) Eden regions: 610->0(610)
[2026-09-20T19:11:34.423+0800][4627.906s][info][gc,heap     ] GC(92) Survivor regions: 4->4(77)
[2026-09-20T19:11:34.423+0800][4627.906s][info][gc,heap     ] GC(92) Old regions: 64->64
[2026-09-20T19:11:34.423+0800][4627.906s][info][gc,heap     ] GC(92) Archive regions: 0->0
[2026-09-20T19:11:34.423+0800][4627.906s][info][gc,heap     ] GC(92) Humongous regions: 2->2
[2026-09-20T19:11:34.423+0800][4627.906s][info][gc,metaspace] GC(92) Metaspace: 109692K(110528K)->109692K(110528K) NonClass: 96752K(97152K)->96752K(97152K) Class: 12939K(13376K)->12939K(13376K)
[2026-09-20T19:11:34.423+0800][4627.906s][info][gc          ] GC(92) Pause Young (Normal) (G1 Evacuation Pause) 679M->69M(1024M) 1.963ms
[2026-09-20T19:11:34.423+0800][4627.906s][info][gc,cpu      ] GC(92) User=0.00s Sys=0.00s Real=0.00s
[2026-09-20T19:11:38.188+0800][4631.672s][info][gc,start    ] GC(93) Pause Young (Normal) (G1 Evacuation Pause)
[2026-09-20T19:11:38.188+0800][4631.672s][info][gc,task     ] GC(93) Using 13 workers of 13 for evacuation
[2026-09-20T19:11:38.191+0800][4631.675s][info][gc,phases   ] GC(93)   Pre Evacuate Collection Set: 0.16ms
[2026-09-20T19:11:38.191+0800][4631.675s][info][gc,phases   ] GC(93)   Merge Heap Roots: 0.08ms
[2026-09-20T19:11:38.191+0800][4631.675s][info][gc,phases   ] GC(93)   Evacuate Collection Set: 2.09ms
[2026-09-20T19:11:38.191+0800][4631.675s][info][gc,phases   ] GC(93)   Post Evacuate Collection Set: 0.60ms
[2026-09-20T19:11:38.191+0800][4631.675s][info][gc,phases   ] GC(93)   Other: 0.23ms
[2026-09-20T19:11:38.191+0800][4631.675s][info][gc,heap     ] GC(93) Eden regions: 610->0(609)
[2026-09-20T19:11:38.191+0800][4631.675s][info][gc,heap     ] GC(93) Survivor regions: 4->5(77)
[2026-09-20T19:11:38.191+0800][4631.675s][info][gc,heap     ] GC(93) Old regions: 64->64
[2026-09-20T19:11:38.191+0800][4631.675s][info][gc,heap     ] GC(93) Archive regions: 0->0
[2026-09-20T19:11:38.191+0800][4631.675s][info][gc,heap     ] GC(93) Humongous regions: 2->2
[2026-09-20T19:11:38.191+0800][4631.675s][info][gc,metaspace] GC(93) Metaspace: 111563K(112448K)->111563K(112448K) NonClass: 98413K(98816K)->98413K(98816K) Class: 13149K(13632K)->13149K(13632K)
[2026-09-20T19:11:38.191+0800][4631.675s][info][gc          ] GC(93) Pause Young (Normal) (G1 Evacuation Pause) 679M->70M(1024M) 3.336ms
[2026-09-20T19:11:38.191+0800][4631.675s][info][gc,cpu      ] GC(93) User=0.00s Sys=0.00s Real=0.00s
[2026-09-20T19:11:41.901+0800][4635.385s][info][gc,start    ] GC(94) Pause Young (Normal) (G1 Evacuation Pause)
[2026-09-20T19:11:41.902+0800][4635.385s][info][gc,task     ] GC(94) Using 13 workers of 13 for evacuation
[2026-09-20T19:11:41.904+0800][4635.388s][info][gc,phases   ] GC(94)   Pre Evacuate Collection Set: 0.18ms
[2026-09-20T19:11:41.905+0800][4635.388s][info][gc,phases   ] GC(94)   Merge Heap Roots: 0.09ms
[2026-09-20T19:11:41.905+0800][4635.388s][info][gc,phases   ] GC(94)   Evacuate Collection Set: 1.48ms
[2026-09-20T19:11:41.905+0800][4635.388s][info][gc,phases   ] GC(94)   Post Evacuate Collection Set: 0.64ms
[2026-09-20T19:11:41.905+0800][4635.388s][info][gc,phases   ] GC(94)   Other: 0.26ms
[2026-09-20T19:11:41.905+0800][4635.388s][info][gc,heap     ] GC(94) Eden regions: 609->0(606)
[2026-09-20T19:11:41.905+0800][4635.388s][info][gc,heap     ] GC(94) Survivor regions: 5->8(77)
[2026-09-20T19:11:41.905+0800][4635.388s][info][gc,heap     ] GC(94) Old regions: 64->64
[2026-09-20T19:11:41.905+0800][4635.388s][info][gc,heap     ] GC(94) Archive regions: 0->0
[2026-09-20T19:11:41.905+0800][4635.388s][info][gc,heap     ] GC(94) Humongous regions: 2->2
[2026-09-20T19:11:41.905+0800][4635.388s][info][gc,metaspace] GC(94) Metaspace: 111576K(112448K)->111576K(112448K) NonClass: 98426K(98816K)->98426K(98816K) Class: 13149K(13632K)->13149K(13632K)
[2026-09-20T19:11:41.905+0800][4635.388s][info][gc          ] GC(94) Pause Young (Normal) (G1 Evacuation Pause) 679M->73M(1024M) 2.817ms
[2026-09-20T19:11:41.905+0800][4635.388s][info][gc,cpu      ] GC(94) User=0.00s Sys=0.00s Real=0.00s
[2026-09-20T19:11:45.287+0800][4638.771s][info][gc,start    ] GC(95) Pause Young (Normal) (G1 Evacuation Pause)
[2026-09-20T19:11:45.287+0800][4638.771s][info][gc,task     ] GC(95) Using 13 workers of 13 for evacuation
[2026-09-20T19:11:45.290+0800][4638.774s][info][gc,phases   ] GC(95)   Pre Evacuate Collection Set: 0.11ms
[2026-09-20T19:11:45.290+0800][4638.774s][info][gc,phases   ] GC(95)   Merge Heap Roots: 0.09ms
[2026-09-20T19:11:45.290+0800][4638.774s][info][gc,phases   ] GC(95)   Evacuate Collection Set: 1.83ms
[2026-09-20T19:11:45.290+0800][4638.774s][info][gc,phases   ] GC(95)   Post Evacuate Collection Set: 0.55ms
[2026-09-20T19:11:45.290+0800][4638.774s][info][gc,phases   ] GC(95)   Other: 0.22ms
[2026-09-20T19:11:45.290+0800][4638.774s][info][gc,heap     ] GC(95) Eden regions: 606->0(604)
[2026-09-20T19:11:45.290+0800][4638.774s][info][gc,heap     ] GC(95) Survivor regions: 8->10(77)
[2026-09-20T19:11:45.290+0800][4638.774s][info][gc,heap     ] GC(95) Old regions: 64->64
[2026-09-20T19:11:45.290+0800][4638.774s][info][gc,heap     ] GC(95) Archive regions: 0->0
[2026-09-20T19:11:45.290+0800][4638.774s][info][gc,heap     ] GC(95) Humongous regions: 2->2
[2026-09-20T19:11:45.290+0800][4638.774s][info][gc,metaspace] GC(95) Metaspace: 111576K(112448K)->111576K(112448K) NonClass: 98427K(98816K)->98427K(98816K) Class: 13149K(13632K)->13149K(13632K)
[2026-09-20T19:11:45.290+0800][4638.774s][info][gc          ] GC(95) Pause Young (Normal) (G1 Evacuation Pause) 679M->75M(1024M) 2.907ms
[2026-09-20T19:11:45.290+0800][4638.774s][info][gc,cpu      ] GC(95) User=0.06s Sys=0.00s Real=0.00s
[2026-09-20T19:11:48.728+0800][4642.211s][info][gc,start    ] GC(96) Pause Young (Normal) (GCLocker Initiated GC)
[2026-09-20T19:11:48.728+0800][4642.211s][info][gc,task     ] GC(96) Using 13 workers of 13 for evacuation
[2026-09-20T19:11:48.730+0800][4642.214s][info][gc,phases   ] GC(96)   Pre Evacuate Collection Set: 0.14ms
[2026-09-20T19:11:48.730+0800][4642.214s][info][gc,phases   ] GC(96)   Merge Heap Roots: 0.08ms
[2026-09-20T19:11:48.730+0800][4642.214s][info][gc,phases   ] GC(96)   Evacuate Collection Set: 2.27ms
[2026-09-20T19:11:48.730+0800][4642.214s][info][gc,phases   ] GC(96)   Post Evacuate Collection Set: 0.60ms
[2026-09-20T19:11:48.730+0800][4642.214s][info][gc,phases   ] GC(96)   Other: 0.24ms
[2026-09-20T19:11:48.730+0800][4642.214s][info][gc,heap     ] GC(96) Eden regions: 604->0(601)
[2026-09-20T19:11:48.730+0800][4642.214s][info][gc,heap     ] GC(96) Survivor regions: 10->13(77)
[2026-09-20T19:11:48.730+0800][4642.214s][info][gc,heap     ] GC(96) Old regions: 64->64
[2026-09-20T19:11:48.730+0800][4642.214s][info][gc,heap     ] GC(96) Archive regions: 0->0
[2026-09-20T19:11:48.731+0800][4642.214s][info][gc,heap     ] GC(96) Humongous regions: 2->2
[2026-09-20T19:11:48.731+0800][4642.214s][info][gc,metaspace] GC(96) Metaspace: 111577K(112448K)->111577K(112448K) NonClass: 98427K(98816K)->98427K(98816K) Class: 13149K(13632K)->13149K(13632K)
[2026-09-20T19:11:48.731+0800][4642.214s][info][gc          ] GC(96) Pause Young (Normal) (GCLocker Initiated GC) 679M->78M(1024M) 3.470ms
[2026-09-20T19:11:48.731+0800][4642.214s][info][gc,cpu      ] GC(96) User=0.00s Sys=0.00s Real=0.00s
[2026-09-20T19:11:52.153+0800][4645.636s][info][gc,start    ] GC(97) Pause Young (Normal) (G1 Evacuation Pause)
[2026-09-20T19:11:52.153+0800][4645.636s][info][gc,task     ] GC(97) Using 13 workers of 13 for evacuation
[2026-09-20T19:11:52.156+0800][4645.639s][info][gc,phases   ] GC(97)   Pre Evacuate Collection Set: 0.15ms
[2026-09-20T19:11:52.156+0800][4645.639s][info][gc,phases   ] GC(97)   Merge Heap Roots: 0.08ms
[2026-09-20T19:11:52.156+0800][4645.639s][info][gc,phases   ] GC(97)   Evacuate Collection Set: 2.36ms
[2026-09-20T19:11:52.156+0800][4645.639s][info][gc,phases   ] GC(97)   Post Evacuate Collection Set: 0.55ms
[2026-09-20T19:11:52.156+0800][4645.639s][info][gc,phases   ] GC(97)   Other: 0.22ms
[2026-09-20T19:11:52.156+0800][4645.639s][info][gc,heap     ] GC(97) Eden regions: 601->0(598)
[2026-09-20T19:11:52.156+0800][4645.639s][info][gc,heap     ] GC(97) Survivor regions: 13->16(77)
[2026-09-20T19:11:52.156+0800][4645.639s][info][gc,heap     ] GC(97) Old regions: 64->64
[2026-09-20T19:11:52.156+0800][4645.639s][info][gc,heap     ] GC(97) Archive regions: 0->0
[2026-09-20T19:11:52.156+0800][4645.639s][info][gc,heap     ] GC(97) Humongous regions: 2->2
[2026-09-20T19:11:52.156+0800][4645.639s][info][gc,metaspace] GC(97) Metaspace: 111577K(112448K)->111577K(112448K) NonClass: 98428K(98816K)->98428K(98816K) Class: 13149K(13632K)->13149K(13632K)
[2026-09-20T19:11:52.156+0800][4645.639s][info][gc          ] GC(97) Pause Young (Normal) (G1 Evacuation Pause) 679M->81M(1024M) 3.472ms
[2026-09-20T19:11:52.156+0800][4645.639s][info][gc,cpu      ] GC(97) User=0.00s Sys=0.00s Real=0.00s
[2026-09-20T19:11:55.605+0800][4649.089s][info][gc,start    ] GC(98) Pause Young (Normal) (G1 Evacuation Pause)
[2026-09-20T19:11:55.605+0800][4649.089s][info][gc,task     ] GC(98) Using 13 workers of 13 for evacuation
[2026-09-20T19:11:55.609+0800][4649.092s][info][gc,phases   ] GC(98)   Pre Evacuate Collection Set: 0.12ms
[2026-09-20T19:11:55.609+0800][4649.092s][info][gc,phases   ] GC(98)   Merge Heap Roots: 0.11ms
[2026-09-20T19:11:55.609+0800][4649.092s][info][gc,phases   ] GC(98)   Evacuate Collection Set: 2.71ms
[2026-09-20T19:11:55.609+0800][4649.092s][info][gc,phases   ] GC(98)   Post Evacuate Collection Set: 0.68ms
[2026-09-20T19:11:55.609+0800][4649.092s][info][gc,phases   ] GC(98)   Other: 0.21ms
[2026-09-20T19:11:55.609+0800][4649.092s][info][gc,heap     ] GC(98) Eden regions: 598->0(595)
[2026-09-20T19:11:55.609+0800][4649.092s][info][gc,heap     ] GC(98) Survivor regions: 16->19(77)
[2026-09-20T19:11:55.609+0800][4649.092s][info][gc,heap     ] GC(98) Old regions: 64->64
[2026-09-20T19:11:55.609+0800][4649.092s][info][gc,heap     ] GC(98) Archive regions: 0->0
[2026-09-20T19:11:55.609+0800][4649.092s][info][gc,heap     ] GC(98) Humongous regions: 2->2
[2026-09-20T19:11:55.609+0800][4649.092s][info][gc,metaspace] GC(98) Metaspace: 111577K(112448K)->111577K(112448K) NonClass: 98428K(98816K)->98428K(98816K) Class: 13149K(13632K)->13149K(13632K)
[2026-09-20T19:11:55.609+0800][4649.092s][info][gc          ] GC(98) Pause Young (Normal) (G1 Evacuation Pause) 679M->84M(1024M) 3.947ms
[2026-09-20T19:11:55.609+0800][4649.093s][info][gc,cpu      ] GC(98) User=0.00s Sys=0.00s Real=0.00s
[2026-09-20T19:11:59.081+0800][4652.565s][info][gc,start    ] GC(99) Pause Young (Normal) (G1 Evacuation Pause)
[2026-09-20T19:11:59.081+0800][4652.565s][info][gc,task     ] GC(99) Using 13 workers of 13 for evacuation
[2026-09-20T19:11:59.085+0800][4652.568s][info][gc,phases   ] GC(99)   Pre Evacuate Collection Set: 0.19ms
[2026-09-20T19:11:59.085+0800][4652.568s][info][gc,phases   ] GC(99)   Merge Heap Roots: 0.09ms
[2026-09-20T19:11:59.085+0800][4652.568s][info][gc,phases   ] GC(99)   Evacuate Collection Set: 2.67ms
[2026-09-20T19:11:59.085+0800][4652.568s][info][gc,phases   ] GC(99)   Post Evacuate Collection Set: 0.63ms
[2026-09-20T19:11:59.085+0800][4652.568s][info][gc,phases   ] GC(99)   Other: 0.23ms
[2026-09-20T19:11:59.085+0800][4652.568s][info][gc,heap     ] GC(99) Eden regions: 595->0(593)
[2026-09-20T19:11:59.085+0800][4652.568s][info][gc,heap     ] GC(99) Survivor regions: 19->21(77)
[2026-09-20T19:11:59.085+0800][4652.568s][info][gc,heap     ] GC(99) Old regions: 64->64
[2026-09-20T19:11:59.085+0800][4652.568s][info][gc,heap     ] GC(99) Archive regions: 0->0
[2026-09-20T19:11:59.085+0800][4652.568s][info][gc,heap     ] GC(99) Humongous regions: 2->2
[2026-09-20T19:11:59.085+0800][4652.569s][info][gc,metaspace] GC(99) Metaspace: 111579K(112448K)->111579K(112448K) NonClass: 98430K(98816K)->98430K(98816K) Class: 13149K(13632K)->13149K(13632K)
[2026-09-20T19:11:59.085+0800][4652.569s][info][gc          ] GC(99) Pause Young (Normal) (G1 Evacuation Pause) 679M->86M(1024M) 3.975ms
[2026-09-20T19:11:59.085+0800][4652.569s][info][gc,cpu      ] GC(99) User=0.00s Sys=0.00s Real=0.00s
[2026-09-20T19:12:02.611+0800][4656.095s][info][gc,start    ] GC(100) Pause Young (Normal) (G1 Evacuation Pause)
[2026-09-20T19:12:02.611+0800][4656.095s][info][gc,task     ] GC(100) Using 13 workers of 13 for evacuation
[2026-09-20T19:12:02.615+0800][4656.098s][info][gc,phases   ] GC(100)   Pre Evacuate Collection Set: 0.15ms
[2026-09-20T19:12:02.615+0800][4656.098s][info][gc,phases   ] GC(100)   Merge Heap Roots: 0.10ms
[2026-09-20T19:12:02.615+0800][4656.098s][info][gc,phases   ] GC(100)   Evacuate Collection Set: 2.60ms
[2026-09-20T19:12:02.615+0800][4656.098s][info][gc,phases   ] GC(100)   Post Evacuate Collection Set: 0.53ms
[2026-09-20T19:12:02.615+0800][4656.098s][info][gc,phases   ] GC(100)   Other: 0.20ms
[2026-09-20T19:12:02.615+0800][4656.098s][info][gc,heap     ] GC(100) Eden regions: 593->0(593)
[2026-09-20T19:12:02.615+0800][4656.098s][info][gc,heap     ] GC(100) Survivor regions: 21->21(77)
[2026-09-20T19:12:02.615+0800][4656.098s][info][gc,heap     ] GC(100) Old regions: 64->65
[2026-09-20T19:12:02.615+0800][4656.098s][info][gc,heap     ] GC(100) Archive regions: 0->0
[2026-09-20T19:12:02.615+0800][4656.098s][info][gc,heap     ] GC(100) Humongous regions: 2->2
[2026-09-20T19:12:02.615+0800][4656.098s][info][gc,metaspace] GC(100) Metaspace: 111579K(112448K)->111579K(112448K) NonClass: 98430K(98816K)->98430K(98816K) Class: 13149K(13632K)->13149K(13632K)
[2026-09-20T19:12:02.615+0800][4656.098s][info][gc          ] GC(100) Pause Young (Normal) (G1 Evacuation Pause) 679M->86M(1024M) 3.686ms
[2026-09-20T19:12:02.615+0800][4656.098s][info][gc,cpu      ] GC(100) User=0.00s Sys=0.00s Real=0.00s
[2026-09-20T19:12:06.056+0800][4659.539s][info][gc,start    ] GC(101) Pause Young (Normal) (G1 Evacuation Pause)
[2026-09-20T19:12:06.056+0800][4659.539s][info][gc,task     ] GC(101) Using 13 workers of 13 for evacuation
[2026-09-20T19:12:06.060+0800][4659.543s][info][gc,phases   ] GC(101)   Pre Evacuate Collection Set: 0.16ms
[2026-09-20T19:12:06.060+0800][4659.543s][info][gc,phases   ] GC(101)   Merge Heap Roots: 0.11ms
[2026-09-20T19:12:06.060+0800][4659.543s][info][gc,phases   ] GC(101)   Evacuate Collection Set: 2.51ms
[2026-09-20T19:12:06.060+0800][4659.543s][info][gc,phases   ] GC(101)   Post Evacuate Collection Set: 0.67ms
[2026-09-20T19:12:06.060+0800][4659.543s][info][gc,phases   ] GC(101)   Other: 0.23ms
[2026-09-20T19:12:06.060+0800][4659.543s][info][gc,heap     ] GC(101) Eden regions: 593->0(593)
[2026-09-20T19:12:06.060+0800][4659.543s][info][gc,heap     ] GC(101) Survivor regions: 21->21(77)
[2026-09-20T19:12:06.060+0800][4659.543s][info][gc,heap     ] GC(101) Old regions: 65->65
[2026-09-20T19:12:06.060+0800][4659.543s][info][gc,heap     ] GC(101) Archive regions: 0->0
[2026-09-20T19:12:06.060+0800][4659.543s][info][gc,heap     ] GC(101) Humongous regions: 2->2
[2026-09-20T19:12:06.060+0800][4659.543s][info][gc,metaspace] GC(101) Metaspace: 111588K(112512K)->111588K(112512K) NonClass: 98438K(98880K)->98438K(98880K) Class: 13149K(13632K)->13149K(13632K)
[2026-09-20T19:12:06.060+0800][4659.543s][info][gc          ] GC(101) Pause Young (Normal) (G1 Evacuation Pause) 679M->86M(1024M) 3.840ms
[2026-09-20T19:12:06.060+0800][4659.543s][info][gc,cpu      ] GC(101) User=0.00s Sys=0.00s Real=0.00s
[2026-09-20T19:12:09.626+0800][4663.110s][info][gc,start    ] GC(102) Pause Young (Normal) (G1 Evacuation Pause)
[2026-09-20T19:12:09.626+0800][4663.110s][info][gc,task     ] GC(102) Using 13 workers of 13 for evacuation
[2026-09-20T19:12:09.630+0800][4663.114s][info][gc,phases   ] GC(102)   Pre Evacuate Collection Set: 0.15ms
[2026-09-20T19:12:09.630+0800][4663.114s][info][gc,phases   ] GC(102)   Merge Heap Roots: 0.09ms
[2026-09-20T19:12:09.630+0800][4663.114s][info][gc,phases   ] GC(102)   Evacuate Collection Set: 2.68ms
[2026-09-20T19:12:09.630+0800][4663.114s][info][gc,phases   ] GC(102)   Post Evacuate Collection Set: 0.64ms
[2026-09-20T19:12:09.630+0800][4663.114s][info][gc,phases   ] GC(102)   Other: 0.21ms
[2026-09-20T19:12:09.630+0800][4663.114s][info][gc,heap     ] GC(102) Eden regions: 593->0(593)
[2026-09-20T19:12:09.630+0800][4663.114s][info][gc,heap     ] GC(102) Survivor regions: 21->21(77)
[2026-09-20T19:12:09.630+0800][4663.114s][info][gc,heap     ] GC(102) Old regions: 65->65
[2026-09-20T19:12:09.630+0800][4663.114s][info][gc,heap     ] GC(102) Archive regions: 0->0
[2026-09-20T19:12:09.630+0800][4663.114s][info][gc,heap     ] GC(102) Humongous regions: 2->2
[2026-09-20T19:12:09.630+0800][4663.114s][info][gc,metaspace] GC(102) Metaspace: 111588K(112512K)->111588K(112512K) NonClass: 98438K(98880K)->98438K(98880K) Class: 13149K(13632K)->13149K(13632K)
[2026-09-20T19:12:09.630+0800][4663.114s][info][gc          ] GC(102) Pause Young (Normal) (G1 Evacuation Pause) 679M->86M(1024M) 3.904ms
[2026-09-20T19:12:09.630+0800][4663.114s][info][gc,cpu      ] GC(102) User=0.00s Sys=0.00s Real=0.00s
[2026-09-20T19:12:13.270+0800][4666.755s][info][gc,start    ] GC(103) Pause Young (Normal) (G1 Evacuation Pause)
[2026-09-20T19:12:13.270+0800][4666.755s][info][gc,task     ] GC(103) Using 13 workers of 13 for evacuation
[2026-09-20T19:12:13.274+0800][4666.758s][info][gc,phases   ] GC(103)   Pre Evacuate Collection Set: 0.18ms
[2026-09-20T19:12:13.275+0800][4666.758s][info][gc,phases   ] GC(103)   Merge Heap Roots: 0.10ms
[2026-09-20T19:12:13.275+0800][4666.758s][info][gc,phases   ] GC(103)   Evacuate Collection Set: 2.52ms
[2026-09-20T19:12:13.275+0800][4666.758s][info][gc,phases   ] GC(103)   Post Evacuate Collection Set: 0.60ms
[2026-09-20T19:12:13.275+0800][4666.758s][info][gc,phases   ] GC(103)   Other: 0.25ms
[2026-09-20T19:12:13.275+0800][4666.758s][info][gc,heap     ] GC(103) Eden regions: 593->0(594)
[2026-09-20T19:12:13.275+0800][4666.758s][info][gc,heap     ] GC(103) Survivor regions: 21->20(77)
[2026-09-20T19:12:13.275+0800][4666.758s][info][gc,heap     ] GC(103) Old regions: 65->65
[2026-09-20T19:12:13.275+0800][4666.758s][info][gc,heap     ] GC(103) Archive regions: 0->0
[2026-09-20T19:12:13.275+0800][4666.758s][info][gc,heap     ] GC(103) Humongous regions: 2->2
[2026-09-20T19:12:13.275+0800][4666.758s][info][gc,metaspace] GC(103) Metaspace: 111588K(112512K)->111588K(112512K) NonClass: 98438K(98880K)->98438K(98880K) Class: 13149K(13632K)->13149K(13632K)
[2026-09-20T19:12:13.275+0800][4666.758s][info][gc          ] GC(103) Pause Young (Normal) (G1 Evacuation Pause) 679M->86M(1024M) 3.809ms
[2026-09-20T19:12:13.275+0800][4666.759s][info][gc,cpu      ] GC(103) User=0.19s Sys=0.02s Real=0.01s
[2026-09-20T19:12:16.791+0800][4670.275s][info][gc,start    ] GC(104) Pause Young (Normal) (G1 Evacuation Pause)
[2026-09-20T19:12:16.791+0800][4670.275s][info][gc,task     ] GC(104) Using 13 workers of 13 for evacuation
[2026-09-20T19:12:16.795+0800][4670.279s][info][gc,phases   ] GC(104)   Pre Evacuate Collection Set: 0.14ms
[2026-09-20T19:12:16.795+0800][4670.279s][info][gc,phases   ] GC(104)   Merge Heap Roots: 0.09ms
[2026-09-20T19:12:16.795+0800][4670.279s][info][gc,phases   ] GC(104)   Evacuate Collection Set: 2.71ms
[2026-09-20T19:12:16.795+0800][4670.279s][info][gc,phases   ] GC(104)   Post Evacuate Collection Set: 0.61ms
[2026-09-20T19:12:16.795+0800][4670.279s][info][gc,phases   ] GC(104)   Other: 0.21ms
[2026-09-20T19:12:16.795+0800][4670.279s][info][gc,heap     ] GC(104) Eden regions: 594->0(593)
[2026-09-20T19:12:16.795+0800][4670.279s][info][gc,heap     ] GC(104) Survivor regions: 20->21(77)
[2026-09-20T19:12:16.795+0800][4670.279s][info][gc,heap     ] GC(104) Old regions: 65->65
[2026-09-20T19:12:16.795+0800][4670.279s][info][gc,heap     ] GC(104) Archive regions: 0->0
[2026-09-20T19:12:16.795+0800][4670.279s][info][gc,heap     ] GC(104) Humongous regions: 2->2
[2026-09-20T19:12:16.795+0800][4670.279s][info][gc,metaspace] GC(104) Metaspace: 111593K(112512K)->111593K(112512K) NonClass: 98443K(98880K)->98443K(98880K) Class: 13149K(13632K)->13149K(13632K)
[2026-09-20T19:12:16.795+0800][4670.279s][info][gc          ] GC(104) Pause Young (Normal) (G1 Evacuation Pause) 680M->86M(1024M) 3.846ms
[2026-09-20T19:12:16.795+0800][4670.279s][info][gc,cpu      ] GC(104) User=0.00s Sys=0.00s Real=0.00s
[2026-09-20T19:12:35.897+0800][4689.380s][info][gc,start    ] GC(105) Pause Young (Normal) (G1 Evacuation Pause)
[2026-09-20T19:12:35.897+0800][4689.380s][info][gc,task     ] GC(105) Using 13 workers of 13 for evacuation
[2026-09-20T19:12:35.899+0800][4689.383s][info][gc,phases   ] GC(105)   Pre Evacuate Collection Set: 0.15ms
[2026-09-20T19:12:35.899+0800][4689.383s][info][gc,phases   ] GC(105)   Merge Heap Roots: 0.10ms
[2026-09-20T19:12:35.899+0800][4689.383s][info][gc,phases   ] GC(105)   Evacuate Collection Set: 1.54ms
[2026-09-20T19:12:35.899+0800][4689.383s][info][gc,phases   ] GC(105)   Post Evacuate Collection Set: 0.56ms
[2026-09-20T19:12:35.899+0800][4689.383s][info][gc,phases   ] GC(105)   Other: 0.21ms
[2026-09-20T19:12:35.899+0800][4689.383s][info][gc,heap     ] GC(105) Eden regions: 593->0(598)
[2026-09-20T19:12:35.899+0800][4689.383s][info][gc,heap     ] GC(105) Survivor regions: 21->16(77)
[2026-09-20T19:12:35.899+0800][4689.383s][info][gc,heap     ] GC(105) Old regions: 65->65
[2026-09-20T19:12:35.899+0800][4689.383s][info][gc,heap     ] GC(105) Archive regions: 0->0
[2026-09-20T19:12:35.899+0800][4689.383s][info][gc,heap     ] GC(105) Humongous regions: 2->2
[2026-09-20T19:12:35.899+0800][4689.383s][info][gc,metaspace] GC(105) Metaspace: 111594K(112512K)->111594K(112512K) NonClass: 98444K(98880K)->98444K(98880K) Class: 13149K(13632K)->13149K(13632K)
[2026-09-20T19:12:35.899+0800][4689.383s][info][gc          ] GC(105) Pause Young (Normal) (G1 Evacuation Pause) 679M->81M(1024M) 2.720ms
[2026-09-20T19:12:35.900+0800][4689.383s][info][gc,cpu      ] GC(105) User=0.03s Sys=0.00s Real=0.00s
[2026-09-20T19:13:11.481+0800][4724.964s][info][gc,start    ] GC(106) Pause Young (Normal) (G1 Evacuation Pause)
[2026-09-20T19:13:11.481+0800][4724.964s][info][gc,task     ] GC(106) Using 13 workers of 13 for evacuation
[2026-09-20T19:13:11.483+0800][4724.967s][info][gc,phases   ] GC(106)   Pre Evacuate Collection Set: 0.16ms
[2026-09-20T19:13:11.483+0800][4724.967s][info][gc,phases   ] GC(106)   Merge Heap Roots: 0.09ms
[2026-09-20T19:13:11.483+0800][4724.967s][info][gc,phases   ] GC(106)   Evacuate Collection Set: 1.39ms
[2026-09-20T19:13:11.483+0800][4724.967s][info][gc,phases   ] GC(106)   Post Evacuate Collection Set: 0.46ms
[2026-09-20T19:13:11.483+0800][4724.967s][info][gc,phases   ] GC(106)   Other: 0.23ms
[2026-09-20T19:13:11.483+0800][4724.967s][info][gc,heap     ] GC(106) Eden regions: 598->0(599)
[2026-09-20T19:13:11.483+0800][4724.967s][info][gc,heap     ] GC(106) Survivor regions: 16->15(77)
[2026-09-20T19:13:11.483+0800][4724.967s][info][gc,heap     ] GC(106) Old regions: 65->65
[2026-09-20T19:13:11.483+0800][4724.967s][info][gc,heap     ] GC(106) Archive regions: 0->0
[2026-09-20T19:13:11.483+0800][4724.967s][info][gc,heap     ] GC(106) Humongous regions: 2->2
[2026-09-20T19:13:11.483+0800][4724.967s][info][gc,metaspace] GC(106) Metaspace: 111595K(112512K)->111595K(112512K) NonClass: 98445K(98880K)->98445K(98880K) Class: 13149K(13632K)->13149K(13632K)
[2026-09-20T19:13:11.483+0800][4724.967s][info][gc          ] GC(106) Pause Young (Normal) (G1 Evacuation Pause) 679M->81M(1024M) 2.464ms
[2026-09-20T19:13:11.483+0800][4724.967s][info][gc,cpu      ] GC(106) User=0.00s Sys=0.00s Real=0.00s
[2026-09-20T19:13:51.347+0800][4764.831s][info][gc,start    ] GC(107) Pause Young (Normal) (G1 Evacuation Pause)
[2026-09-20T19:13:51.347+0800][4764.831s][info][gc,task     ] GC(107) Using 13 workers of 13 for evacuation
[2026-09-20T19:13:51.349+0800][4764.833s][info][gc,phases   ] GC(107)   Pre Evacuate Collection Set: 0.10ms
[2026-09-20T19:13:51.349+0800][4764.833s][info][gc,phases   ] GC(107)   Merge Heap Roots: 0.08ms
[2026-09-20T19:13:51.349+0800][4764.833s][info][gc,phases   ] GC(107)   Evacuate Collection Set: 1.10ms
[2026-09-20T19:13:51.349+0800][4764.833s][info][gc,phases   ] GC(107)   Post Evacuate Collection Set: 0.50ms
[2026-09-20T19:13:51.349+0800][4764.833s][info][gc,phases   ] GC(107)   Other: 0.22ms
[2026-09-20T19:13:51.349+0800][4764.833s][info][gc,heap     ] GC(107) Eden regions: 599->0(602)
[2026-09-20T19:13:51.349+0800][4764.833s][info][gc,heap     ] GC(107) Survivor regions: 15->12(77)
[2026-09-20T19:13:51.349+0800][4764.833s][info][gc,heap     ] GC(107) Old regions: 65->65
[2026-09-20T19:13:51.349+0800][4764.833s][info][gc,heap     ] GC(107) Archive regions: 0->0
[2026-09-20T19:13:51.349+0800][4764.833s][info][gc,heap     ] GC(107) Humongous regions: 2->2
[2026-09-20T19:13:51.349+0800][4764.833s][info][gc,metaspace] GC(107) Metaspace: 111597K(112512K)->111597K(112512K) NonClass: 98447K(98880K)->98447K(98880K) Class: 13149K(13632K)->13149K(13632K)
[2026-09-20T19:13:51.349+0800][4764.833s][info][gc          ] GC(107) Pause Young (Normal) (G1 Evacuation Pause) 680M->77M(1024M) 2.247ms
[2026-09-20T19:13:51.349+0800][4764.833s][info][gc,cpu      ] GC(107) User=0.00s Sys=0.00s Real=0.00s
[2026-09-20T19:14:31.380+0800][4804.863s][info][gc,start    ] GC(108) Pause Young (Normal) (G1 Evacuation Pause)
[2026-09-20T19:14:31.380+0800][4804.863s][info][gc,task     ] GC(108) Using 13 workers of 13 for evacuation
[2026-09-20T19:14:31.382+0800][4804.865s][info][gc,phases   ] GC(108)   Pre Evacuate Collection Set: 0.10ms
[2026-09-20T19:14:31.382+0800][4804.865s][info][gc,phases   ] GC(108)   Merge Heap Roots: 0.08ms
[2026-09-20T19:14:31.382+0800][4804.865s][info][gc,phases   ] GC(108)   Evacuate Collection Set: 1.07ms
[2026-09-20T19:14:31.382+0800][4804.865s][info][gc,phases   ] GC(108)   Post Evacuate Collection Set: 0.64ms
[2026-09-20T19:14:31.382+0800][4804.865s][info][gc,phases   ] GC(108)   Other: 0.19ms
[2026-09-20T19:14:31.382+0800][4804.865s][info][gc,heap     ] GC(108) Eden regions: 602->0(603)
[2026-09-20T19:14:31.382+0800][4804.865s][info][gc,heap     ] GC(108) Survivor regions: 12->11(77)
[2026-09-20T19:14:31.382+0800][4804.865s][info][gc,heap     ] GC(108) Old regions: 65->65
[2026-09-20T19:14:31.382+0800][4804.865s][info][gc,heap     ] GC(108) Archive regions: 0->0
[2026-09-20T19:14:31.382+0800][4804.865s][info][gc,heap     ] GC(108) Humongous regions: 2->2
[2026-09-20T19:14:31.382+0800][4804.865s][info][gc,metaspace] GC(108) Metaspace: 111597K(112512K)->111597K(112512K) NonClass: 98447K(98880K)->98447K(98880K) Class: 13149K(13632K)->13149K(13632K)
[2026-09-20T19:14:31.382+0800][4804.865s][info][gc          ] GC(108) Pause Young (Normal) (G1 Evacuation Pause) 679M->77M(1024M) 2.306ms
[2026-09-20T19:14:31.382+0800][4804.866s][info][gc,cpu      ] GC(108) User=0.00s Sys=0.00s Real=0.00s
[2026-09-20T19:15:11.602+0800][4845.085s][info][gc,start    ] GC(109) Pause Young (Normal) (G1 Evacuation Pause)
[2026-09-20T19:15:11.602+0800][4845.086s][info][gc,task     ] GC(109) Using 13 workers of 13 for evacuation
[2026-09-20T19:15:11.604+0800][4845.087s][info][gc,phases   ] GC(109)   Pre Evacuate Collection Set: 0.11ms
[2026-09-20T19:15:11.604+0800][4845.087s][info][gc,phases   ] GC(109)   Merge Heap Roots: 0.08ms
[2026-09-20T19:15:11.604+0800][4845.087s][info][gc,phases   ] GC(109)   Evacuate Collection Set: 1.01ms
[2026-09-20T19:15:11.604+0800][4845.087s][info][gc,phases   ] GC(109)   Post Evacuate Collection Set: 0.43ms
[2026-09-20T19:15:11.604+0800][4845.087s][info][gc,phases   ] GC(109)   Other: 0.18ms
[2026-09-20T19:15:11.604+0800][4845.087s][info][gc,heap     ] GC(109) Eden regions: 603->0(605)
[2026-09-20T19:15:11.604+0800][4845.087s][info][gc,heap     ] GC(109) Survivor regions: 11->9(77)
[2026-09-20T19:15:11.604+0800][4845.087s][info][gc,heap     ] GC(109) Old regions: 65->67
[2026-09-20T19:15:11.604+0800][4845.087s][info][gc,heap     ] GC(109) Archive regions: 0->0
[2026-09-20T19:15:11.604+0800][4845.087s][info][gc,heap     ] GC(109) Humongous regions: 2->2
[2026-09-20T19:15:11.604+0800][4845.087s][info][gc,metaspace] GC(109) Metaspace: 111597K(112512K)->111597K(112512K) NonClass: 98447K(98880K)->98447K(98880K) Class: 13149K(13632K)->13149K(13632K)
[2026-09-20T19:15:11.604+0800][4845.087s][info][gc          ] GC(109) Pause Young (Normal) (G1 Evacuation Pause) 680M->76M(1024M) 1.916ms
[2026-09-20T19:15:11.604+0800][4845.087s][info][gc,cpu      ] GC(109) User=0.00s Sys=0.00s Real=0.00s
[2026-09-20T19:15:51.787+0800][4885.270s][info][gc,start    ] GC(110) Pause Young (Normal) (G1 Evacuation Pause)
[2026-09-20T19:15:51.787+0800][4885.270s][info][gc,task     ] GC(110) Using 13 workers of 13 for evacuation
[2026-09-20T19:15:51.788+0800][4885.271s][info][gc,phases   ] GC(110)   Pre Evacuate Collection Set: 0.09ms
[2026-09-20T19:15:51.788+0800][4885.271s][info][gc,phases   ] GC(110)   Merge Heap Roots: 0.06ms
[2026-09-20T19:15:51.788+0800][4885.271s][info][gc,phases   ] GC(110)   Evacuate Collection Set: 0.96ms
[2026-09-20T19:15:51.788+0800][4885.271s][info][gc,phases   ] GC(110)   Post Evacuate Collection Set: 0.43ms
[2026-09-20T19:15:51.788+0800][4885.271s][info][gc,phases   ] GC(110)   Other: 0.14ms
[2026-09-20T19:15:51.788+0800][4885.271s][info][gc,heap     ] GC(110) Eden regions: 605->0(606)
[2026-09-20T19:15:51.788+0800][4885.272s][info][gc,heap     ] GC(110) Survivor regions: 9->8(77)
[2026-09-20T19:15:51.788+0800][4885.272s][info][gc,heap     ] GC(110) Old regions: 67->68
[2026-09-20T19:15:51.788+0800][4885.272s][info][gc,heap     ] GC(110) Archive regions: 0->0
[2026-09-20T19:15:51.788+0800][4885.272s][info][gc,heap     ] GC(110) Humongous regions: 2->2
[2026-09-20T19:15:51.788+0800][4885.272s][info][gc,metaspace] GC(110) Metaspace: 111597K(112512K)->111597K(112512K) NonClass: 98447K(98880K)->98447K(98880K) Class: 13149K(13632K)->13149K(13632K)
[2026-09-20T19:15:51.788+0800][4885.272s][info][gc          ] GC(110) Pause Young (Normal) (G1 Evacuation Pause) 681M->76M(1024M) 1.792ms
[2026-09-20T19:15:51.788+0800][4885.272s][info][gc,cpu      ] GC(110) User=0.00s Sys=0.00s Real=0.00s
[2026-09-20T19:16:31.864+0800][4925.348s][info][gc,start    ] GC(111) Pause Young (Normal) (G1 Evacuation Pause)
[2026-09-20T19:16:31.865+0800][4925.348s][info][gc,task     ] GC(111) Using 13 workers of 13 for evacuation
[2026-09-20T19:16:31.867+0800][4925.350s][info][gc,phases   ] GC(111)   Pre Evacuate Collection Set: 0.10ms
[2026-09-20T19:16:31.867+0800][4925.350s][info][gc,phases   ] GC(111)   Merge Heap Roots: 0.10ms
[2026-09-20T19:16:31.867+0800][4925.350s][info][gc,phases   ] GC(111)   Evacuate Collection Set: 0.96ms
[2026-09-20T19:16:31.867+0800][4925.350s][info][gc,phases   ] GC(111)   Post Evacuate Collection Set: 0.44ms
[2026-09-20T19:16:31.867+0800][4925.350s][info][gc,phases   ] GC(111)   Other: 0.18ms
[2026-09-20T19:16:31.867+0800][4925.350s][info][gc,heap     ] GC(111) Eden regions: 606->0(608)
[2026-09-20T19:16:31.867+0800][4925.350s][info][gc,heap     ] GC(111) Survivor regions: 8->6(77)
[2026-09-20T19:16:31.867+0800][4925.350s][info][gc,heap     ] GC(111) Old regions: 68->69
[2026-09-20T19:16:31.867+0800][4925.350s][info][gc,heap     ] GC(111) Archive regions: 0->0
[2026-09-20T19:16:31.867+0800][4925.350s][info][gc,heap     ] GC(111) Humongous regions: 2->2
[2026-09-20T19:16:31.867+0800][4925.350s][info][gc,metaspace] GC(111) Metaspace: 111597K(112512K)->111597K(112512K) NonClass: 98447K(98880K)->98447K(98880K) Class: 13149K(13632K)->13149K(13632K)
[2026-09-20T19:16:31.867+0800][4925.350s][info][gc          ] GC(111) Pause Young (Normal) (G1 Evacuation Pause) 682M->76M(1024M) 1.985ms
[2026-09-20T19:16:31.868+0800][4925.350s][info][gc,cpu      ] GC(111) User=0.00s Sys=0.00s Real=0.00s
[2026-09-20T19:17:26.095+0800][4979.578s][info][gc,start    ] GC(112) Pause Young (Normal) (G1 Evacuation Pause)
[2026-09-20T19:17:26.095+0800][4979.578s][info][gc,task     ] GC(112) Using 13 workers of 13 for evacuation
[2026-09-20T19:17:26.097+0800][4979.580s][info][gc,phases   ] GC(112)   Pre Evacuate Collection Set: 0.11ms
[2026-09-20T19:17:26.097+0800][4979.580s][info][gc,phases   ] GC(112)   Merge Heap Roots: 0.07ms
[2026-09-20T19:17:26.097+0800][4979.580s][info][gc,phases   ] GC(112)   Evacuate Collection Set: 1.25ms
[2026-09-20T19:17:26.097+0800][4979.580s][info][gc,phases   ] GC(112)   Post Evacuate Collection Set: 0.56ms
[2026-09-20T19:17:26.097+0800][4979.580s][info][gc,phases   ] GC(112)   Other: 0.18ms
[2026-09-20T19:17:26.097+0800][4979.580s][info][gc,heap     ] GC(112) Eden regions: 608->0(609)
[2026-09-20T19:17:26.097+0800][4979.580s][info][gc,heap     ] GC(112) Survivor regions: 6->5(77)
[2026-09-20T19:17:26.097+0800][4979.580s][info][gc,heap     ] GC(112) Old regions: 69->71
[2026-09-20T19:17:26.097+0800][4979.580s][info][gc,heap     ] GC(112) Archive regions: 0->0
[2026-09-20T19:17:26.097+0800][4979.580s][info][gc,heap     ] GC(112) Humongous regions: 2->2
[2026-09-20T19:17:26.097+0800][4979.580s][info][gc,metaspace] GC(112) Metaspace: 111629K(112576K)->111629K(112576K) NonClass: 98479K(98944K)->98479K(98944K) Class: 13149K(13632K)->13149K(13632K)
[2026-09-20T19:17:26.097+0800][4979.580s][info][gc          ] GC(112) Pause Young (Normal) (G1 Evacuation Pause) 684M->77M(1024M) 2.340ms
[2026-09-20T19:17:26.097+0800][4979.581s][info][gc,cpu      ] GC(112) User=0.00s Sys=0.00s Real=0.00s
[2026-09-20T19:17:31.033+0800][4984.517s][info][gc,start    ] GC(113) Pause Young (Normal) (G1 Evacuation Pause)
[2026-09-20T19:17:31.033+0800][4984.517s][info][gc,task     ] GC(113) Using 13 workers of 13 for evacuation
[2026-09-20T19:17:31.035+0800][4984.518s][info][gc,phases   ] GC(113)   Pre Evacuate Collection Set: 0.07ms
[2026-09-20T19:17:31.035+0800][4984.518s][info][gc,phases   ] GC(113)   Merge Heap Roots: 0.07ms
[2026-09-20T19:17:31.035+0800][4984.518s][info][gc,phases   ] GC(113)   Evacuate Collection Set: 0.84ms
[2026-09-20T19:17:31.035+0800][4984.518s][info][gc,phases   ] GC(113)   Post Evacuate Collection Set: 0.34ms
[2026-09-20T19:17:31.035+0800][4984.518s][info][gc,phases   ] GC(113)   Other: 0.15ms
[2026-09-20T19:17:31.035+0800][4984.518s][info][gc,heap     ] GC(113) Eden regions: 609->0(610)
[2026-09-20T19:17:31.035+0800][4984.518s][info][gc,heap     ] GC(113) Survivor regions: 5->4(77)
[2026-09-20T19:17:31.035+0800][4984.518s][info][gc,heap     ] GC(113) Old regions: 71->72
[2026-09-20T19:17:31.035+0800][4984.518s][info][gc,heap     ] GC(113) Archive regions: 0->0
[2026-09-20T19:17:31.035+0800][4984.518s][info][gc,heap     ] GC(113) Humongous regions: 2->2
[2026-09-20T19:17:31.035+0800][4984.518s][info][gc,metaspace] GC(113) Metaspace: 111641K(112576K)->111641K(112576K) NonClass: 98490K(98944K)->98490K(98944K) Class: 13150K(13632K)->13150K(13632K)
[2026-09-20T19:17:31.035+0800][4984.518s][info][gc          ] GC(113) Pause Young (Normal) (G1 Evacuation Pause) 686M->77M(1024M) 1.612ms
[2026-09-20T19:17:31.035+0800][4984.518s][info][gc,cpu      ] GC(113) User=0.00s Sys=0.00s Real=0.00s
[2026-09-20T19:17:35.877+0800][4989.361s][info][gc,start    ] GC(114) Pause Young (Normal) (G1 Evacuation Pause)
[2026-09-20T19:17:35.877+0800][4989.361s][info][gc,task     ] GC(114) Using 13 workers of 13 for evacuation
[2026-09-20T19:17:35.879+0800][4989.363s][info][gc,phases   ] GC(114)   Pre Evacuate Collection Set: 0.11ms
[2026-09-20T19:17:35.879+0800][4989.363s][info][gc,phases   ] GC(114)   Merge Heap Roots: 0.11ms
[2026-09-20T19:17:35.879+0800][4989.363s][info][gc,phases   ] GC(114)   Evacuate Collection Set: 0.85ms
[2026-09-20T19:17:35.879+0800][4989.363s][info][gc,phases   ] GC(114)   Post Evacuate Collection Set: 0.45ms
[2026-09-20T19:17:35.879+0800][4989.363s][info][gc,phases   ] GC(114)   Other: 0.21ms
[2026-09-20T19:17:35.879+0800][4989.363s][info][gc,heap     ] GC(114) Eden regions: 610->0(611)
[2026-09-20T19:17:35.879+0800][4989.363s][info][gc,heap     ] GC(114) Survivor regions: 4->3(77)
[2026-09-20T19:17:35.879+0800][4989.363s][info][gc,heap     ] GC(114) Old regions: 72->73
[2026-09-20T19:17:35.879+0800][4989.363s][info][gc,heap     ] GC(114) Archive regions: 0->0
[2026-09-20T19:17:35.879+0800][4989.363s][info][gc,heap     ] GC(114) Humongous regions: 2->2
[2026-09-20T19:17:35.879+0800][4989.363s][info][gc,metaspace] GC(114) Metaspace: 111641K(112576K)->111641K(112576K) NonClass: 98491K(98944K)->98491K(98944K) Class: 13150K(13632K)->13150K(13632K)
[2026-09-20T19:17:35.879+0800][4989.363s][info][gc          ] GC(114) Pause Young (Normal) (G1 Evacuation Pause) 687M->77M(1024M) 1.882ms
[2026-09-20T19:17:35.879+0800][4989.363s][info][gc,cpu      ] GC(114) User=0.00s Sys=0.00s Real=0.00s
[2026-09-20T19:17:40.542+0800][4994.025s][info][gc,start    ] GC(115) Pause Young (Normal) (G1 Evacuation Pause)
[2026-09-20T19:17:40.542+0800][4994.025s][info][gc,task     ] GC(115) Using 13 workers of 13 for evacuation
[2026-09-20T19:17:40.543+0800][4994.026s][info][gc,phases   ] GC(115)   Pre Evacuate Collection Set: 0.08ms
[2026-09-20T19:17:40.543+0800][4994.026s][info][gc,phases   ] GC(115)   Merge Heap Roots: 0.07ms
[2026-09-20T19:17:40.543+0800][4994.026s][info][gc,phases   ] GC(115)   Evacuate Collection Set: 0.66ms
[2026-09-20T19:17:40.543+0800][4994.026s][info][gc,phases   ] GC(115)   Post Evacuate Collection Set: 0.36ms
[2026-09-20T19:17:40.543+0800][4994.026s][info][gc,phases   ] GC(115)   Other: 0.17ms
[2026-09-20T19:17:40.543+0800][4994.026s][info][gc,heap     ] GC(115) Eden regions: 611->0(611)
[2026-09-20T19:17:40.543+0800][4994.026s][info][gc,heap     ] GC(115) Survivor regions: 3->3(77)
[2026-09-20T19:17:40.543+0800][4994.026s][info][gc,heap     ] GC(115) Old regions: 73->73
[2026-09-20T19:17:40.543+0800][4994.026s][info][gc,heap     ] GC(115) Archive regions: 0->0
[2026-09-20T19:17:40.543+0800][4994.026s][info][gc,heap     ] GC(115) Humongous regions: 2->2
[2026-09-20T19:17:40.543+0800][4994.026s][info][gc,metaspace] GC(115) Metaspace: 111641K(112576K)->111641K(112576K) NonClass: 98491K(98944K)->98491K(98944K) Class: 13150K(13632K)->13150K(13632K)
[2026-09-20T19:17:40.543+0800][4994.026s][info][gc          ] GC(115) Pause Young (Normal) (G1 Evacuation Pause) 688M->77M(1024M) 1.483ms
[2026-09-20T19:17:40.543+0800][4994.026s][info][gc,cpu      ] GC(115) User=0.00s Sys=0.00s Real=0.00s
[2026-09-20T19:17:45.153+0800][4998.637s][info][gc,start    ] GC(116) Pause Young (Normal) (G1 Evacuation Pause)
[2026-09-20T19:17:45.153+0800][4998.637s][info][gc,task     ] GC(116) Using 13 workers of 13 for evacuation
[2026-09-20T19:17:45.154+0800][4998.638s][info][gc,phases   ] GC(116)   Pre Evacuate Collection Set: 0.11ms
[2026-09-20T19:17:45.154+0800][4998.638s][info][gc,phases   ] GC(116)   Merge Heap Roots: 0.06ms
[2026-09-20T19:17:45.154+0800][4998.638s][info][gc,phases   ] GC(116)   Evacuate Collection Set: 0.66ms
[2026-09-20T19:17:45.154+0800][4998.638s][info][gc,phases   ] GC(116)   Post Evacuate Collection Set: 0.36ms
[2026-09-20T19:17:45.154+0800][4998.638s][info][gc,phases   ] GC(116)   Other: 0.17ms
[2026-09-20T19:17:45.154+0800][4998.638s][info][gc,heap     ] GC(116) Eden regions: 611->0(611)
[2026-09-20T19:17:45.154+0800][4998.638s][info][gc,heap     ] GC(116) Survivor regions: 3->3(77)
[2026-09-20T19:17:45.154+0800][4998.638s][info][gc,heap     ] GC(116) Old regions: 73->74
[2026-09-20T19:17:45.154+0800][4998.638s][info][gc,heap     ] GC(116) Archive regions: 0->0
[2026-09-20T19:17:45.155+0800][4998.638s][info][gc,heap     ] GC(116) Humongous regions: 2->2
[2026-09-20T19:17:45.155+0800][4998.638s][info][gc,metaspace] GC(116) Metaspace: 111641K(112576K)->111641K(112576K) NonClass: 98491K(98944K)->98491K(98944K) Class: 13150K(13632K)->13150K(13632K)
[2026-09-20T19:17:45.155+0800][4998.638s][info][gc          ] GC(116) Pause Young (Normal) (G1 Evacuation Pause) 688M->77M(1024M) 1.505ms
[2026-09-20T19:17:45.155+0800][4998.638s][info][gc,cpu      ] GC(116) User=0.00s Sys=0.00s Real=0.00s
[2026-09-20T19:17:49.710+0800][5003.193s][info][gc,start    ] GC(117) Pause Young (Normal) (G1 Evacuation Pause)
[2026-09-20T19:17:49.710+0800][5003.193s][info][gc,task     ] GC(117) Using 13 workers of 13 for evacuation
[2026-09-20T19:17:49.712+0800][5003.195s][info][gc,phases   ] GC(117)   Pre Evacuate Collection Set: 0.11ms
[2026-09-20T19:17:49.712+0800][5003.195s][info][gc,phases   ] GC(117)   Merge Heap Roots: 0.08ms
[2026-09-20T19:17:49.712+0800][5003.195s][info][gc,phases   ] GC(117)   Evacuate Collection Set: 0.71ms
[2026-09-20T19:17:49.712+0800][5003.195s][info][gc,phases   ] GC(117)   Post Evacuate Collection Set: 0.36ms
[2026-09-20T19:17:49.712+0800][5003.195s][info][gc,phases   ] GC(117)   Other: 0.16ms
[2026-09-20T19:17:49.712+0800][5003.195s][info][gc,heap     ] GC(117) Eden regions: 611->0(611)
[2026-09-20T19:17:49.712+0800][5003.195s][info][gc,heap     ] GC(117) Survivor regions: 3->3(77)
[2026-09-20T19:17:49.712+0800][5003.195s][info][gc,heap     ] GC(117) Old regions: 74->74
[2026-09-20T19:17:49.712+0800][5003.195s][info][gc,heap     ] GC(117) Archive regions: 0->0
[2026-09-20T19:17:49.712+0800][5003.195s][info][gc,heap     ] GC(117) Humongous regions: 2->2
[2026-09-20T19:17:49.712+0800][5003.195s][info][gc,metaspace] GC(117) Metaspace: 111641K(112576K)->111641K(112576K) NonClass: 98491K(98944K)->98491K(98944K) Class: 13150K(13632K)->13150K(13632K)
[2026-09-20T19:17:49.712+0800][5003.195s][info][gc          ] GC(117) Pause Young (Normal) (G1 Evacuation Pause) 688M->77M(1024M) 1.599ms
[2026-09-20T19:17:49.712+0800][5003.195s][info][gc,cpu      ] GC(117) User=0.00s Sys=0.00s Real=0.00s
[2026-09-20T19:17:55.766+0800][5009.250s][info][gc,start    ] GC(118) Pause Young (Normal) (G1 Evacuation Pause)
[2026-09-20T19:17:55.767+0800][5009.250s][info][gc,task     ] GC(118) Using 13 workers of 13 for evacuation
[2026-09-20T19:17:55.768+0800][5009.251s][info][gc,phases   ] GC(118)   Pre Evacuate Collection Set: 0.09ms
[2026-09-20T19:17:55.768+0800][5009.251s][info][gc,phases   ] GC(118)   Merge Heap Roots: 0.08ms
[2026-09-20T19:17:55.768+0800][5009.251s][info][gc,phases   ] GC(118)   Evacuate Collection Set: 0.68ms
[2026-09-20T19:17:55.768+0800][5009.251s][info][gc,phases   ] GC(118)   Post Evacuate Collection Set: 0.41ms
[2026-09-20T19:17:55.768+0800][5009.251s][info][gc,phases   ] GC(118)   Other: 0.22ms
[2026-09-20T19:17:55.768+0800][5009.251s][info][gc,heap     ] GC(118) Eden regions: 611->0(612)
[2026-09-20T19:17:55.768+0800][5009.251s][info][gc,heap     ] GC(118) Survivor regions: 3->2(77)
[2026-09-20T19:17:55.768+0800][5009.251s][info][gc,heap     ] GC(118) Old regions: 74->74
[2026-09-20T19:17:55.768+0800][5009.251s][info][gc,heap     ] GC(118) Archive regions: 0->0
[2026-09-20T19:17:55.768+0800][5009.251s][info][gc,heap     ] GC(118) Humongous regions: 2->2
[2026-09-20T19:17:55.768+0800][5009.251s][info][gc,metaspace] GC(118) Metaspace: 111644K(112576K)->111644K(112576K) NonClass: 98493K(98944K)->98493K(98944K) Class: 13150K(13632K)->13150K(13632K)
[2026-09-20T19:17:55.768+0800][5009.251s][info][gc          ] GC(118) Pause Young (Normal) (G1 Evacuation Pause) 688M->76M(1024M) 1.749ms
[2026-09-20T19:17:55.768+0800][5009.251s][info][gc,cpu      ] GC(118) User=0.00s Sys=0.00s Real=0.00s
[2026-09-20T19:18:16.236+0800][5029.720s][info][gc,start    ] GC(119) Pause Young (Normal) (G1 Evacuation Pause)
[2026-09-20T19:18:16.236+0800][5029.720s][info][gc,task     ] GC(119) Using 13 workers of 13 for evacuation
[2026-09-20T19:18:16.237+0800][5029.721s][info][gc,phases   ] GC(119)   Pre Evacuate Collection Set: 0.08ms
[2026-09-20T19:18:16.237+0800][5029.721s][info][gc,phases   ] GC(119)   Merge Heap Roots: 0.10ms
[2026-09-20T19:18:16.237+0800][5029.721s][info][gc,phases   ] GC(119)   Evacuate Collection Set: 0.87ms
[2026-09-20T19:18:16.237+0800][5029.721s][info][gc,phases   ] GC(119)   Post Evacuate Collection Set: 0.38ms
[2026-09-20T19:18:16.237+0800][5029.721s][info][gc,phases   ] GC(119)   Other: 0.16ms
[2026-09-20T19:18:16.237+0800][5029.721s][info][gc,heap     ] GC(119) Eden regions: 612->0(612)
[2026-09-20T19:18:16.237+0800][5029.721s][info][gc,heap     ] GC(119) Survivor regions: 2->2(77)
[2026-09-20T19:18:16.237+0800][5029.721s][info][gc,heap     ] GC(119) Old regions: 74->74
[2026-09-20T19:18:16.238+0800][5029.721s][info][gc,heap     ] GC(119) Archive regions: 0->0
[2026-09-20T19:18:16.238+0800][5029.721s][info][gc,heap     ] GC(119) Humongous regions: 2->2
[2026-09-20T19:18:16.238+0800][5029.721s][info][gc,metaspace] GC(119) Metaspace: 111644K(112576K)->111644K(112576K) NonClass: 98493K(98944K)->98493K(98944K) Class: 13150K(13632K)->13150K(13632K)
[2026-09-20T19:18:16.238+0800][5029.722s][info][gc          ] GC(119) Pause Young (Normal) (G1 Evacuation Pause) 688M->76M(1024M) 1.759ms
[2026-09-20T19:18:16.238+0800][5029.722s][info][gc,cpu      ] GC(119) User=0.00s Sys=0.00s Real=0.00s
[2026-09-20T19:18:23.443+0800][5036.926s][info][gc,start    ] GC(120) Pause Young (Normal) (G1 Evacuation Pause)
[2026-09-20T19:18:23.443+0800][5036.926s][info][gc,task     ] GC(120) Using 13 workers of 13 for evacuation
[2026-09-20T19:18:23.445+0800][5036.928s][info][gc,phases   ] GC(120)   Pre Evacuate Collection Set: 0.12ms
[2026-09-20T19:18:23.445+0800][5036.928s][info][gc,phases   ] GC(120)   Merge Heap Roots: 0.07ms
[2026-09-20T19:18:23.445+0800][5036.928s][info][gc,phases   ] GC(120)   Evacuate Collection Set: 0.81ms
[2026-09-20T19:18:23.445+0800][5036.928s][info][gc,phases   ] GC(120)   Post Evacuate Collection Set: 0.52ms
[2026-09-20T19:18:23.445+0800][5036.928s][info][gc,phases   ] GC(120)   Other: 0.19ms
[2026-09-20T19:18:23.445+0800][5036.928s][info][gc,heap     ] GC(120) Eden regions: 612->0(612)
[2026-09-20T19:18:23.445+0800][5036.928s][info][gc,heap     ] GC(120) Survivor regions: 2->2(77)
[2026-09-20T19:18:23.445+0800][5036.928s][info][gc,heap     ] GC(120) Old regions: 74->74
[2026-09-20T19:18:23.445+0800][5036.928s][info][gc,heap     ] GC(120) Archive regions: 0->0
[2026-09-20T19:18:23.445+0800][5036.928s][info][gc,heap     ] GC(120) Humongous regions: 2->2
[2026-09-20T19:18:23.445+0800][5036.928s][info][gc,metaspace] GC(120) Metaspace: 111644K(112576K)->111644K(112576K) NonClass: 98493K(98944K)->98493K(98944K) Class: 13150K(13632K)->13150K(13632K)
[2026-09-20T19:18:23.445+0800][5036.928s][info][gc          ] GC(120) Pause Young (Normal) (G1 Evacuation Pause) 688M->77M(1024M) 1.855ms
[2026-09-20T19:18:23.445+0800][5036.928s][info][gc,cpu      ] GC(120) User=0.00s Sys=0.00s Real=0.00s
[2026-09-20T19:18:28.294+0800][5041.777s][info][gc,start    ] GC(121) Pause Young (Normal) (G1 Evacuation Pause)
[2026-09-20T19:18:28.294+0800][5041.777s][info][gc,task     ] GC(121) Using 13 workers of 13 for evacuation
[2026-09-20T19:18:28.295+0800][5041.778s][info][gc,phases   ] GC(121)   Pre Evacuate Collection Set: 0.12ms
[2026-09-20T19:18:28.295+0800][5041.778s][info][gc,phases   ] GC(121)   Merge Heap Roots: 0.07ms
[2026-09-20T19:18:28.295+0800][5041.778s][info][gc,phases   ] GC(121)   Evacuate Collection Set: 0.70ms
[2026-09-20T19:18:28.295+0800][5041.778s][info][gc,phases   ] GC(121)   Post Evacuate Collection Set: 0.40ms
[2026-09-20T19:18:28.295+0800][5041.778s][info][gc,phases   ] GC(121)   Other: 0.23ms
[2026-09-20T19:18:28.295+0800][5041.778s][info][gc,heap     ] GC(121) Eden regions: 612->0(612)
[2026-09-20T19:18:28.295+0800][5041.778s][info][gc,heap     ] GC(121) Survivor regions: 2->2(77)
[2026-09-20T19:18:28.295+0800][5041.778s][info][gc,heap     ] GC(121) Old regions: 74->74
[2026-09-20T19:18:28.295+0800][5041.778s][info][gc,heap     ] GC(121) Archive regions: 0->0
[2026-09-20T19:18:28.295+0800][5041.778s][info][gc,heap     ] GC(121) Humongous regions: 2->2
[2026-09-20T19:18:28.295+0800][5041.778s][info][gc,metaspace] GC(121) Metaspace: 111645K(112576K)->111645K(112576K) NonClass: 98495K(98944K)->98495K(98944K) Class: 13150K(13632K)->13150K(13632K)
[2026-09-20T19:18:28.295+0800][5041.778s][info][gc          ] GC(121) Pause Young (Normal) (G1 Evacuation Pause) 689M->77M(1024M) 1.608ms
[2026-09-20T19:18:28.295+0800][5041.778s][info][gc,cpu      ] GC(121) User=0.00s Sys=0.00s Real=0.00s
[2026-09-20T19:18:32.926+0800][5046.410s][info][gc,start    ] GC(122) Pause Young (Normal) (G1 Evacuation Pause)
[2026-09-20T19:18:32.926+0800][5046.410s][info][gc,task     ] GC(122) Using 13 workers of 13 for evacuation
[2026-09-20T19:18:32.928+0800][5046.412s][info][gc,phases   ] GC(122)   Pre Evacuate Collection Set: 0.10ms
[2026-09-20T19:18:32.928+0800][5046.412s][info][gc,phases   ] GC(122)   Merge Heap Roots: 0.08ms
[2026-09-20T19:18:32.928+0800][5046.412s][info][gc,phases   ] GC(122)   Evacuate Collection Set: 0.68ms
[2026-09-20T19:18:32.928+0800][5046.412s][info][gc,phases   ] GC(122)   Post Evacuate Collection Set: 0.40ms
[2026-09-20T19:18:32.928+0800][5046.412s][info][gc,phases   ] GC(122)   Other: 0.19ms
[2026-09-20T19:18:32.928+0800][5046.412s][info][gc,heap     ] GC(122) Eden regions: 612->0(612)
[2026-09-20T19:18:32.928+0800][5046.412s][info][gc,heap     ] GC(122) Survivor regions: 2->2(77)
[2026-09-20T19:18:32.928+0800][5046.412s][info][gc,heap     ] GC(122) Old regions: 74->74
[2026-09-20T19:18:32.928+0800][5046.412s][info][gc,heap     ] GC(122) Archive regions: 0->0
[2026-09-20T19:18:32.928+0800][5046.412s][info][gc,heap     ] GC(122) Humongous regions: 2->2
[2026-09-20T19:18:32.928+0800][5046.412s][info][gc,metaspace] GC(122) Metaspace: 111645K(112576K)->111645K(112576K) NonClass: 98495K(98944K)->98495K(98944K) Class: 13150K(13632K)->13150K(13632K)
[2026-09-20T19:18:32.928+0800][5046.412s][info][gc          ] GC(122) Pause Young (Normal) (G1 Evacuation Pause) 689M->77M(1024M) 1.649ms
[2026-09-20T19:18:32.928+0800][5046.412s][info][gc,cpu      ] GC(122) User=0.00s Sys=0.00s Real=0.00s
[2026-09-20T19:18:37.499+0800][5050.982s][info][gc,start    ] GC(123) Pause Young (Normal) (G1 Evacuation Pause)
[2026-09-20T19:18:37.499+0800][5050.982s][info][gc,task     ] GC(123) Using 13 workers of 13 for evacuation
[2026-09-20T19:18:37.500+0800][5050.984s][info][gc,phases   ] GC(123)   Pre Evacuate Collection Set: 0.08ms
[2026-09-20T19:18:37.500+0800][5050.984s][info][gc,phases   ] GC(123)   Merge Heap Roots: 0.07ms
[2026-09-20T19:18:37.500+0800][5050.984s][info][gc,phases   ] GC(123)   Evacuate Collection Set: 0.67ms
[2026-09-20T19:18:37.500+0800][5050.984s][info][gc,phases   ] GC(123)   Post Evacuate Collection Set: 0.35ms
[2026-09-20T19:18:37.500+0800][5050.984s][info][gc,phases   ] GC(123)   Other: 0.15ms
[2026-09-20T19:18:37.500+0800][5050.984s][info][gc,heap     ] GC(123) Eden regions: 612->0(612)
[2026-09-20T19:18:37.500+0800][5050.984s][info][gc,heap     ] GC(123) Survivor regions: 2->2(77)
[2026-09-20T19:18:37.500+0800][5050.984s][info][gc,heap     ] GC(123) Old regions: 74->74
[2026-09-20T19:18:37.500+0800][5050.984s][info][gc,heap     ] GC(123) Archive regions: 0->0
[2026-09-20T19:18:37.500+0800][5050.984s][info][gc,heap     ] GC(123) Humongous regions: 2->2
[2026-09-20T19:18:37.500+0800][5050.984s][info][gc,metaspace] GC(123) Metaspace: 111645K(112576K)->111645K(112576K) NonClass: 98495K(98944K)->98495K(98944K) Class: 13150K(13632K)->13150K(13632K)
[2026-09-20T19:18:37.500+0800][5050.984s][info][gc          ] GC(123) Pause Young (Normal) (G1 Evacuation Pause) 689M->77M(1024M) 1.499ms
[2026-09-20T19:18:37.500+0800][5050.984s][info][gc,cpu      ] GC(123) User=0.00s Sys=0.00s Real=0.00s
[2026-09-20T19:18:42.060+0800][5055.543s][info][gc,start    ] GC(124) Pause Young (Normal) (G1 Evacuation Pause)
[2026-09-20T19:18:42.060+0800][5055.543s][info][gc,task     ] GC(124) Using 13 workers of 13 for evacuation
[2026-09-20T19:18:42.062+0800][5055.545s][info][gc,phases   ] GC(124)   Pre Evacuate Collection Set: 0.12ms
[2026-09-20T19:18:42.062+0800][5055.545s][info][gc,phases   ] GC(124)   Merge Heap Roots: 0.09ms
[2026-09-20T19:18:42.062+0800][5055.545s][info][gc,phases   ] GC(124)   Evacuate Collection Set: 1.12ms
[2026-09-20T19:18:42.062+0800][5055.545s][info][gc,phases   ] GC(124)   Post Evacuate Collection Set: 0.38ms
[2026-09-20T19:18:42.062+0800][5055.545s][info][gc,phases   ] GC(124)   Other: 0.18ms
[2026-09-20T19:18:42.062+0800][5055.545s][info][gc,heap     ] GC(124) Eden regions: 612->0(612)
[2026-09-20T19:18:42.062+0800][5055.545s][info][gc,heap     ] GC(124) Survivor regions: 2->2(77)
[2026-09-20T19:18:42.062+0800][5055.545s][info][gc,heap     ] GC(124) Old regions: 74->74
[2026-09-20T19:18:42.062+0800][5055.545s][info][gc,heap     ] GC(124) Archive regions: 0->0
[2026-09-20T19:18:42.062+0800][5055.545s][info][gc,heap     ] GC(124) Humongous regions: 2->2
[2026-09-20T19:18:42.062+0800][5055.545s][info][gc,metaspace] GC(124) Metaspace: 111645K(112576K)->111645K(112576K) NonClass: 98495K(98944K)->98495K(98944K) Class: 13150K(13632K)->13150K(13632K)
[2026-09-20T19:18:42.062+0800][5055.545s][info][gc          ] GC(124) Pause Young (Normal) (G1 Evacuation Pause) 689M->77M(1024M) 2.064ms
[2026-09-20T19:18:42.062+0800][5055.546s][info][gc,cpu      ] GC(124) User=0.00s Sys=0.00s Real=0.00s
[2026-09-20T19:18:47.165+0800][5060.648s][info][gc,start    ] GC(125) Pause Young (Normal) (G1 Evacuation Pause)
[2026-09-20T19:18:47.165+0800][5060.648s][info][gc,task     ] GC(125) Using 13 workers of 13 for evacuation
[2026-09-20T19:18:47.168+0800][5060.651s][info][gc,phases   ] GC(125)   Pre Evacuate Collection Set: 0.27ms
[2026-09-20T19:18:47.168+0800][5060.651s][info][gc,phases   ] GC(125)   Merge Heap Roots: 0.13ms
[2026-09-20T19:18:47.168+0800][5060.651s][info][gc,phases   ] GC(125)   Evacuate Collection Set: 1.11ms
[2026-09-20T19:18:47.168+0800][5060.651s][info][gc,phases   ] GC(125)   Post Evacuate Collection Set: 0.80ms
[2026-09-20T19:18:47.168+0800][5060.651s][info][gc,phases   ] GC(125)   Other: 0.44ms
[2026-09-20T19:18:47.168+0800][5060.651s][info][gc,heap     ] GC(125) Eden regions: 612->0(612)
[2026-09-20T19:18:47.168+0800][5060.651s][info][gc,heap     ] GC(125) Survivor regions: 2->2(77)
[2026-09-20T19:18:47.168+0800][5060.651s][info][gc,heap     ] GC(125) Old regions: 74->74
[2026-09-20T19:18:47.168+0800][5060.651s][info][gc,heap     ] GC(125) Archive regions: 0->0
[2026-09-20T19:18:47.168+0800][5060.651s][info][gc,heap     ] GC(125) Humongous regions: 2->2
[2026-09-20T19:18:47.168+0800][5060.651s][info][gc,metaspace] GC(125) Metaspace: 111645K(112576K)->111645K(112576K) NonClass: 98495K(98944K)->98495K(98944K) Class: 13150K(13632K)->13150K(13632K)
[2026-09-20T19:18:47.168+0800][5060.651s][info][gc          ] GC(125) Pause Young (Normal) (G1 Evacuation Pause) 689M->77M(1024M) 2.901ms
[2026-09-20T19:18:47.168+0800][5060.651s][info][gc,cpu      ] GC(125) User=0.00s Sys=0.00s Real=0.00s
[2026-09-20T19:19:06.665+0800][5080.149s][info][gc,start    ] GC(126) Pause Young (Normal) (G1 Evacuation Pause)
[2026-09-20T19:19:06.665+0800][5080.149s][info][gc,task     ] GC(126) Using 13 workers of 13 for evacuation
[2026-09-20T19:19:06.668+0800][5080.151s][info][gc,phases   ] GC(126)   Pre Evacuate Collection Set: 0.13ms
[2026-09-20T19:19:06.668+0800][5080.151s][info][gc,phases   ] GC(126)   Merge Heap Roots: 0.12ms
[2026-09-20T19:19:06.668+0800][5080.151s][info][gc,phases   ] GC(126)   Evacuate Collection Set: 1.02ms
[2026-09-20T19:19:06.668+0800][5080.151s][info][gc,phases   ] GC(126)   Post Evacuate Collection Set: 0.64ms
[2026-09-20T19:19:06.668+0800][5080.151s][info][gc,phases   ] GC(126)   Other: 0.21ms
[2026-09-20T19:19:06.668+0800][5080.151s][info][gc,heap     ] GC(126) Eden regions: 612->0(612)
[2026-09-20T19:19:06.668+0800][5080.151s][info][gc,heap     ] GC(126) Survivor regions: 2->2(77)
[2026-09-20T19:19:06.668+0800][5080.151s][info][gc,heap     ] GC(126) Old regions: 74->74
[2026-09-20T19:19:06.668+0800][5080.151s][info][gc,heap     ] GC(126) Archive regions: 0->0
[2026-09-20T19:19:06.668+0800][5080.151s][info][gc,heap     ] GC(126) Humongous regions: 2->2
[2026-09-20T19:19:06.669+0800][5080.151s][info][gc,metaspace] GC(126) Metaspace: 111645K(112576K)->111645K(112576K) NonClass: 98495K(98944K)->98495K(98944K) Class: 13150K(13632K)->13150K(13632K)
[2026-09-20T19:19:06.669+0800][5080.152s][info][gc          ] GC(126) Pause Young (Normal) (G1 Evacuation Pause) 689M->77M(1024M) 2.349ms
[2026-09-20T19:19:06.669+0800][5080.152s][info][gc,cpu      ] GC(126) User=0.00s Sys=0.00s Real=0.00s
[2026-09-20T19:19:28.693+0800][5102.176s][info][gc,start    ] GC(127) Pause Young (Normal) (G1 Evacuation Pause)
[2026-09-20T19:19:28.693+0800][5102.176s][info][gc,task     ] GC(127) Using 13 workers of 13 for evacuation
[2026-09-20T19:19:28.695+0800][5102.178s][info][gc,phases   ] GC(127)   Pre Evacuate Collection Set: 0.11ms
[2026-09-20T19:19:28.695+0800][5102.178s][info][gc,phases   ] GC(127)   Merge Heap Roots: 0.07ms
[2026-09-20T19:19:28.695+0800][5102.178s][info][gc,phases   ] GC(127)   Evacuate Collection Set: 1.00ms
[2026-09-20T19:19:28.695+0800][5102.178s][info][gc,phases   ] GC(127)   Post Evacuate Collection Set: 0.50ms
[2026-09-20T19:19:28.695+0800][5102.178s][info][gc,phases   ] GC(127)   Other: 0.18ms
[2026-09-20T19:19:28.695+0800][5102.178s][info][gc,heap     ] GC(127) Eden regions: 612->0(612)
[2026-09-20T19:19:28.695+0800][5102.178s][info][gc,heap     ] GC(127) Survivor regions: 2->2(77)
[2026-09-20T19:19:28.695+0800][5102.178s][info][gc,heap     ] GC(127) Old regions: 74->74
[2026-09-20T19:19:28.695+0800][5102.178s][info][gc,heap     ] GC(127) Archive regions: 0->0
[2026-09-20T19:19:28.695+0800][5102.178s][info][gc,heap     ] GC(127) Humongous regions: 2->2
[2026-09-20T19:19:28.695+0800][5102.178s][info][gc,metaspace] GC(127) Metaspace: 111645K(112576K)->111645K(112576K) NonClass: 98495K(98944K)->98495K(98944K) Class: 13150K(13632K)->13150K(13632K)
[2026-09-20T19:19:28.695+0800][5102.178s][info][gc          ] GC(127) Pause Young (Normal) (G1 Evacuation Pause) 689M->77M(1024M) 1.973ms
[2026-09-20T19:19:28.695+0800][5102.178s][info][gc,cpu      ] GC(127) User=0.00s Sys=0.00s Real=0.00s
[2026-09-20T19:19:34.743+0800][5108.227s][info][gc,start    ] GC(128) Pause Young (Normal) (G1 Evacuation Pause)
[2026-09-20T19:19:34.744+0800][5108.227s][info][gc,task     ] GC(128) Using 13 workers of 13 for evacuation
[2026-09-20T19:19:34.745+0800][5108.228s][info][gc,phases   ] GC(128)   Pre Evacuate Collection Set: 0.12ms
[2026-09-20T19:19:34.745+0800][5108.228s][info][gc,phases   ] GC(128)   Merge Heap Roots: 0.06ms
[2026-09-20T19:19:34.745+0800][5108.228s][info][gc,phases   ] GC(128)   Evacuate Collection Set: 1.03ms
[2026-09-20T19:19:34.745+0800][5108.228s][info][gc,phases   ] GC(128)   Post Evacuate Collection Set: 0.37ms
[2026-09-20T19:19:34.745+0800][5108.228s][info][gc,phases   ] GC(128)   Other: 0.18ms
[2026-09-20T19:19:34.745+0800][5108.228s][info][gc,heap     ] GC(128) Eden regions: 612->0(612)
[2026-09-20T19:19:34.745+0800][5108.228s][info][gc,heap     ] GC(128) Survivor regions: 2->2(77)
[2026-09-20T19:19:34.745+0800][5108.228s][info][gc,heap     ] GC(128) Old regions: 74->75
[2026-09-20T19:19:34.745+0800][5108.228s][info][gc,heap     ] GC(128) Archive regions: 0->0
[2026-09-20T19:19:34.745+0800][5108.228s][info][gc,heap     ] GC(128) Humongous regions: 2->2
[2026-09-20T19:19:34.745+0800][5108.228s][info][gc,metaspace] GC(128) Metaspace: 111645K(112576K)->111645K(112576K) NonClass: 98495K(98944K)->98495K(98944K) Class: 13150K(13632K)->13150K(13632K)
[2026-09-20T19:19:34.745+0800][5108.228s][info][gc          ] GC(128) Pause Young (Normal) (G1 Evacuation Pause) 689M->77M(1024M) 1.880ms
[2026-09-20T19:19:34.745+0800][5108.229s][info][gc,cpu      ] GC(128) User=0.00s Sys=0.00s Real=0.00s
[2026-09-20T19:19:39.589+0800][5113.073s][info][gc,start    ] GC(129) Pause Young (Normal) (G1 Evacuation Pause)
[2026-09-20T19:19:39.589+0800][5113.073s][info][gc,task     ] GC(129) Using 13 workers of 13 for evacuation
[2026-09-20T19:19:39.591+0800][5113.074s][info][gc,phases   ] GC(129)   Pre Evacuate Collection Set: 0.12ms
[2026-09-20T19:19:39.592+0800][5113.075s][info][gc,phases   ] GC(129)   Merge Heap Roots: 0.09ms
[2026-09-20T19:19:39.592+0800][5113.075s][info][gc,phases   ] GC(129)   Evacuate Collection Set: 0.95ms
[2026-09-20T19:19:39.592+0800][5113.075s][info][gc,phases   ] GC(129)   Post Evacuate Collection Set: 0.35ms
[2026-09-20T19:19:39.592+0800][5113.075s][info][gc,phases   ] GC(129)   Other: 0.17ms
[2026-09-20T19:19:39.592+0800][5113.075s][info][gc,heap     ] GC(129) Eden regions: 612->0(612)
[2026-09-20T19:19:39.592+0800][5113.075s][info][gc,heap     ] GC(129) Survivor regions: 2->2(77)
[2026-09-20T19:19:39.592+0800][5113.075s][info][gc,heap     ] GC(129) Old regions: 75->75
[2026-09-20T19:19:39.592+0800][5113.075s][info][gc,heap     ] GC(129) Archive regions: 0->0
[2026-09-20T19:19:39.592+0800][5113.075s][info][gc,heap     ] GC(129) Humongous regions: 2->2
[2026-09-20T19:19:39.592+0800][5113.075s][info][gc,metaspace] GC(129) Metaspace: 111645K(112576K)->111645K(112576K) NonClass: 98495K(98944K)->98495K(98944K) Class: 13150K(13632K)->13150K(13632K)
[2026-09-20T19:19:39.592+0800][5113.075s][info][gc          ] GC(129) Pause Young (Normal) (G1 Evacuation Pause) 689M->77M(1024M) 1.828ms
[2026-09-20T19:19:39.592+0800][5113.075s][info][gc,cpu      ] GC(129) User=0.00s Sys=0.00s Real=0.00s
[2026-09-20T19:19:44.379+0800][5117.862s][info][gc,start    ] GC(130) Pause Young (Normal) (G1 Evacuation Pause)
[2026-09-20T19:19:44.379+0800][5117.862s][info][gc,task     ] GC(130) Using 13 workers of 13 for evacuation
[2026-09-20T19:19:44.381+0800][5117.864s][info][gc,phases   ] GC(130)   Pre Evacuate Collection Set: 0.09ms
[2026-09-20T19:19:44.381+0800][5117.864s][info][gc,phases   ] GC(130)   Merge Heap Roots: 0.07ms
[2026-09-20T19:19:44.381+0800][5117.864s][info][gc,phases   ] GC(130)   Evacuate Collection Set: 0.87ms
[2026-09-20T19:19:44.381+0800][5117.864s][info][gc,phases   ] GC(130)   Post Evacuate Collection Set: 0.36ms
[2026-09-20T19:19:44.381+0800][5117.864s][info][gc,phases   ] GC(130)   Other: 0.19ms
[2026-09-20T19:19:44.381+0800][5117.864s][info][gc,heap     ] GC(130) Eden regions: 612->0(612)
[2026-09-20T19:19:44.381+0800][5117.864s][info][gc,heap     ] GC(130) Survivor regions: 2->2(77)
[2026-09-20T19:19:44.381+0800][5117.864s][info][gc,heap     ] GC(130) Old regions: 75->75
[2026-09-20T19:19:44.381+0800][5117.864s][info][gc,heap     ] GC(130) Archive regions: 0->0
[2026-09-20T19:19:44.381+0800][5117.864s][info][gc,heap     ] GC(130) Humongous regions: 2->2
[2026-09-20T19:19:44.381+0800][5117.864s][info][gc,metaspace] GC(130) Metaspace: 111645K(112576K)->111645K(112576K) NonClass: 98495K(98944K)->98495K(98944K) Class: 13150K(13632K)->13150K(13632K)
[2026-09-20T19:19:44.381+0800][5117.864s][info][gc          ] GC(130) Pause Young (Normal) (G1 Evacuation Pause) 689M->77M(1024M) 1.738ms
[2026-09-20T19:19:44.381+0800][5117.864s][info][gc,cpu      ] GC(130) User=0.00s Sys=0.00s Real=0.00s
[2026-09-20T19:19:49.302+0800][5122.785s][info][gc,start    ] GC(131) Pause Young (Normal) (G1 Evacuation Pause)
[2026-09-20T19:19:49.302+0800][5122.785s][info][gc,task     ] GC(131) Using 13 workers of 13 for evacuation
[2026-09-20T19:19:49.304+0800][5122.787s][info][gc,phases   ] GC(131)   Pre Evacuate Collection Set: 0.12ms
[2026-09-20T19:19:49.304+0800][5122.787s][info][gc,phases   ] GC(131)   Merge Heap Roots: 0.09ms
[2026-09-20T19:19:49.304+0800][5122.787s][info][gc,phases   ] GC(131)   Evacuate Collection Set: 0.92ms
[2026-09-20T19:19:49.304+0800][5122.787s][info][gc,phases   ] GC(131)   Post Evacuate Collection Set: 0.61ms
[2026-09-20T19:19:49.304+0800][5122.787s][info][gc,phases   ] GC(131)   Other: 0.18ms
[2026-09-20T19:19:49.304+0800][5122.787s][info][gc,heap     ] GC(131) Eden regions: 612->0(612)
[2026-09-20T19:19:49.304+0800][5122.787s][info][gc,heap     ] GC(131) Survivor regions: 2->2(77)
[2026-09-20T19:19:49.304+0800][5122.787s][info][gc,heap     ] GC(131) Old regions: 75->75
[2026-09-20T19:19:49.304+0800][5122.787s][info][gc,heap     ] GC(131) Archive regions: 0->0
[2026-09-20T19:19:49.304+0800][5122.787s][info][gc,heap     ] GC(131) Humongous regions: 2->2
[2026-09-20T19:19:49.304+0800][5122.787s][info][gc,metaspace] GC(131) Metaspace: 111645K(112576K)->111645K(112576K) NonClass: 98495K(98944K)->98495K(98944K) Class: 13150K(13632K)->13150K(13632K)
[2026-09-20T19:19:49.304+0800][5122.787s][info][gc          ] GC(131) Pause Young (Normal) (G1 Evacuation Pause) 689M->77M(1024M) 2.095ms
[2026-09-20T19:19:49.304+0800][5122.787s][info][gc,cpu      ] GC(131) User=0.00s Sys=0.00s Real=0.00s
[2026-09-20T19:19:54.042+0800][5127.526s][info][gc,start    ] GC(132) Pause Young (Normal) (G1 Evacuation Pause)
[2026-09-20T19:19:54.042+0800][5127.526s][info][gc,task     ] GC(132) Using 13 workers of 13 for evacuation
[2026-09-20T19:19:54.044+0800][5127.528s][info][gc,phases   ] GC(132)   Pre Evacuate Collection Set: 0.07ms
[2026-09-20T19:19:54.044+0800][5127.528s][info][gc,phases   ] GC(132)   Merge Heap Roots: 0.08ms
[2026-09-20T19:19:54.044+0800][5127.528s][info][gc,phases   ] GC(132)   Evacuate Collection Set: 0.95ms
[2026-09-20T19:19:54.044+0800][5127.528s][info][gc,phases   ] GC(132)   Post Evacuate Collection Set: 0.42ms
[2026-09-20T19:19:54.044+0800][5127.528s][info][gc,phases   ] GC(132)   Other: 0.17ms
[2026-09-20T19:19:54.044+0800][5127.528s][info][gc,heap     ] GC(132) Eden regions: 612->0(612)
[2026-09-20T19:19:54.044+0800][5127.528s][info][gc,heap     ] GC(132) Survivor regions: 2->2(77)
[2026-09-20T19:19:54.044+0800][5127.528s][info][gc,heap     ] GC(132) Old regions: 75->75
[2026-09-20T19:19:54.044+0800][5127.528s][info][gc,heap     ] GC(132) Archive regions: 0->0
[2026-09-20T19:19:54.044+0800][5127.528s][info][gc,heap     ] GC(132) Humongous regions: 2->2
[2026-09-20T19:19:54.044+0800][5127.528s][info][gc,metaspace] GC(132) Metaspace: 111645K(112576K)->111645K(112576K) NonClass: 98495K(98944K)->98495K(98944K) Class: 13150K(13632K)->13150K(13632K)
[2026-09-20T19:19:54.044+0800][5127.528s][info][gc          ] GC(132) Pause Young (Normal) (G1 Evacuation Pause) 689M->77M(1024M) 1.793ms
[2026-09-20T19:19:54.044+0800][5127.528s][info][gc,cpu      ] GC(132) User=0.00s Sys=0.00s Real=0.00s
[2026-09-20T19:19:58.652+0800][5132.136s][info][gc,start    ] GC(133) Pause Young (Normal) (G1 Evacuation Pause)
[2026-09-20T19:19:58.652+0800][5132.136s][info][gc,task     ] GC(133) Using 13 workers of 13 for evacuation
[2026-09-20T19:19:58.654+0800][5132.138s][info][gc,phases   ] GC(133)   Pre Evacuate Collection Set: 0.10ms
[2026-09-20T19:19:58.654+0800][5132.138s][info][gc,phases   ] GC(133)   Merge Heap Roots: 0.08ms
[2026-09-20T19:19:58.654+0800][5132.138s][info][gc,phases   ] GC(133)   Evacuate Collection Set: 0.89ms
[2026-09-20T19:19:58.654+0800][5132.138s][info][gc,phases   ] GC(133)   Post Evacuate Collection Set: 0.40ms
[2026-09-20T19:19:58.654+0800][5132.138s][info][gc,phases   ] GC(133)   Other: 0.17ms
[2026-09-20T19:19:58.654+0800][5132.138s][info][gc,heap     ] GC(133) Eden regions: 612->0(612)
[2026-09-20T19:19:58.654+0800][5132.138s][info][gc,heap     ] GC(133) Survivor regions: 2->2(77)
[2026-09-20T19:19:58.654+0800][5132.138s][info][gc,heap     ] GC(133) Old regions: 75->75
[2026-09-20T19:19:58.654+0800][5132.138s][info][gc,heap     ] GC(133) Archive regions: 0->0
[2026-09-20T19:19:58.654+0800][5132.138s][info][gc,heap     ] GC(133) Humongous regions: 2->2
[2026-09-20T19:19:58.654+0800][5132.138s][info][gc,metaspace] GC(133) Metaspace: 111645K(112576K)->111645K(112576K) NonClass: 98495K(98944K)->98495K(98944K) Class: 13150K(13632K)->13150K(13632K)
[2026-09-20T19:19:58.654+0800][5132.138s][info][gc          ] GC(133) Pause Young (Normal) (G1 Evacuation Pause) 689M->77M(1024M) 1.792ms
[2026-09-20T19:19:58.654+0800][5132.138s][info][gc,cpu      ] GC(133) User=0.00s Sys=0.00s Real=0.00s
[2026-09-20T19:20:17.639+0800][5151.122s][info][gc,start    ] GC(134) Pause Young (Normal) (G1 Evacuation Pause)
[2026-09-20T19:20:17.639+0800][5151.122s][info][gc,task     ] GC(134) Using 13 workers of 13 for evacuation
[2026-09-20T19:20:17.641+0800][5151.125s][info][gc,phases   ] GC(134)   Pre Evacuate Collection Set: 0.09ms
[2026-09-20T19:20:17.641+0800][5151.125s][info][gc,phases   ] GC(134)   Merge Heap Roots: 0.08ms
[2026-09-20T19:20:17.641+0800][5151.125s][info][gc,phases   ] GC(134)   Evacuate Collection Set: 1.30ms
[2026-09-20T19:20:17.641+0800][5151.125s][info][gc,phases   ] GC(134)   Post Evacuate Collection Set: 0.45ms
[2026-09-20T19:20:17.641+0800][5151.125s][info][gc,phases   ] GC(134)   Other: 0.20ms
[2026-09-20T19:20:17.641+0800][5151.125s][info][gc,heap     ] GC(134) Eden regions: 612->0(612)
[2026-09-20T19:20:17.641+0800][5151.125s][info][gc,heap     ] GC(134) Survivor regions: 2->2(77)
[2026-09-20T19:20:17.641+0800][5151.125s][info][gc,heap     ] GC(134) Old regions: 75->75
[2026-09-20T19:20:17.641+0800][5151.125s][info][gc,heap     ] GC(134) Archive regions: 0->0
[2026-09-20T19:20:17.641+0800][5151.125s][info][gc,heap     ] GC(134) Humongous regions: 2->2
[2026-09-20T19:20:17.641+0800][5151.125s][info][gc,metaspace] GC(134) Metaspace: 111647K(112576K)->111647K(112576K) NonClass: 98496K(98944K)->98496K(98944K) Class: 13150K(13632K)->13150K(13632K)
[2026-09-20T19:20:17.641+0800][5151.125s][info][gc          ] GC(134) Pause Young (Normal) (G1 Evacuation Pause) 689M->77M(1024M) 2.261ms
[2026-09-20T19:20:17.641+0800][5151.125s][info][gc,cpu      ] GC(134) User=0.00s Sys=0.00s Real=0.00s
[2026-09-20T19:20:27.664+0800][5161.147s][info][gc,start    ] GC(135) Pause Young (Normal) (G1 Evacuation Pause)
[2026-09-20T19:20:27.664+0800][5161.147s][info][gc,task     ] GC(135) Using 13 workers of 13 for evacuation
[2026-09-20T19:20:27.665+0800][5161.149s][info][gc,phases   ] GC(135)   Pre Evacuate Collection Set: 0.09ms
[2026-09-20T19:20:27.665+0800][5161.149s][info][gc,phases   ] GC(135)   Merge Heap Roots: 0.07ms
[2026-09-20T19:20:27.665+0800][5161.149s][info][gc,phases   ] GC(135)   Evacuate Collection Set: 1.10ms
[2026-09-20T19:20:27.665+0800][5161.149s][info][gc,phases   ] GC(135)   Post Evacuate Collection Set: 0.45ms
[2026-09-20T19:20:27.665+0800][5161.149s][info][gc,phases   ] GC(135)   Other: 0.16ms
[2026-09-20T19:20:27.665+0800][5161.149s][info][gc,heap     ] GC(135) Eden regions: 612->0(612)
[2026-09-20T19:20:27.665+0800][5161.149s][info][gc,heap     ] GC(135) Survivor regions: 2->2(77)
[2026-09-20T19:20:27.665+0800][5161.149s][info][gc,heap     ] GC(135) Old regions: 75->75
[2026-09-20T19:20:27.665+0800][5161.149s][info][gc,heap     ] GC(135) Archive regions: 0->0
[2026-09-20T19:20:27.665+0800][5161.149s][info][gc,heap     ] GC(135) Humongous regions: 2->2
[2026-09-20T19:20:27.665+0800][5161.149s][info][gc,metaspace] GC(135) Metaspace: 111648K(112576K)->111648K(112576K) NonClass: 98497K(98944K)->98497K(98944K) Class: 13150K(13632K)->13150K(13632K)
[2026-09-20T19:20:27.665+0800][5161.149s][info][gc          ] GC(135) Pause Young (Normal) (G1 Evacuation Pause) 689M->78M(1024M) 2.029ms
[2026-09-20T19:20:27.665+0800][5161.149s][info][gc,cpu      ] GC(135) User=0.03s Sys=0.00s Real=0.00s
[2026-09-20T19:20:43.342+0800][5176.825s][info][gc,start    ] GC(136) Pause Young (Normal) (G1 Evacuation Pause)
[2026-09-20T19:20:43.342+0800][5176.825s][info][gc,task     ] GC(136) Using 13 workers of 13 for evacuation
[2026-09-20T19:20:43.344+0800][5176.827s][info][gc,phases   ] GC(136)   Pre Evacuate Collection Set: 0.11ms
[2026-09-20T19:20:43.344+0800][5176.827s][info][gc,phases   ] GC(136)   Merge Heap Roots: 0.06ms
[2026-09-20T19:20:43.344+0800][5176.827s][info][gc,phases   ] GC(136)   Evacuate Collection Set: 0.91ms
[2026-09-20T19:20:43.344+0800][5176.827s][info][gc,phases   ] GC(136)   Post Evacuate Collection Set: 0.37ms
[2026-09-20T19:20:43.344+0800][5176.827s][info][gc,phases   ] GC(136)   Other: 0.15ms
[2026-09-20T19:20:43.344+0800][5176.827s][info][gc,heap     ] GC(136) Eden regions: 612->0(612)
[2026-09-20T19:20:43.344+0800][5176.827s][info][gc,heap     ] GC(136) Survivor regions: 2->2(77)
[2026-09-20T19:20:43.344+0800][5176.827s][info][gc,heap     ] GC(136) Old regions: 75->75
[2026-09-20T19:20:43.344+0800][5176.827s][info][gc,heap     ] GC(136) Archive regions: 0->0
[2026-09-20T19:20:43.344+0800][5176.827s][info][gc,heap     ] GC(136) Humongous regions: 2->2
[2026-09-20T19:20:43.344+0800][5176.827s][info][gc,metaspace] GC(136) Metaspace: 111651K(112576K)->111651K(112576K) NonClass: 98500K(98944K)->98500K(98944K) Class: 13150K(13632K)->13150K(13632K)
[2026-09-20T19:20:43.344+0800][5176.827s][info][gc          ] GC(136) Pause Young (Normal) (G1 Evacuation Pause) 690M->77M(1024M) 1.689ms
[2026-09-20T19:20:43.344+0800][5176.827s][info][gc,cpu      ] GC(136) User=0.00s Sys=0.00s Real=0.00s
[2026-09-20T19:21:03.216+0800][5196.699s][info][gc,start    ] GC(137) Pause Young (Normal) (G1 Evacuation Pause)
[2026-09-20T19:21:03.216+0800][5196.699s][info][gc,task     ] GC(137) Using 13 workers of 13 for evacuation
[2026-09-20T19:21:03.218+0800][5196.701s][info][gc,phases   ] GC(137)   Pre Evacuate Collection Set: 0.09ms
[2026-09-20T19:21:03.218+0800][5196.701s][info][gc,phases   ] GC(137)   Merge Heap Roots: 0.08ms
[2026-09-20T19:21:03.218+0800][5196.701s][info][gc,phases   ] GC(137)   Evacuate Collection Set: 1.13ms
[2026-09-20T19:21:03.218+0800][5196.701s][info][gc,phases   ] GC(137)   Post Evacuate Collection Set: 0.39ms
[2026-09-20T19:21:03.218+0800][5196.701s][info][gc,phases   ] GC(137)   Other: 0.17ms
[2026-09-20T19:21:03.218+0800][5196.701s][info][gc,heap     ] GC(137) Eden regions: 612->0(612)
[2026-09-20T19:21:03.218+0800][5196.701s][info][gc,heap     ] GC(137) Survivor regions: 2->2(77)
[2026-09-20T19:21:03.218+0800][5196.701s][info][gc,heap     ] GC(137) Old regions: 75->75
[2026-09-20T19:21:03.218+0800][5196.701s][info][gc,heap     ] GC(137) Archive regions: 0->0
[2026-09-20T19:21:03.218+0800][5196.701s][info][gc,heap     ] GC(137) Humongous regions: 2->2
[2026-09-20T19:21:03.218+0800][5196.701s][info][gc,metaspace] GC(137) Metaspace: 111651K(112576K)->111651K(112576K) NonClass: 98501K(98944K)->98501K(98944K) Class: 13150K(13632K)->13150K(13632K)
[2026-09-20T19:21:03.218+0800][5196.701s][info][gc          ] GC(137) Pause Young (Normal) (G1 Evacuation Pause) 689M->77M(1024M) 1.997ms
[2026-09-20T19:21:03.218+0800][5196.701s][info][gc,cpu      ] GC(137) User=0.00s Sys=0.00s Real=0.00s
[2026-09-20T19:22:10.370+0800][5263.854s][info][gc,start    ] GC(138) Pause Young (Normal) (G1 Evacuation Pause)
[2026-09-20T19:22:10.370+0800][5263.854s][info][gc,task     ] GC(138) Using 13 workers of 13 for evacuation
[2026-09-20T19:22:10.373+0800][5263.856s][info][gc,phases   ] GC(138)   Pre Evacuate Collection Set: 0.07ms
[2026-09-20T19:22:10.373+0800][5263.856s][info][gc,phases   ] GC(138)   Merge Heap Roots: 0.07ms
[2026-09-20T19:22:10.373+0800][5263.856s][info][gc,phases   ] GC(138)   Evacuate Collection Set: 1.16ms
[2026-09-20T19:22:10.373+0800][5263.856s][info][gc,phases   ] GC(138)   Post Evacuate Collection Set: 0.63ms
[2026-09-20T19:22:10.373+0800][5263.856s][info][gc,phases   ] GC(138)   Other: 0.17ms
[2026-09-20T19:22:10.373+0800][5263.856s][info][gc,heap     ] GC(138) Eden regions: 612->0(612)
[2026-09-20T19:22:10.373+0800][5263.856s][info][gc,heap     ] GC(138) Survivor regions: 2->2(77)
[2026-09-20T19:22:10.373+0800][5263.856s][info][gc,heap     ] GC(138) Old regions: 75->75
[2026-09-20T19:22:10.373+0800][5263.856s][info][gc,heap     ] GC(138) Archive regions: 0->0
[2026-09-20T19:22:10.373+0800][5263.856s][info][gc,heap     ] GC(138) Humongous regions: 2->2
[2026-09-20T19:22:10.373+0800][5263.856s][info][gc,metaspace] GC(138) Metaspace: 111653K(112576K)->111653K(112576K) NonClass: 98502K(98944K)->98502K(98944K) Class: 13150K(13632K)->13150K(13632K)
[2026-09-20T19:22:10.373+0800][5263.856s][info][gc          ] GC(138) Pause Young (Normal) (G1 Evacuation Pause) 689M->77M(1024M) 2.212ms
[2026-09-20T19:22:10.373+0800][5263.856s][info][gc,cpu      ] GC(138) User=0.00s Sys=0.00s Real=0.00s
[2026-09-20T19:22:15.266+0800][5268.749s][info][gc,start    ] GC(139) Pause Young (Normal) (G1 Evacuation Pause)
[2026-09-20T19:22:15.266+0800][5268.749s][info][gc,task     ] GC(139) Using 13 workers of 13 for evacuation
[2026-09-20T19:22:15.268+0800][5268.751s][info][gc,phases   ] GC(139)   Pre Evacuate Collection Set: 0.10ms
[2026-09-20T19:22:15.268+0800][5268.751s][info][gc,phases   ] GC(139)   Merge Heap Roots: 0.06ms
[2026-09-20T19:22:15.268+0800][5268.751s][info][gc,phases   ] GC(139)   Evacuate Collection Set: 1.38ms
[2026-09-20T19:22:15.268+0800][5268.751s][info][gc,phases   ] GC(139)   Post Evacuate Collection Set: 0.41ms
[2026-09-20T19:22:15.268+0800][5268.751s][info][gc,phases   ] GC(139)   Other: 0.15ms
[2026-09-20T19:22:15.268+0800][5268.751s][info][gc,heap     ] GC(139) Eden regions: 612->0(612)
[2026-09-20T19:22:15.268+0800][5268.752s][info][gc,heap     ] GC(139) Survivor regions: 2->2(77)
[2026-09-20T19:22:15.268+0800][5268.752s][info][gc,heap     ] GC(139) Old regions: 75->75
[2026-09-20T19:22:15.268+0800][5268.752s][info][gc,heap     ] GC(139) Archive regions: 0->0
[2026-09-20T19:22:15.268+0800][5268.752s][info][gc,heap     ] GC(139) Humongous regions: 2->2
[2026-09-20T19:22:15.268+0800][5268.752s][info][gc,metaspace] GC(139) Metaspace: 111653K(112576K)->111653K(112576K) NonClass: 98502K(98944K)->98502K(98944K) Class: 13150K(13632K)->13150K(13632K)
[2026-09-20T19:22:15.268+0800][5268.752s][info][gc          ] GC(139) Pause Young (Normal) (G1 Evacuation Pause) 689M->78M(1024M) 2.228ms
[2026-09-20T19:22:15.268+0800][5268.752s][info][gc,cpu      ] GC(139) User=0.00s Sys=0.00s Real=0.00s
[2026-09-20T19:22:20.085+0800][5273.568s][info][gc,start    ] GC(140) Pause Young (Normal) (G1 Evacuation Pause)
[2026-09-20T19:22:20.085+0800][5273.568s][info][gc,task     ] GC(140) Using 13 workers of 13 for evacuation
[2026-09-20T19:22:20.087+0800][5273.570s][info][gc,phases   ] GC(140)   Pre Evacuate Collection Set: 0.10ms
[2026-09-20T19:22:20.087+0800][5273.570s][info][gc,phases   ] GC(140)   Merge Heap Roots: 0.08ms
[2026-09-20T19:22:20.087+0800][5273.570s][info][gc,phases   ] GC(140)   Evacuate Collection Set: 1.08ms
[2026-09-20T19:22:20.087+0800][5273.570s][info][gc,phases   ] GC(140)   Post Evacuate Collection Set: 0.41ms
[2026-09-20T19:22:20.087+0800][5273.570s][info][gc,phases   ] GC(140)   Other: 0.18ms
[2026-09-20T19:22:20.087+0800][5273.570s][info][gc,heap     ] GC(140) Eden regions: 612->0(612)
[2026-09-20T19:22:20.087+0800][5273.570s][info][gc,heap     ] GC(140) Survivor regions: 2->2(77)
[2026-09-20T19:22:20.087+0800][5273.570s][info][gc,heap     ] GC(140) Old regions: 75->75
[2026-09-20T19:22:20.087+0800][5273.570s][info][gc,heap     ] GC(140) Archive regions: 0->0
[2026-09-20T19:22:20.087+0800][5273.570s][info][gc,heap     ] GC(140) Humongous regions: 2->2
[2026-09-20T19:22:20.087+0800][5273.570s][info][gc,metaspace] GC(140) Metaspace: 111653K(112576K)->111653K(112576K) NonClass: 98502K(98944K)->98502K(98944K) Class: 13150K(13632K)->13150K(13632K)
[2026-09-20T19:22:20.087+0800][5273.570s][info][gc          ] GC(140) Pause Young (Normal) (G1 Evacuation Pause) 690M->78M(1024M) 1.982ms
[2026-09-20T19:22:20.087+0800][5273.570s][info][gc,cpu      ] GC(140) User=0.02s Sys=0.00s Real=0.00s
[2026-09-20T19:22:24.888+0800][5278.371s][info][gc,start    ] GC(141) Pause Young (Normal) (G1 Evacuation Pause)
[2026-09-20T19:22:24.888+0800][5278.371s][info][gc,task     ] GC(141) Using 13 workers of 13 for evacuation
[2026-09-20T19:22:24.890+0800][5278.373s][info][gc,phases   ] GC(141)   Pre Evacuate Collection Set: 0.11ms
[2026-09-20T19:22:24.890+0800][5278.373s][info][gc,phases   ] GC(141)   Merge Heap Roots: 0.08ms
[2026-09-20T19:22:24.890+0800][5278.373s][info][gc,phases   ] GC(141)   Evacuate Collection Set: 1.12ms
[2026-09-20T19:22:24.890+0800][5278.373s][info][gc,phases   ] GC(141)   Post Evacuate Collection Set: 0.39ms
[2026-09-20T19:22:24.890+0800][5278.373s][info][gc,phases   ] GC(141)   Other: 0.20ms
[2026-09-20T19:22:24.890+0800][5278.373s][info][gc,heap     ] GC(141) Eden regions: 612->0(612)
[2026-09-20T19:22:24.890+0800][5278.373s][info][gc,heap     ] GC(141) Survivor regions: 2->2(77)
[2026-09-20T19:22:24.890+0800][5278.373s][info][gc,heap     ] GC(141) Old regions: 75->75
[2026-09-20T19:22:24.890+0800][5278.373s][info][gc,heap     ] GC(141) Archive regions: 0->0
[2026-09-20T19:22:24.890+0800][5278.373s][info][gc,heap     ] GC(141) Humongous regions: 2->2
[2026-09-20T19:22:24.890+0800][5278.373s][info][gc,metaspace] GC(141) Metaspace: 111653K(112576K)->111653K(112576K) NonClass: 98502K(98944K)->98502K(98944K) Class: 13150K(13632K)->13150K(13632K)
[2026-09-20T19:22:24.890+0800][5278.373s][info][gc          ] GC(141) Pause Young (Normal) (G1 Evacuation Pause) 690M->78M(1024M) 2.054ms
[2026-09-20T19:22:24.890+0800][5278.373s][info][gc,cpu      ] GC(141) User=0.00s Sys=0.00s Real=0.00s
[2026-09-20T19:22:32.400+0800][5285.884s][info][gc,start    ] GC(142) Pause Young (Normal) (G1 Evacuation Pause)
[2026-09-20T19:22:32.400+0800][5285.884s][info][gc,task     ] GC(142) Using 13 workers of 13 for evacuation
[2026-09-20T19:22:32.402+0800][5285.886s][info][gc,phases   ] GC(142)   Pre Evacuate Collection Set: 0.09ms
[2026-09-20T19:22:32.402+0800][5285.886s][info][gc,phases   ] GC(142)   Merge Heap Roots: 0.09ms
[2026-09-20T19:22:32.402+0800][5285.886s][info][gc,phases   ] GC(142)   Evacuate Collection Set: 1.17ms
[2026-09-20T19:22:32.402+0800][5285.886s][info][gc,phases   ] GC(142)   Post Evacuate Collection Set: 0.41ms
[2026-09-20T19:22:32.402+0800][5285.886s][info][gc,phases   ] GC(142)   Other: 0.20ms
[2026-09-20T19:22:32.402+0800][5285.886s][info][gc,heap     ] GC(142) Eden regions: 612->0(612)
[2026-09-20T19:22:32.402+0800][5285.886s][info][gc,heap     ] GC(142) Survivor regions: 2->2(77)
[2026-09-20T19:22:32.402+0800][5285.886s][info][gc,heap     ] GC(142) Old regions: 75->75
[2026-09-20T19:22:32.402+0800][5285.886s][info][gc,heap     ] GC(142) Archive regions: 0->0
[2026-09-20T19:22:32.402+0800][5285.886s][info][gc,heap     ] GC(142) Humongous regions: 2->2
[2026-09-20T19:22:32.402+0800][5285.886s][info][gc,metaspace] GC(142) Metaspace: 111653K(112576K)->111653K(112576K) NonClass: 98502K(98944K)->98502K(98944K) Class: 13150K(13632K)->13150K(13632K)
[2026-09-20T19:22:32.403+0800][5285.886s][info][gc          ] GC(142) Pause Young (Normal) (G1 Evacuation Pause) 690M->77M(1024M) 2.126ms
[2026-09-20T19:22:32.403+0800][5285.886s][info][gc,cpu      ] GC(142) User=0.00s Sys=0.00s Real=0.00s
[2026-09-20T19:22:52.370+0800][5305.853s][info][gc,start    ] GC(143) Pause Young (Normal) (G1 Evacuation Pause)
[2026-09-20T19:22:52.370+0800][5305.853s][info][gc,task     ] GC(143) Using 13 workers of 13 for evacuation
[2026-09-20T19:22:52.372+0800][5305.855s][info][gc,phases   ] GC(143)   Pre Evacuate Collection Set: 0.12ms
[2026-09-20T19:22:52.372+0800][5305.855s][info][gc,phases   ] GC(143)   Merge Heap Roots: 0.08ms
[2026-09-20T19:22:52.372+0800][5305.855s][info][gc,phases   ] GC(143)   Evacuate Collection Set: 1.21ms
[2026-09-20T19:22:52.372+0800][5305.855s][info][gc,phases   ] GC(143)   Post Evacuate Collection Set: 0.39ms
[2026-09-20T19:22:52.372+0800][5305.855s][info][gc,phases   ] GC(143)   Other: 0.18ms
[2026-09-20T19:22:52.372+0800][5305.855s][info][gc,heap     ] GC(143) Eden regions: 612->0(612)
[2026-09-20T19:22:52.372+0800][5305.855s][info][gc,heap     ] GC(143) Survivor regions: 2->2(77)
[2026-09-20T19:22:52.372+0800][5305.855s][info][gc,heap     ] GC(143) Old regions: 75->75
[2026-09-20T19:22:52.372+0800][5305.855s][info][gc,heap     ] GC(143) Archive regions: 0->0
[2026-09-20T19:22:52.372+0800][5305.855s][info][gc,heap     ] GC(143) Humongous regions: 2->2
[2026-09-20T19:22:52.372+0800][5305.855s][info][gc,metaspace] GC(143) Metaspace: 111653K(112576K)->111653K(112576K) NonClass: 98502K(98944K)->98502K(98944K) Class: 13150K(13632K)->13150K(13632K)
[2026-09-20T19:22:52.372+0800][5305.855s][info][gc          ] GC(143) Pause Young (Normal) (G1 Evacuation Pause) 689M->78M(1024M) 2.146ms
[2026-09-20T19:22:52.372+0800][5305.855s][info][gc,cpu      ] GC(143) User=0.00s Sys=0.00s Real=0.00s
[2026-09-20T19:22:57.335+0800][5310.819s][info][gc,start    ] GC(144) Pause Young (Normal) (G1 Evacuation Pause)
[2026-09-20T19:22:57.335+0800][5310.819s][info][gc,task     ] GC(144) Using 13 workers of 13 for evacuation
[2026-09-20T19:22:57.337+0800][5310.821s][info][gc,phases   ] GC(144)   Pre Evacuate Collection Set: 0.09ms
[2026-09-20T19:22:57.337+0800][5310.821s][info][gc,phases   ] GC(144)   Merge Heap Roots: 0.09ms
[2026-09-20T19:22:57.337+0800][5310.821s][info][gc,phases   ] GC(144)   Evacuate Collection Set: 1.24ms
[2026-09-20T19:22:57.337+0800][5310.821s][info][gc,phases   ] GC(144)   Post Evacuate Collection Set: 0.34ms
[2026-09-20T19:22:57.337+0800][5310.821s][info][gc,phases   ] GC(144)   Other: 0.16ms
[2026-09-20T19:22:57.337+0800][5310.821s][info][gc,heap     ] GC(144) Eden regions: 612->0(612)
[2026-09-20T19:22:57.337+0800][5310.821s][info][gc,heap     ] GC(144) Survivor regions: 2->2(77)
[2026-09-20T19:22:57.337+0800][5310.821s][info][gc,heap     ] GC(144) Old regions: 75->75
[2026-09-20T19:22:57.337+0800][5310.821s][info][gc,heap     ] GC(144) Archive regions: 0->0
[2026-09-20T19:22:57.337+0800][5310.821s][info][gc,heap     ] GC(144) Humongous regions: 2->2
[2026-09-20T19:22:57.337+0800][5310.821s][info][gc,metaspace] GC(144) Metaspace: 111653K(112576K)->111653K(112576K) NonClass: 98502K(98944K)->98502K(98944K) Class: 13150K(13632K)->13150K(13632K)
[2026-09-20T19:22:57.337+0800][5310.821s][info][gc          ] GC(144) Pause Young (Normal) (G1 Evacuation Pause) 690M->78M(1024M) 2.064ms
[2026-09-20T19:22:57.337+0800][5310.821s][info][gc,cpu      ] GC(144) User=0.19s Sys=0.00s Real=0.00s
[2026-09-20T19:23:02.131+0800][5315.616s][info][gc,start    ] GC(145) Pause Young (Normal) (G1 Evacuation Pause)
[2026-09-20T19:23:02.131+0800][5315.616s][info][gc,task     ] GC(145) Using 13 workers of 13 for evacuation
[2026-09-20T19:23:02.134+0800][5315.618s][info][gc,phases   ] GC(145)   Pre Evacuate Collection Set: 0.12ms
[2026-09-20T19:23:02.134+0800][5315.618s][info][gc,phases   ] GC(145)   Merge Heap Roots: 0.07ms
[2026-09-20T19:23:02.134+0800][5315.618s][info][gc,phases   ] GC(145)   Evacuate Collection Set: 1.28ms
[2026-09-20T19:23:02.134+0800][5315.618s][info][gc,phases   ] GC(145)   Post Evacuate Collection Set: 0.39ms
[2026-09-20T19:23:02.134+0800][5315.618s][info][gc,phases   ] GC(145)   Other: 0.16ms
[2026-09-20T19:23:02.134+0800][5315.618s][info][gc,heap     ] GC(145) Eden regions: 612->0(612)
[2026-09-20T19:23:02.134+0800][5315.618s][info][gc,heap     ] GC(145) Survivor regions: 2->2(77)
[2026-09-20T19:23:02.134+0800][5315.618s][info][gc,heap     ] GC(145) Old regions: 75->75
[2026-09-20T19:23:02.135+0800][5315.618s][info][gc,heap     ] GC(145) Archive regions: 0->0
[2026-09-20T19:23:02.135+0800][5315.618s][info][gc,heap     ] GC(145) Humongous regions: 2->2
[2026-09-20T19:23:02.135+0800][5315.618s][info][gc,metaspace] GC(145) Metaspace: 111653K(112576K)->111653K(112576K) NonClass: 98503K(98944K)->98503K(98944K) Class: 13150K(13632K)->13150K(13632K)
[2026-09-20T19:23:02.135+0800][5315.618s][info][gc          ] GC(145) Pause Young (Normal) (G1 Evacuation Pause) 690M->78M(1024M) 2.165ms
[2026-09-20T19:23:02.135+0800][5315.618s][info][gc,cpu      ] GC(145) User=0.03s Sys=0.00s Real=0.00s
[2026-09-20T19:23:06.965+0800][5320.448s][info][gc,start    ] GC(146) Pause Young (Normal) (G1 Evacuation Pause)
[2026-09-20T19:23:06.965+0800][5320.448s][info][gc,task     ] GC(146) Using 13 workers of 13 for evacuation
[2026-09-20T19:23:06.966+0800][5320.450s][info][gc,phases   ] GC(146)   Pre Evacuate Collection Set: 0.10ms
[2026-09-20T19:23:06.966+0800][5320.450s][info][gc,phases   ] GC(146)   Merge Heap Roots: 0.08ms
[2026-09-20T19:23:06.966+0800][5320.450s][info][gc,phases   ] GC(146)   Evacuate Collection Set: 1.01ms
[2026-09-20T19:23:06.966+0800][5320.450s][info][gc,phases   ] GC(146)   Post Evacuate Collection Set: 0.38ms
[2026-09-20T19:23:06.966+0800][5320.450s][info][gc,phases   ] GC(146)   Other: 0.18ms
[2026-09-20T19:23:06.966+0800][5320.450s][info][gc,heap     ] GC(146) Eden regions: 612->0(612)
[2026-09-20T19:23:06.966+0800][5320.450s][info][gc,heap     ] GC(146) Survivor regions: 2->2(77)
[2026-09-20T19:23:06.966+0800][5320.450s][info][gc,heap     ] GC(146) Old regions: 75->75
[2026-09-20T19:23:06.966+0800][5320.450s][info][gc,heap     ] GC(146) Archive regions: 0->0
[2026-09-20T19:23:06.966+0800][5320.450s][info][gc,heap     ] GC(146) Humongous regions: 2->2
[2026-09-20T19:23:06.966+0800][5320.450s][info][gc,metaspace] GC(146) Metaspace: 111653K(112576K)->111653K(112576K) NonClass: 98503K(98944K)->98503K(98944K) Class: 13150K(13632K)->13150K(13632K)
[2026-09-20T19:23:06.966+0800][5320.450s][info][gc          ] GC(146) Pause Young (Normal) (G1 Evacuation Pause) 690M->78M(1024M) 1.891ms
[2026-09-20T19:23:06.966+0800][5320.450s][info][gc,cpu      ] GC(146) User=0.00s Sys=0.00s Real=0.00s
[2026-09-20T19:23:12.248+0800][5325.731s][info][gc,start    ] GC(147) Pause Young (Normal) (G1 Evacuation Pause)
[2026-09-20T19:23:12.248+0800][5325.731s][info][gc,task     ] GC(147) Using 13 workers of 13 for evacuation
[2026-09-20T19:23:12.250+0800][5325.733s][info][gc,phases   ] GC(147)   Pre Evacuate Collection Set: 0.09ms
[2026-09-20T19:23:12.250+0800][5325.733s][info][gc,phases   ] GC(147)   Merge Heap Roots: 0.09ms
[2026-09-20T19:23:12.250+0800][5325.733s][info][gc,phases   ] GC(147)   Evacuate Collection Set: 1.20ms
[2026-09-20T19:23:12.250+0800][5325.733s][info][gc,phases   ] GC(147)   Post Evacuate Collection Set: 0.37ms
[2026-09-20T19:23:12.250+0800][5325.733s][info][gc,phases   ] GC(147)   Other: 0.18ms
[2026-09-20T19:23:12.250+0800][5325.733s][info][gc,heap     ] GC(147) Eden regions: 612->0(612)
[2026-09-20T19:23:12.250+0800][5325.733s][info][gc,heap     ] GC(147) Survivor regions: 2->2(77)
[2026-09-20T19:23:12.250+0800][5325.733s][info][gc,heap     ] GC(147) Old regions: 75->75
[2026-09-20T19:23:12.250+0800][5325.733s][info][gc,heap     ] GC(147) Archive regions: 0->0
[2026-09-20T19:23:12.250+0800][5325.733s][info][gc,heap     ] GC(147) Humongous regions: 2->2
[2026-09-20T19:23:12.250+0800][5325.733s][info][gc,metaspace] GC(147) Metaspace: 111653K(112576K)->111653K(112576K) NonClass: 98503K(98944K)->98503K(98944K) Class: 13150K(13632K)->13150K(13632K)
[2026-09-20T19:23:12.250+0800][5325.733s][info][gc          ] GC(147) Pause Young (Normal) (G1 Evacuation Pause) 690M->78M(1024M) 2.062ms
[2026-09-20T19:23:12.250+0800][5325.733s][info][gc,cpu      ] GC(147) User=0.00s Sys=0.00s Real=0.00s
[2026-09-20T19:23:32.104+0800][5345.587s][info][gc,start    ] GC(148) Pause Young (Normal) (G1 Evacuation Pause)
[2026-09-20T19:23:32.104+0800][5345.587s][info][gc,task     ] GC(148) Using 13 workers of 13 for evacuation
[2026-09-20T19:23:32.106+0800][5345.589s][info][gc,phases   ] GC(148)   Pre Evacuate Collection Set: 0.09ms
[2026-09-20T19:23:32.106+0800][5345.589s][info][gc,phases   ] GC(148)   Merge Heap Roots: 0.08ms
[2026-09-20T19:23:32.106+0800][5345.589s][info][gc,phases   ] GC(148)   Evacuate Collection Set: 1.15ms
[2026-09-20T19:23:32.106+0800][5345.589s][info][gc,phases   ] GC(148)   Post Evacuate Collection Set: 0.52ms
[2026-09-20T19:23:32.106+0800][5345.589s][info][gc,phases   ] GC(148)   Other: 0.17ms
[2026-09-20T19:23:32.106+0800][5345.589s][info][gc,heap     ] GC(148) Eden regions: 612->0(612)
[2026-09-20T19:23:32.106+0800][5345.589s][info][gc,heap     ] GC(148) Survivor regions: 2->2(77)
[2026-09-20T19:23:32.106+0800][5345.589s][info][gc,heap     ] GC(148) Old regions: 75->75
[2026-09-20T19:23:32.106+0800][5345.589s][info][gc,heap     ] GC(148) Archive regions: 0->0
[2026-09-20T19:23:32.106+0800][5345.589s][info][gc,heap     ] GC(148) Humongous regions: 2->2
[2026-09-20T19:23:32.106+0800][5345.589s][info][gc,metaspace] GC(148) Metaspace: 111656K(112576K)->111656K(112576K) NonClass: 98505K(98944K)->98505K(98944K) Class: 13150K(13632K)->13150K(13632K)
[2026-09-20T19:23:32.106+0800][5345.589s][info][gc          ] GC(148) Pause Young (Normal) (G1 Evacuation Pause) 690M->78M(1024M) 2.136ms
[2026-09-20T19:23:32.106+0800][5345.589s][info][gc,cpu      ] GC(148) User=0.00s Sys=0.00s Real=0.00s
[2026-09-20T19:23:39.253+0800][5352.736s][info][gc,start    ] GC(149) Pause Young (Normal) (G1 Evacuation Pause)
[2026-09-20T19:23:39.253+0800][5352.736s][info][gc,task     ] GC(149) Using 13 workers of 13 for evacuation
[2026-09-20T19:23:39.255+0800][5352.739s][info][gc,phases   ] GC(149)   Pre Evacuate Collection Set: 0.08ms
[2026-09-20T19:23:39.255+0800][5352.739s][info][gc,phases   ] GC(149)   Merge Heap Roots: 0.07ms
[2026-09-20T19:23:39.255+0800][5352.739s][info][gc,phases   ] GC(149)   Evacuate Collection Set: 1.49ms
[2026-09-20T19:23:39.255+0800][5352.739s][info][gc,phases   ] GC(149)   Post Evacuate Collection Set: 0.44ms
[2026-09-20T19:23:39.255+0800][5352.739s][info][gc,phases   ] GC(149)   Other: 0.15ms
[2026-09-20T19:23:39.255+0800][5352.739s][info][gc,heap     ] GC(149) Eden regions: 612->0(611)
[2026-09-20T19:23:39.255+0800][5352.739s][info][gc,heap     ] GC(149) Survivor regions: 2->3(77)
[2026-09-20T19:23:39.255+0800][5352.739s][info][gc,heap     ] GC(149) Old regions: 75->75
[2026-09-20T19:23:39.255+0800][5352.739s][info][gc,heap     ] GC(149) Archive regions: 0->0
[2026-09-20T19:23:39.255+0800][5352.739s][info][gc,heap     ] GC(149) Humongous regions: 2->2
[2026-09-20T19:23:39.255+0800][5352.739s][info][gc,metaspace] GC(149) Metaspace: 111656K(112576K)->111656K(112576K) NonClass: 98505K(98944K)->98505K(98944K) Class: 13150K(13632K)->13150K(13632K)
[2026-09-20T19:23:39.255+0800][5352.739s][info][gc          ] GC(149) Pause Young (Normal) (G1 Evacuation Pause) 690M->79M(1024M) 2.328ms
[2026-09-20T19:23:39.255+0800][5352.739s][info][gc,cpu      ] GC(149) User=0.00s Sys=0.00s Real=0.00s
[2026-09-20T19:23:44.025+0800][5357.508s][info][gc,start    ] GC(150) Pause Young (Normal) (G1 Evacuation Pause)
[2026-09-20T19:23:44.025+0800][5357.508s][info][gc,task     ] GC(150) Using 13 workers of 13 for evacuation
[2026-09-20T19:23:44.027+0800][5357.510s][info][gc,phases   ] GC(150)   Pre Evacuate Collection Set: 0.12ms
[2026-09-20T19:23:44.027+0800][5357.510s][info][gc,phases   ] GC(150)   Merge Heap Roots: 0.08ms
[2026-09-20T19:23:44.027+0800][5357.510s][info][gc,phases   ] GC(150)   Evacuate Collection Set: 1.27ms
[2026-09-20T19:23:44.027+0800][5357.510s][info][gc,phases   ] GC(150)   Post Evacuate Collection Set: 0.36ms
[2026-09-20T19:23:44.027+0800][5357.510s][info][gc,phases   ] GC(150)   Other: 0.17ms
[2026-09-20T19:23:44.027+0800][5357.511s][info][gc,heap     ] GC(150) Eden regions: 611->0(610)
[2026-09-20T19:23:44.027+0800][5357.511s][info][gc,heap     ] GC(150) Survivor regions: 3->4(77)
[2026-09-20T19:23:44.027+0800][5357.511s][info][gc,heap     ] GC(150) Old regions: 75->76
[2026-09-20T19:23:44.027+0800][5357.511s][info][gc,heap     ] GC(150) Archive regions: 0->0
[2026-09-20T19:23:44.027+0800][5357.511s][info][gc,heap     ] GC(150) Humongous regions: 2->2
[2026-09-20T19:23:44.027+0800][5357.511s][info][gc,metaspace] GC(150) Metaspace: 111656K(112576K)->111656K(112576K) NonClass: 98506K(98944K)->98506K(98944K) Class: 13150K(13632K)->13150K(13632K)
[2026-09-20T19:23:44.027+0800][5357.511s][info][gc          ] GC(150) Pause Young (Normal) (G1 Evacuation Pause) 690M->80M(1024M) 2.147ms
[2026-09-20T19:23:44.027+0800][5357.511s][info][gc,cpu      ] GC(150) User=0.00s Sys=0.00s Real=0.00s
[2026-09-20T19:23:48.710+0800][5362.194s][info][gc,start    ] GC(151) Pause Young (Normal) (G1 Evacuation Pause)
[2026-09-20T19:23:48.710+0800][5362.194s][info][gc,task     ] GC(151) Using 13 workers of 13 for evacuation
[2026-09-20T19:23:48.712+0800][5362.195s][info][gc,phases   ] GC(151)   Pre Evacuate Collection Set: 0.12ms
[2026-09-20T19:23:48.712+0800][5362.195s][info][gc,phases   ] GC(151)   Merge Heap Roots: 0.08ms
[2026-09-20T19:23:48.712+0800][5362.195s][info][gc,phases   ] GC(151)   Evacuate Collection Set: 1.14ms
[2026-09-20T19:23:48.712+0800][5362.195s][info][gc,phases   ] GC(151)   Post Evacuate Collection Set: 0.42ms
[2026-09-20T19:23:48.712+0800][5362.195s][info][gc,phases   ] GC(151)   Other: 0.18ms
[2026-09-20T19:23:48.712+0800][5362.196s][info][gc,heap     ] GC(151) Eden regions: 610->0(610)
[2026-09-20T19:23:48.712+0800][5362.196s][info][gc,heap     ] GC(151) Survivor regions: 4->4(77)
[2026-09-20T19:23:48.712+0800][5362.196s][info][gc,heap     ] GC(151) Old regions: 76->76
[2026-09-20T19:23:48.712+0800][5362.196s][info][gc,heap     ] GC(151) Archive regions: 0->0
[2026-09-20T19:23:48.712+0800][5362.196s][info][gc,heap     ] GC(151) Humongous regions: 2->2
[2026-09-20T19:23:48.712+0800][5362.196s][info][gc,metaspace] GC(151) Metaspace: 111656K(112576K)->111656K(112576K) NonClass: 98506K(98944K)->98506K(98944K) Class: 13150K(13632K)->13150K(13632K)
[2026-09-20T19:23:48.712+0800][5362.196s][info][gc          ] GC(151) Pause Young (Normal) (G1 Evacuation Pause) 690M->80M(1024M) 2.077ms
[2026-09-20T19:23:48.712+0800][5362.196s][info][gc,cpu      ] GC(151) User=0.03s Sys=0.00s Real=0.00s
[2026-09-20T19:23:53.350+0800][5366.833s][info][gc,start    ] GC(152) Pause Young (Normal) (G1 Evacuation Pause)
[2026-09-20T19:23:53.350+0800][5366.833s][info][gc,task     ] GC(152) Using 13 workers of 13 for evacuation
[2026-09-20T19:23:53.352+0800][5366.835s][info][gc,phases   ] GC(152)   Pre Evacuate Collection Set: 0.08ms
[2026-09-20T19:23:53.352+0800][5366.835s][info][gc,phases   ] GC(152)   Merge Heap Roots: 0.09ms
[2026-09-20T19:23:53.352+0800][5366.835s][info][gc,phases   ] GC(152)   Evacuate Collection Set: 1.05ms
[2026-09-20T19:23:53.352+0800][5366.835s][info][gc,phases   ] GC(152)   Post Evacuate Collection Set: 0.40ms
[2026-09-20T19:23:53.352+0800][5366.835s][info][gc,phases   ] GC(152)   Other: 0.15ms
[2026-09-20T19:23:53.352+0800][5366.835s][info][gc,heap     ] GC(152) Eden regions: 610->0(610)
[2026-09-20T19:23:53.352+0800][5366.835s][info][gc,heap     ] GC(152) Survivor regions: 4->4(77)
[2026-09-20T19:23:53.352+0800][5366.835s][info][gc,heap     ] GC(152) Old regions: 76->76
[2026-09-20T19:23:53.352+0800][5366.835s][info][gc,heap     ] GC(152) Archive regions: 0->0
[2026-09-20T19:23:53.352+0800][5366.835s][info][gc,heap     ] GC(152) Humongous regions: 2->2
[2026-09-20T19:23:53.352+0800][5366.835s][info][gc,metaspace] GC(152) Metaspace: 111656K(112576K)->111656K(112576K) NonClass: 98506K(98944K)->98506K(98944K) Class: 13150K(13632K)->13150K(13632K)
[2026-09-20T19:23:53.352+0800][5366.835s][info][gc          ] GC(152) Pause Young (Normal) (G1 Evacuation Pause) 690M->80M(1024M) 1.924ms
[2026-09-20T19:23:53.352+0800][5366.835s][info][gc,cpu      ] GC(152) User=0.00s Sys=0.00s Real=0.00s
[2026-09-20T19:24:11.022+0800][5384.507s][info][gc,start    ] GC(153) Pause Young (Normal) (G1 Evacuation Pause)
[2026-09-20T19:24:11.024+0800][5384.507s][info][gc,task     ] GC(153) Using 13 workers of 13 for evacuation
[2026-09-20T19:24:11.025+0800][5384.508s][info][gc,phases   ] GC(153)   Pre Evacuate Collection Set: 0.09ms
[2026-09-20T19:24:11.025+0800][5384.508s][info][gc,phases   ] GC(153)   Merge Heap Roots: 0.07ms
[2026-09-20T19:24:11.025+0800][5384.508s][info][gc,phases   ] GC(153)   Evacuate Collection Set: 0.99ms
[2026-09-20T19:24:11.025+0800][5384.508s][info][gc,phases   ] GC(153)   Post Evacuate Collection Set: 0.39ms
[2026-09-20T19:24:11.025+0800][5384.508s][info][gc,phases   ] GC(153)   Other: 0.19ms
[2026-09-20T19:24:11.025+0800][5384.508s][info][gc,heap     ] GC(153) Eden regions: 610->0(612)
[2026-09-20T19:24:11.025+0800][5384.508s][info][gc,heap     ] GC(153) Survivor regions: 4->2(77)
[2026-09-20T19:24:11.025+0800][5384.508s][info][gc,heap     ] GC(153) Old regions: 76->76
[2026-09-20T19:24:11.025+0800][5384.508s][info][gc,heap     ] GC(153) Archive regions: 0->0
[2026-09-20T19:24:11.025+0800][5384.508s][info][gc,heap     ] GC(153) Humongous regions: 2->2
[2026-09-20T19:24:11.025+0800][5384.508s][info][gc,metaspace] GC(153) Metaspace: 111656K(112576K)->111656K(112576K) NonClass: 98506K(98944K)->98506K(98944K) Class: 13150K(13632K)->13150K(13632K)
[2026-09-20T19:24:11.025+0800][5384.509s][info][gc          ] GC(153) Pause Young (Normal) (G1 Evacuation Pause) 690M->79M(1024M) 1.868ms
[2026-09-20T19:24:11.025+0800][5384.509s][info][gc,cpu      ] GC(153) User=0.20s Sys=0.00s Real=0.00s
[2026-09-20T19:24:31.551+0800][5405.035s][info][gc,start    ] GC(154) Pause Young (Normal) (G1 Evacuation Pause)
[2026-09-20T19:24:31.551+0800][5405.035s][info][gc,task     ] GC(154) Using 13 workers of 13 for evacuation
[2026-09-20T19:24:31.554+0800][5405.037s][info][gc,phases   ] GC(154)   Pre Evacuate Collection Set: 0.14ms
[2026-09-20T19:24:31.554+0800][5405.037s][info][gc,phases   ] GC(154)   Merge Heap Roots: 0.09ms
[2026-09-20T19:24:31.554+0800][5405.037s][info][gc,phases   ] GC(154)   Evacuate Collection Set: 1.17ms
[2026-09-20T19:24:31.554+0800][5405.037s][info][gc,phases   ] GC(154)   Post Evacuate Collection Set: 0.49ms
[2026-09-20T19:24:31.554+0800][5405.037s][info][gc,phases   ] GC(154)   Other: 0.20ms
[2026-09-20T19:24:31.554+0800][5405.037s][info][gc,heap     ] GC(154) Eden regions: 612->0(612)
[2026-09-20T19:24:31.554+0800][5405.037s][info][gc,heap     ] GC(154) Survivor regions: 2->2(77)
[2026-09-20T19:24:31.554+0800][5405.037s][info][gc,heap     ] GC(154) Old regions: 76->76
[2026-09-20T19:24:31.554+0800][5405.037s][info][gc,heap     ] GC(154) Archive regions: 0->0
[2026-09-20T19:24:31.554+0800][5405.037s][info][gc,heap     ] GC(154) Humongous regions: 2->2
[2026-09-20T19:24:31.554+0800][5405.037s][info][gc,metaspace] GC(154) Metaspace: 111658K(112576K)->111658K(112576K) NonClass: 98507K(98944K)->98507K(98944K) Class: 13150K(13632K)->13150K(13632K)
[2026-09-20T19:24:31.554+0800][5405.037s][info][gc          ] GC(154) Pause Young (Normal) (G1 Evacuation Pause) 691M->79M(1024M) 2.251ms
[2026-09-20T19:24:31.554+0800][5405.037s][info][gc,cpu      ] GC(154) User=0.00s Sys=0.00s Real=0.00s
[2026-09-20T19:24:37.885+0800][5411.369s][info][gc,start    ] GC(155) Pause Young (Normal) (G1 Evacuation Pause)
[2026-09-20T19:24:37.885+0800][5411.369s][info][gc,task     ] GC(155) Using 13 workers of 13 for evacuation
[2026-09-20T19:24:37.887+0800][5411.371s][info][gc,phases   ] GC(155)   Pre Evacuate Collection Set: 0.09ms
[2026-09-20T19:24:37.887+0800][5411.371s][info][gc,phases   ] GC(155)   Merge Heap Roots: 0.08ms
[2026-09-20T19:24:37.887+0800][5411.371s][info][gc,phases   ] GC(155)   Evacuate Collection Set: 1.50ms
[2026-09-20T19:24:37.887+0800][5411.371s][info][gc,phases   ] GC(155)   Post Evacuate Collection Set: 0.39ms
[2026-09-20T19:24:37.887+0800][5411.371s][info][gc,phases   ] GC(155)   Other: 0.16ms
[2026-09-20T19:24:37.887+0800][5411.371s][info][gc,heap     ] GC(155) Eden regions: 612->0(611)
[2026-09-20T19:24:37.887+0800][5411.371s][info][gc,heap     ] GC(155) Survivor regions: 2->3(77)
[2026-09-20T19:24:37.887+0800][5411.371s][info][gc,heap     ] GC(155) Old regions: 76->76
[2026-09-20T19:24:37.887+0800][5411.371s][info][gc,heap     ] GC(155) Archive regions: 0->0
[2026-09-20T19:24:37.887+0800][5411.371s][info][gc,heap     ] GC(155) Humongous regions: 2->2
[2026-09-20T19:24:37.887+0800][5411.371s][info][gc,metaspace] GC(155) Metaspace: 111658K(112576K)->111658K(112576K) NonClass: 98507K(98944K)->98507K(98944K) Class: 13150K(13632K)->13150K(13632K)
[2026-09-20T19:24:37.887+0800][5411.371s][info][gc          ] GC(155) Pause Young (Normal) (G1 Evacuation Pause) 691M->79M(1024M) 2.430ms
[2026-09-20T19:24:37.887+0800][5411.371s][info][gc,cpu      ] GC(155) User=0.00s Sys=0.00s Real=0.00s
[2026-09-20T19:24:42.694+0800][5416.177s][info][gc,start    ] GC(156) Pause Young (Normal) (G1 Evacuation Pause)
[2026-09-20T19:24:42.694+0800][5416.177s][info][gc,task     ] GC(156) Using 13 workers of 13 for evacuation
[2026-09-20T19:24:42.695+0800][5416.179s][info][gc,phases   ] GC(156)   Pre Evacuate Collection Set: 0.13ms
[2026-09-20T19:24:42.695+0800][5416.179s][info][gc,phases   ] GC(156)   Merge Heap Roots: 0.09ms
[2026-09-20T19:24:42.695+0800][5416.179s][info][gc,phases   ] GC(156)   Evacuate Collection Set: 1.27ms
[2026-09-20T19:24:42.695+0800][5416.179s][info][gc,phases   ] GC(156)   Post Evacuate Collection Set: 0.40ms
[2026-09-20T19:24:42.695+0800][5416.179s][info][gc,phases   ] GC(156)   Other: 0.17ms
[2026-09-20T19:24:42.695+0800][5416.179s][info][gc,heap     ] GC(156) Eden regions: 611->0(610)
[2026-09-20T19:24:42.695+0800][5416.179s][info][gc,heap     ] GC(156) Survivor regions: 3->4(77)
[2026-09-20T19:24:42.695+0800][5416.179s][info][gc,heap     ] GC(156) Old regions: 76->76
[2026-09-20T19:24:42.695+0800][5416.179s][info][gc,heap     ] GC(156) Archive regions: 0->0
[2026-09-20T19:24:42.695+0800][5416.179s][info][gc,heap     ] GC(156) Humongous regions: 2->2
[2026-09-20T19:24:42.695+0800][5416.179s][info][gc,metaspace] GC(156) Metaspace: 111658K(112576K)->111658K(112576K) NonClass: 98507K(98944K)->98507K(98944K) Class: 13150K(13632K)->13150K(13632K)
[2026-09-20T19:24:42.695+0800][5416.179s][info][gc          ] GC(156) Pause Young (Normal) (G1 Evacuation Pause) 690M->80M(1024M) 2.178ms
[2026-09-20T19:24:42.695+0800][5416.179s][info][gc,cpu      ] GC(156) User=0.00s Sys=0.00s Real=0.00s
[2026-09-20T19:24:47.472+0800][5420.955s][info][gc,start    ] GC(157) Pause Young (Normal) (G1 Evacuation Pause)
[2026-09-20T19:24:47.472+0800][5420.955s][info][gc,task     ] GC(157) Using 13 workers of 13 for evacuation
[2026-09-20T19:24:47.474+0800][5420.958s][info][gc,phases   ] GC(157)   Pre Evacuate Collection Set: 0.14ms
[2026-09-20T19:24:47.474+0800][5420.958s][info][gc,phases   ] GC(157)   Merge Heap Roots: 0.14ms
[2026-09-20T19:24:47.474+0800][5420.958s][info][gc,phases   ] GC(157)   Evacuate Collection Set: 1.72ms
[2026-09-20T19:24:47.474+0800][5420.958s][info][gc,phases   ] GC(157)   Post Evacuate Collection Set: 0.53ms
[2026-09-20T19:24:47.474+0800][5420.958s][info][gc,phases   ] GC(157)   Other: 0.20ms
[2026-09-20T19:24:47.474+0800][5420.958s][info][gc,heap     ] GC(157) Eden regions: 610->0(609)
[2026-09-20T19:24:47.474+0800][5420.958s][info][gc,heap     ] GC(157) Survivor regions: 4->5(77)
[2026-09-20T19:24:47.474+0800][5420.958s][info][gc,heap     ] GC(157) Old regions: 76->76
[2026-09-20T19:24:47.474+0800][5420.958s][info][gc,heap     ] GC(157) Archive regions: 0->0
[2026-09-20T19:24:47.474+0800][5420.958s][info][gc,heap     ] GC(157) Humongous regions: 2->2
[2026-09-20T19:24:47.474+0800][5420.958s][info][gc,metaspace] GC(157) Metaspace: 111658K(112576K)->111658K(112576K) NonClass: 98507K(98944K)->98507K(98944K) Class: 13150K(13632K)->13150K(13632K)
[2026-09-20T19:24:47.474+0800][5420.958s][info][gc          ] GC(157) Pause Young (Normal) (G1 Evacuation Pause) 690M->81M(1024M) 2.906ms
[2026-09-20T19:24:47.475+0800][5420.958s][info][gc,cpu      ] GC(157) User=0.00s Sys=0.00s Real=0.00s
[2026-09-20T19:24:52.111+0800][5425.595s][info][gc,start    ] GC(158) Pause Young (Normal) (G1 Evacuation Pause)
[2026-09-20T19:24:52.111+0800][5425.595s][info][gc,task     ] GC(158) Using 13 workers of 13 for evacuation
[2026-09-20T19:24:52.113+0800][5425.597s][info][gc,phases   ] GC(158)   Pre Evacuate Collection Set: 0.13ms
[2026-09-20T19:24:52.113+0800][5425.597s][info][gc,phases   ] GC(158)   Merge Heap Roots: 0.08ms
[2026-09-20T19:24:52.113+0800][5425.597s][info][gc,phases   ] GC(158)   Evacuate Collection Set: 1.47ms
[2026-09-20T19:24:52.113+0800][5425.597s][info][gc,phases   ] GC(158)   Post Evacuate Collection Set: 0.40ms
[2026-09-20T19:24:52.113+0800][5425.597s][info][gc,phases   ] GC(158)   Other: 0.26ms
[2026-09-20T19:24:52.113+0800][5425.597s][info][gc,heap     ] GC(158) Eden regions: 609->0(608)
[2026-09-20T19:24:52.113+0800][5425.597s][info][gc,heap     ] GC(158) Survivor regions: 5->6(77)
[2026-09-20T19:24:52.113+0800][5425.597s][info][gc,heap     ] GC(158) Old regions: 76->76
[2026-09-20T19:24:52.113+0800][5425.597s][info][gc,heap     ] GC(158) Archive regions: 0->0
[2026-09-20T19:24:52.113+0800][5425.597s][info][gc,heap     ] GC(158) Humongous regions: 2->2
[2026-09-20T19:24:52.113+0800][5425.597s][info][gc,metaspace] GC(158) Metaspace: 111658K(112576K)->111658K(112576K) NonClass: 98507K(98944K)->98507K(98944K) Class: 13150K(13632K)->13150K(13632K)
[2026-09-20T19:24:52.113+0800][5425.597s][info][gc          ] GC(158) Pause Young (Normal) (G1 Evacuation Pause) 690M->82M(1024M) 2.477ms
[2026-09-20T19:24:52.113+0800][5425.597s][info][gc,cpu      ] GC(158) User=0.00s Sys=0.00s Real=0.00s
[2026-09-20T19:25:10.104+0800][5443.587s][info][gc,start    ] GC(159) Pause Young (Normal) (G1 Evacuation Pause)
[2026-09-20T19:25:10.104+0800][5443.587s][info][gc,task     ] GC(159) Using 13 workers of 13 for evacuation
[2026-09-20T19:25:10.106+0800][5443.589s][info][gc,phases   ] GC(159)   Pre Evacuate Collection Set: 0.10ms
[2026-09-20T19:25:10.106+0800][5443.589s][info][gc,phases   ] GC(159)   Merge Heap Roots: 0.07ms
[2026-09-20T19:25:10.106+0800][5443.589s][info][gc,phases   ] GC(159)   Evacuate Collection Set: 1.21ms
[2026-09-20T19:25:10.106+0800][5443.589s][info][gc,phases   ] GC(159)   Post Evacuate Collection Set: 0.38ms
[2026-09-20T19:25:10.106+0800][5443.589s][info][gc,phases   ] GC(159)   Other: 0.16ms
[2026-09-20T19:25:10.106+0800][5443.589s][info][gc,heap     ] GC(159) Eden regions: 608->0(610)
[2026-09-20T19:25:10.106+0800][5443.589s][info][gc,heap     ] GC(159) Survivor regions: 6->4(77)
[2026-09-20T19:25:10.106+0800][5443.589s][info][gc,heap     ] GC(159) Old regions: 76->76
[2026-09-20T19:25:10.106+0800][5443.589s][info][gc,heap     ] GC(159) Archive regions: 0->0
[2026-09-20T19:25:10.106+0800][5443.589s][info][gc,heap     ] GC(159) Humongous regions: 2->2
[2026-09-20T19:25:10.106+0800][5443.589s][info][gc,metaspace] GC(159) Metaspace: 111658K(112576K)->111658K(112576K) NonClass: 98507K(98944K)->98507K(98944K) Class: 13150K(13632K)->13150K(13632K)
[2026-09-20T19:25:10.106+0800][5443.589s][info][gc          ] GC(159) Pause Young (Normal) (G1 Evacuation Pause) 690M->80M(1024M) 2.056ms
[2026-09-20T19:25:10.106+0800][5443.589s][info][gc,cpu      ] GC(159) User=0.00s Sys=0.00s Real=0.00s
[2026-09-20T19:25:19.589+0800][5453.073s][info][gc,start    ] GC(160) Pause Young (Normal) (G1 Evacuation Pause)
[2026-09-20T19:25:19.589+0800][5453.073s][info][gc,task     ] GC(160) Using 13 workers of 13 for evacuation
[2026-09-20T19:25:19.591+0800][5453.074s][info][gc,phases   ] GC(160)   Pre Evacuate Collection Set: 0.13ms
[2026-09-20T19:25:19.591+0800][5453.074s][info][gc,phases   ] GC(160)   Merge Heap Roots: 0.06ms
[2026-09-20T19:25:19.591+0800][5453.074s][info][gc,phases   ] GC(160)   Evacuate Collection Set: 1.12ms
[2026-09-20T19:25:19.591+0800][5453.074s][info][gc,phases   ] GC(160)   Post Evacuate Collection Set: 0.34ms
[2026-09-20T19:25:19.591+0800][5453.074s][info][gc,phases   ] GC(160)   Other: 0.17ms
[2026-09-20T19:25:19.591+0800][5453.074s][info][gc,heap     ] GC(160) Eden regions: 610->0(610)
[2026-09-20T19:25:19.591+0800][5453.074s][info][gc,heap     ] GC(160) Survivor regions: 4->4(77)
[2026-09-20T19:25:19.591+0800][5453.074s][info][gc,heap     ] GC(160) Old regions: 76->76
[2026-09-20T19:25:19.591+0800][5453.074s][info][gc,heap     ] GC(160) Archive regions: 0->0
[2026-09-20T19:25:19.591+0800][5453.074s][info][gc,heap     ] GC(160) Humongous regions: 2->2
[2026-09-20T19:25:19.591+0800][5453.074s][info][gc,metaspace] GC(160) Metaspace: 111658K(112576K)->111658K(112576K) NonClass: 98507K(98944K)->98507K(98944K) Class: 13150K(13632K)->13150K(13632K)
[2026-09-20T19:25:19.591+0800][5453.074s][info][gc          ] GC(160) Pause Young (Normal) (G1 Evacuation Pause) 690M->81M(1024M) 1.937ms
[2026-09-20T19:25:19.591+0800][5453.075s][info][gc,cpu      ] GC(160) User=0.00s Sys=0.00s Real=0.00s
[2026-09-20T19:25:24.360+0800][5457.844s][info][gc,start    ] GC(161) Pause Young (Normal) (G1 Evacuation Pause)
[2026-09-20T19:25:24.360+0800][5457.844s][info][gc,task     ] GC(161) Using 13 workers of 13 for evacuation
[2026-09-20T19:25:24.363+0800][5457.846s][info][gc,phases   ] GC(161)   Pre Evacuate Collection Set: 0.11ms
[2026-09-20T19:25:24.363+0800][5457.846s][info][gc,phases   ] GC(161)   Merge Heap Roots: 0.08ms
[2026-09-20T19:25:24.363+0800][5457.846s][info][gc,phases   ] GC(161)   Evacuate Collection Set: 1.25ms
[2026-09-20T19:25:24.363+0800][5457.846s][info][gc,phases   ] GC(161)   Post Evacuate Collection Set: 0.44ms
[2026-09-20T19:25:24.363+0800][5457.846s][info][gc,phases   ] GC(161)   Other: 0.17ms
[2026-09-20T19:25:24.363+0800][5457.846s][info][gc,heap     ] GC(161) Eden regions: 610->0(609)
[2026-09-20T19:25:24.363+0800][5457.846s][info][gc,heap     ] GC(161) Survivor regions: 4->5(77)
[2026-09-20T19:25:24.363+0800][5457.846s][info][gc,heap     ] GC(161) Old regions: 76->76
[2026-09-20T19:25:24.363+0800][5457.846s][info][gc,heap     ] GC(161) Archive regions: 0->0
[2026-09-20T19:25:24.363+0800][5457.846s][info][gc,heap     ] GC(161) Humongous regions: 2->2
[2026-09-20T19:25:24.363+0800][5457.846s][info][gc,metaspace] GC(161) Metaspace: 111658K(112576K)->111658K(112576K) NonClass: 98507K(98944K)->98507K(98944K) Class: 13150K(13632K)->13150K(13632K)
[2026-09-20T19:25:24.363+0800][5457.846s][info][gc          ] GC(161) Pause Young (Normal) (G1 Evacuation Pause) 691M->81M(1024M) 2.374ms
[2026-09-20T19:25:24.363+0800][5457.846s][info][gc,cpu      ] GC(161) User=0.00s Sys=0.00s Real=0.00s
[2026-09-20T19:25:29.026+0800][5462.509s][info][gc,start    ] GC(162) Pause Young (Normal) (G1 Evacuation Pause)
[2026-09-20T19:25:29.026+0800][5462.509s][info][gc,task     ] GC(162) Using 13 workers of 13 for evacuation
[2026-09-20T19:25:29.028+0800][5462.512s][info][gc,phases   ] GC(162)   Pre Evacuate Collection Set: 0.11ms
[2026-09-20T19:25:29.028+0800][5462.512s][info][gc,phases   ] GC(162)   Merge Heap Roots: 0.09ms
[2026-09-20T19:25:29.028+0800][5462.512s][info][gc,phases   ] GC(162)   Evacuate Collection Set: 1.34ms
[2026-09-20T19:25:29.028+0800][5462.512s][info][gc,phases   ] GC(162)   Post Evacuate Collection Set: 0.38ms
[2026-09-20T19:25:29.028+0800][5462.512s][info][gc,phases   ] GC(162)   Other: 0.21ms
[2026-09-20T19:25:29.028+0800][5462.512s][info][gc,heap     ] GC(162) Eden regions: 609->0(609)
[2026-09-20T19:25:29.028+0800][5462.512s][info][gc,heap     ] GC(162) Survivor regions: 5->5(77)
[2026-09-20T19:25:29.028+0800][5462.512s][info][gc,heap     ] GC(162) Old regions: 76->76
[2026-09-20T19:25:29.028+0800][5462.512s][info][gc,heap     ] GC(162) Archive regions: 0->0
[2026-09-20T19:25:29.028+0800][5462.512s][info][gc,heap     ] GC(162) Humongous regions: 2->2
[2026-09-20T19:25:29.028+0800][5462.512s][info][gc,metaspace] GC(162) Metaspace: 111658K(112576K)->111658K(112576K) NonClass: 98507K(98944K)->98507K(98944K) Class: 13150K(13632K)->13150K(13632K)
[2026-09-20T19:25:29.028+0800][5462.512s][info][gc          ] GC(162) Pause Young (Normal) (G1 Evacuation Pause) 690M->82M(1024M) 2.253ms
[2026-09-20T19:25:29.028+0800][5462.512s][info][gc,cpu      ] GC(162) User=0.00s Sys=0.00s Real=0.00s
[2026-09-20T19:25:33.686+0800][5467.169s][info][gc,start    ] GC(163) Pause Young (Normal) (G1 Evacuation Pause)
[2026-09-20T19:25:33.686+0800][5467.170s][info][gc,task     ] GC(163) Using 13 workers of 13 for evacuation
[2026-09-20T19:25:33.689+0800][5467.172s][info][gc,phases   ] GC(163)   Pre Evacuate Collection Set: 0.12ms
[2026-09-20T19:25:33.689+0800][5467.172s][info][gc,phases   ] GC(163)   Merge Heap Roots: 0.08ms
[2026-09-20T19:25:33.689+0800][5467.172s][info][gc,phases   ] GC(163)   Evacuate Collection Set: 1.36ms
[2026-09-20T19:25:33.689+0800][5467.172s][info][gc,phases   ] GC(163)   Post Evacuate Collection Set: 0.40ms
[2026-09-20T19:25:33.689+0800][5467.172s][info][gc,phases   ] GC(163)   Other: 0.19ms
[2026-09-20T19:25:33.689+0800][5467.172s][info][gc,heap     ] GC(163) Eden regions: 609->0(608)
[2026-09-20T19:25:33.689+0800][5467.172s][info][gc,heap     ] GC(163) Survivor regions: 5->6(77)
[2026-09-20T19:25:33.689+0800][5467.172s][info][gc,heap     ] GC(163) Old regions: 76->76
[2026-09-20T19:25:33.689+0800][5467.172s][info][gc,heap     ] GC(163) Archive regions: 0->0
[2026-09-20T19:25:33.689+0800][5467.172s][info][gc,heap     ] GC(163) Humongous regions: 2->2
[2026-09-20T19:25:33.689+0800][5467.172s][info][gc,metaspace] GC(163) Metaspace: 111658K(112576K)->111658K(112576K) NonClass: 98507K(98944K)->98507K(98944K) Class: 13150K(13632K)->13150K(13632K)
[2026-09-20T19:25:33.689+0800][5467.172s][info][gc          ] GC(163) Pause Young (Normal) (G1 Evacuation Pause) 691M->83M(1024M) 2.315ms
[2026-09-20T19:25:33.689+0800][5467.172s][info][gc,cpu      ] GC(163) User=0.00s Sys=0.00s Real=0.00s
[2026-09-20T19:25:47.704+0800][5481.188s][info][gc,start    ] GC(164) Pause Young (Normal) (G1 Evacuation Pause)
[2026-09-20T19:25:47.704+0800][5481.188s][info][gc,task     ] GC(164) Using 13 workers of 13 for evacuation
[2026-09-20T19:25:47.706+0800][5481.190s][info][gc,phases   ] GC(164)   Pre Evacuate Collection Set: 0.10ms
[2026-09-20T19:25:47.706+0800][5481.190s][info][gc,phases   ] GC(164)   Merge Heap Roots: 0.08ms
[2026-09-20T19:25:47.706+0800][5481.190s][info][gc,phases   ] GC(164)   Evacuate Collection Set: 1.11ms
[2026-09-20T19:25:47.706+0800][5481.190s][info][gc,phases   ] GC(164)   Post Evacuate Collection Set: 0.52ms
[2026-09-20T19:25:47.706+0800][5481.190s][info][gc,phases   ] GC(164)   Other: 0.18ms
[2026-09-20T19:25:47.706+0800][5481.190s][info][gc,heap     ] GC(164) Eden regions: 608->0(610)
[2026-09-20T19:25:47.706+0800][5481.190s][info][gc,heap     ] GC(164) Survivor regions: 6->4(77)
[2026-09-20T19:25:47.706+0800][5481.190s][info][gc,heap     ] GC(164) Old regions: 76->76
[2026-09-20T19:25:47.706+0800][5481.190s][info][gc,heap     ] GC(164) Archive regions: 0->0
[2026-09-20T19:25:47.706+0800][5481.190s][info][gc,heap     ] GC(164) Humongous regions: 2->2
[2026-09-20T19:25:47.706+0800][5481.190s][info][gc,metaspace] GC(164) Metaspace: 111658K(112576K)->111658K(112576K) NonClass: 98507K(98944K)->98507K(98944K) Class: 13150K(13632K)->13150K(13632K)
[2026-09-20T19:25:47.706+0800][5481.190s][info][gc          ] GC(164) Pause Young (Normal) (G1 Evacuation Pause) 691M->80M(1024M) 2.129ms
[2026-09-20T19:25:47.706+0800][5481.190s][info][gc,cpu      ] GC(164) User=0.00s Sys=0.00s Real=0.00s
[2026-09-20T19:26:06.989+0800][5500.472s][info][gc,start    ] GC(165) Pause Young (Normal) (G1 Evacuation Pause)
[2026-09-20T19:26:06.989+0800][5500.472s][info][gc,task     ] GC(165) Using 13 workers of 13 for evacuation
[2026-09-20T19:26:06.990+0800][5500.474s][info][gc,phases   ] GC(165)   Pre Evacuate Collection Set: 0.10ms
[2026-09-20T19:26:06.990+0800][5500.474s][info][gc,phases   ] GC(165)   Merge Heap Roots: 0.07ms
[2026-09-20T19:26:06.990+0800][5500.474s][info][gc,phases   ] GC(165)   Evacuate Collection Set: 1.18ms
[2026-09-20T19:26:06.991+0800][5500.474s][info][gc,phases   ] GC(165)   Post Evacuate Collection Set: 0.38ms
[2026-09-20T19:26:06.991+0800][5500.474s][info][gc,phases   ] GC(165)   Other: 0.16ms
[2026-09-20T19:26:06.991+0800][5500.474s][info][gc,heap     ] GC(165) Eden regions: 610->0(611)
[2026-09-20T19:26:06.991+0800][5500.474s][info][gc,heap     ] GC(165) Survivor regions: 4->3(77)
[2026-09-20T19:26:06.991+0800][5500.474s][info][gc,heap     ] GC(165) Old regions: 76->77
[2026-09-20T19:26:06.991+0800][5500.474s][info][gc,heap     ] GC(165) Archive regions: 0->0
[2026-09-20T19:26:06.991+0800][5500.474s][info][gc,heap     ] GC(165) Humongous regions: 2->2
[2026-09-20T19:26:06.991+0800][5500.474s][info][gc,metaspace] GC(165) Metaspace: 111658K(112576K)->111658K(112576K) NonClass: 98507K(98944K)->98507K(98944K) Class: 13150K(13632K)->13150K(13632K)
[2026-09-20T19:26:06.991+0800][5500.474s][info][gc          ] GC(165) Pause Young (Normal) (G1 Evacuation Pause) 690M->80M(1024M) 2.070ms
[2026-09-20T19:26:06.991+0800][5500.474s][info][gc,cpu      ] GC(165) User=0.00s Sys=0.00s Real=0.00s
[2026-09-20T19:26:27.351+0800][5520.835s][info][gc,start    ] GC(166) Pause Young (Normal) (G1 Evacuation Pause)
[2026-09-20T19:26:27.351+0800][5520.835s][info][gc,task     ] GC(166) Using 13 workers of 13 for evacuation
[2026-09-20T19:26:27.353+0800][5520.837s][info][gc,phases   ] GC(166)   Pre Evacuate Collection Set: 0.13ms
[2026-09-20T19:26:27.353+0800][5520.837s][info][gc,phases   ] GC(166)   Merge Heap Roots: 0.08ms
[2026-09-20T19:26:27.353+0800][5520.837s][info][gc,phases   ] GC(166)   Evacuate Collection Set: 1.22ms
[2026-09-20T19:26:27.353+0800][5520.837s][info][gc,phases   ] GC(166)   Post Evacuate Collection Set: 0.40ms
[2026-09-20T19:26:27.353+0800][5520.837s][info][gc,phases   ] GC(166)   Other: 0.17ms
[2026-09-20T19:26:27.353+0800][5520.837s][info][gc,heap     ] GC(166) Eden regions: 611->0(611)
[2026-09-20T19:26:27.353+0800][5520.837s][info][gc,heap     ] GC(166) Survivor regions: 3->3(77)
[2026-09-20T19:26:27.353+0800][5520.837s][info][gc,heap     ] GC(166) Old regions: 77->77
[2026-09-20T19:26:27.353+0800][5520.837s][info][gc,heap     ] GC(166) Archive regions: 0->0
[2026-09-20T19:26:27.353+0800][5520.837s][info][gc,heap     ] GC(166) Humongous regions: 2->2
[2026-09-20T19:26:27.353+0800][5520.837s][info][gc,metaspace] GC(166) Metaspace: 111664K(112576K)->111664K(112576K) NonClass: 98513K(98944K)->98513K(98944K) Class: 13150K(13632K)->13150K(13632K)
[2026-09-20T19:26:27.353+0800][5520.837s][info][gc          ] GC(166) Pause Young (Normal) (G1 Evacuation Pause) 691M->80M(1024M) 2.184ms
[2026-09-20T19:26:27.353+0800][5520.837s][info][gc,cpu      ] GC(166) User=0.11s Sys=0.02s Real=0.00s
[2026-09-20T19:26:48.335+0800][5541.819s][info][gc,start    ] GC(167) Pause Young (Normal) (G1 Evacuation Pause)
[2026-09-20T19:26:48.336+0800][5541.819s][info][gc,task     ] GC(167) Using 13 workers of 13 for evacuation
[2026-09-20T19:26:48.337+0800][5541.821s][info][gc,phases   ] GC(167)   Pre Evacuate Collection Set: 0.11ms
[2026-09-20T19:26:48.337+0800][5541.821s][info][gc,phases   ] GC(167)   Merge Heap Roots: 0.08ms
[2026-09-20T19:26:48.337+0800][5541.821s][info][gc,phases   ] GC(167)   Evacuate Collection Set: 1.17ms
[2026-09-20T19:26:48.337+0800][5541.821s][info][gc,phases   ] GC(167)   Post Evacuate Collection Set: 0.39ms
[2026-09-20T19:26:48.338+0800][5541.821s][info][gc,phases   ] GC(167)   Other: 0.24ms
[2026-09-20T19:26:48.338+0800][5541.821s][info][gc,heap     ] GC(167) Eden regions: 611->0(611)
[2026-09-20T19:26:48.338+0800][5541.821s][info][gc,heap     ] GC(167) Survivor regions: 3->3(77)
[2026-09-20T19:26:48.338+0800][5541.821s][info][gc,heap     ] GC(167) Old regions: 77->77
[2026-09-20T19:26:48.338+0800][5541.821s][info][gc,heap     ] GC(167) Archive regions: 0->0
[2026-09-20T19:26:48.338+0800][5541.821s][info][gc,heap     ] GC(167) Humongous regions: 2->2
[2026-09-20T19:26:48.338+0800][5541.821s][info][gc,metaspace] GC(167) Metaspace: 111664K(112576K)->111664K(112576K) NonClass: 98513K(98944K)->98513K(98944K) Class: 13150K(13632K)->13150K(13632K)
[2026-09-20T19:26:48.338+0800][5541.821s][info][gc          ] GC(167) Pause Young (Normal) (G1 Evacuation Pause) 691M->80M(1024M) 2.152ms
[2026-09-20T19:26:48.338+0800][5541.821s][info][gc,cpu      ] GC(167) User=0.03s Sys=0.00s Real=0.00s
[2026-09-20T19:27:09.016+0800][5562.500s][info][gc,start    ] GC(168) Pause Young (Normal) (G1 Evacuation Pause)
[2026-09-20T19:27:09.016+0800][5562.500s][info][gc,task     ] GC(168) Using 13 workers of 13 for evacuation
[2026-09-20T19:27:09.018+0800][5562.502s][info][gc,phases   ] GC(168)   Pre Evacuate Collection Set: 0.10ms
[2026-09-20T19:27:09.018+0800][5562.502s][info][gc,phases   ] GC(168)   Merge Heap Roots: 0.08ms
[2026-09-20T19:27:09.018+0800][5562.502s][info][gc,phases   ] GC(168)   Evacuate Collection Set: 1.28ms
[2026-09-20T19:27:09.018+0800][5562.502s][info][gc,phases   ] GC(168)   Post Evacuate Collection Set: 0.38ms
[2026-09-20T19:27:09.018+0800][5562.502s][info][gc,phases   ] GC(168)   Other: 0.15ms
[2026-09-20T19:27:09.018+0800][5562.502s][info][gc,heap     ] GC(168) Eden regions: 611->0(612)
[2026-09-20T19:27:09.018+0800][5562.502s][info][gc,heap     ] GC(168) Survivor regions: 3->2(77)
[2026-09-20T19:27:09.018+0800][5562.502s][info][gc,heap     ] GC(168) Old regions: 77->77
[2026-09-20T19:27:09.018+0800][5562.502s][info][gc,heap     ] GC(168) Archive regions: 0->0
[2026-09-20T19:27:09.018+0800][5562.502s][info][gc,heap     ] GC(168) Humongous regions: 2->2
[2026-09-20T19:27:09.018+0800][5562.502s][info][gc,metaspace] GC(168) Metaspace: 111671K(112576K)->111671K(112576K) NonClass: 98521K(98944K)->98521K(98944K) Class: 13150K(13632K)->13150K(13632K)
[2026-09-20T19:27:09.018+0800][5562.502s][info][gc          ] GC(168) Pause Young (Normal) (G1 Evacuation Pause) 691M->80M(1024M) 2.127ms
[2026-09-20T19:27:09.019+0800][5562.502s][info][gc,cpu      ] GC(168) User=0.00s Sys=0.00s Real=0.00s
[2026-09-20T19:27:30.581+0800][5584.064s][info][gc,start    ] GC(169) Pause Young (Normal) (G1 Evacuation Pause)
[2026-09-20T19:27:30.581+0800][5584.064s][info][gc,task     ] GC(169) Using 13 workers of 13 for evacuation
[2026-09-20T19:27:30.583+0800][5584.066s][info][gc,phases   ] GC(169)   Pre Evacuate Collection Set: 0.11ms
[2026-09-20T19:27:30.583+0800][5584.066s][info][gc,phases   ] GC(169)   Merge Heap Roots: 0.09ms
[2026-09-20T19:27:30.583+0800][5584.066s][info][gc,phases   ] GC(169)   Evacuate Collection Set: 1.56ms
[2026-09-20T19:27:30.583+0800][5584.066s][info][gc,phases   ] GC(169)   Post Evacuate Collection Set: 0.44ms
[2026-09-20T19:27:30.583+0800][5584.066s][info][gc,phases   ] GC(169)   Other: 0.18ms
[2026-09-20T19:27:30.583+0800][5584.066s][info][gc,heap     ] GC(169) Eden regions: 612->0(612)
[2026-09-20T19:27:30.583+0800][5584.066s][info][gc,heap     ] GC(169) Survivor regions: 2->2(77)
[2026-09-20T19:27:30.583+0800][5584.066s][info][gc,heap     ] GC(169) Old regions: 77->77
[2026-09-20T19:27:30.583+0800][5584.067s][info][gc,heap     ] GC(169) Archive regions: 0->0
[2026-09-20T19:27:30.583+0800][5584.067s][info][gc,heap     ] GC(169) Humongous regions: 2->2
[2026-09-20T19:27:30.583+0800][5584.067s][info][gc,metaspace] GC(169) Metaspace: 111680K(112576K)->111680K(112576K) NonClass: 98529K(98944K)->98529K(98944K) Class: 13150K(13632K)->13150K(13632K)
[2026-09-20T19:27:30.583+0800][5584.067s][info][gc          ] GC(169) Pause Young (Normal) (G1 Evacuation Pause) 692M->80M(1024M) 2.547ms
[2026-09-20T19:27:30.584+0800][5584.067s][info][gc,cpu      ] GC(169) User=0.00s Sys=0.00s Real=0.00s
[2026-09-20T19:28:06.312+0800][5619.795s][info][gc,start    ] GC(170) Pause Young (Normal) (G1 Evacuation Pause)
[2026-09-20T19:28:06.312+0800][5619.795s][info][gc,task     ] GC(170) Using 13 workers of 13 for evacuation
[2026-09-20T19:28:06.313+0800][5619.797s][info][gc,phases   ] GC(170)   Pre Evacuate Collection Set: 0.08ms
[2026-09-20T19:28:06.313+0800][5619.797s][info][gc,phases   ] GC(170)   Merge Heap Roots: 0.07ms
[2026-09-20T19:28:06.313+0800][5619.797s][info][gc,phases   ] GC(170)   Evacuate Collection Set: 1.30ms
[2026-09-20T19:28:06.313+0800][5619.797s][info][gc,phases   ] GC(170)   Post Evacuate Collection Set: 0.47ms
[2026-09-20T19:28:06.313+0800][5619.797s][info][gc,phases   ] GC(170)   Other: 0.17ms
[2026-09-20T19:28:06.313+0800][5619.797s][info][gc,heap     ] GC(170) Eden regions: 612->0(611)
[2026-09-20T19:28:06.313+0800][5619.797s][info][gc,heap     ] GC(170) Survivor regions: 2->3(77)
[2026-09-20T19:28:06.313+0800][5619.797s][info][gc,heap     ] GC(170) Old regions: 77->77
[2026-09-20T19:28:06.313+0800][5619.797s][info][gc,heap     ] GC(170) Archive regions: 0->0
[2026-09-20T19:28:06.313+0800][5619.797s][info][gc,heap     ] GC(170) Humongous regions: 2->2
[2026-09-20T19:28:06.313+0800][5619.797s][info][gc,metaspace] GC(170) Metaspace: 111680K(112576K)->111680K(112576K) NonClass: 98529K(98944K)->98529K(98944K) Class: 13150K(13632K)->13150K(13632K)
[2026-09-20T19:28:06.313+0800][5619.797s][info][gc          ] GC(170) Pause Young (Normal) (G1 Evacuation Pause) 692M->80M(1024M) 2.270ms
[2026-09-20T19:28:06.314+0800][5619.797s][info][gc,cpu      ] GC(170) User=0.00s Sys=0.00s Real=0.00s
[2026-09-20T19:28:11.113+0800][5624.596s][info][gc,start    ] GC(171) Pause Young (Normal) (G1 Evacuation Pause)
[2026-09-20T19:28:11.113+0800][5624.596s][info][gc,task     ] GC(171) Using 13 workers of 13 for evacuation
[2026-09-20T19:28:11.116+0800][5624.599s][info][gc,phases   ] GC(171)   Pre Evacuate Collection Set: 0.12ms
[2026-09-20T19:28:11.116+0800][5624.599s][info][gc,phases   ] GC(171)   Merge Heap Roots: 0.10ms
[2026-09-20T19:28:11.116+0800][5624.599s][info][gc,phases   ] GC(171)   Evacuate Collection Set: 1.71ms
[2026-09-20T19:28:11.116+0800][5624.599s][info][gc,phases   ] GC(171)   Post Evacuate Collection Set: 0.44ms
[2026-09-20T19:28:11.116+0800][5624.599s][info][gc,phases   ] GC(171)   Other: 0.20ms
[2026-09-20T19:28:11.116+0800][5624.599s][info][gc,heap     ] GC(171) Eden regions: 611->0(610)
[2026-09-20T19:28:11.116+0800][5624.599s][info][gc,heap     ] GC(171) Survivor regions: 3->4(77)
[2026-09-20T19:28:11.116+0800][5624.599s][info][gc,heap     ] GC(171) Old regions: 77->77
[2026-09-20T19:28:11.116+0800][5624.599s][info][gc,heap     ] GC(171) Archive regions: 0->0
[2026-09-20T19:28:11.116+0800][5624.599s][info][gc,heap     ] GC(171) Humongous regions: 2->2
[2026-09-20T19:28:11.116+0800][5624.599s][info][gc,metaspace] GC(171) Metaspace: 111680K(112576K)->111680K(112576K) NonClass: 98529K(98944K)->98529K(98944K) Class: 13150K(13632K)->13150K(13632K)
[2026-09-20T19:28:11.116+0800][5624.599s][info][gc          ] GC(171) Pause Young (Normal) (G1 Evacuation Pause) 691M->81M(1024M) 2.751ms
[2026-09-20T19:28:11.116+0800][5624.599s][info][gc,cpu      ] GC(171) User=0.00s Sys=0.00s Real=0.00s
[2026-09-20T19:28:15.726+0800][5629.209s][info][gc,start    ] GC(172) Pause Young (Normal) (G1 Evacuation Pause)
[2026-09-20T19:28:15.726+0800][5629.209s][info][gc,task     ] GC(172) Using 13 workers of 13 for evacuation
[2026-09-20T19:28:15.728+0800][5629.211s][info][gc,phases   ] GC(172)   Pre Evacuate Collection Set: 0.10ms
[2026-09-20T19:28:15.728+0800][5629.211s][info][gc,phases   ] GC(172)   Merge Heap Roots: 0.08ms
[2026-09-20T19:28:15.728+0800][5629.211s][info][gc,phases   ] GC(172)   Evacuate Collection Set: 1.47ms
[2026-09-20T19:28:15.728+0800][5629.211s][info][gc,phases   ] GC(172)   Post Evacuate Collection Set: 0.43ms
[2026-09-20T19:28:15.728+0800][5629.211s][info][gc,phases   ] GC(172)   Other: 0.15ms
[2026-09-20T19:28:15.728+0800][5629.211s][info][gc,heap     ] GC(172) Eden regions: 610->0(609)
[2026-09-20T19:28:15.728+0800][5629.211s][info][gc,heap     ] GC(172) Survivor regions: 4->5(77)
[2026-09-20T19:28:15.728+0800][5629.211s][info][gc,heap     ] GC(172) Old regions: 77->77
[2026-09-20T19:28:15.728+0800][5629.211s][info][gc,heap     ] GC(172) Archive regions: 0->0
[2026-09-20T19:28:15.728+0800][5629.211s][info][gc,heap     ] GC(172) Humongous regions: 2->2
[2026-09-20T19:28:15.728+0800][5629.211s][info][gc,metaspace] GC(172) Metaspace: 111681K(112576K)->111681K(112576K) NonClass: 98531K(98944K)->98531K(98944K) Class: 13150K(13632K)->13150K(13632K)
[2026-09-20T19:28:15.728+0800][5629.211s][info][gc          ] GC(172) Pause Young (Normal) (G1 Evacuation Pause) 691M->83M(1024M) 2.370ms
[2026-09-20T19:28:15.728+0800][5629.211s][info][gc,cpu      ] GC(172) User=0.03s Sys=0.00s Real=0.00s
[2026-09-20T19:28:20.470+0800][5633.953s][info][gc,start    ] GC(173) Pause Young (Normal) (G1 Evacuation Pause)
[2026-09-20T19:28:20.470+0800][5633.953s][info][gc,task     ] GC(173) Using 13 workers of 13 for evacuation
[2026-09-20T19:28:20.472+0800][5633.956s][info][gc,phases   ] GC(173)   Pre Evacuate Collection Set: 0.11ms
[2026-09-20T19:28:20.472+0800][5633.956s][info][gc,phases   ] GC(173)   Merge Heap Roots: 0.08ms
[2026-09-20T19:28:20.472+0800][5633.956s][info][gc,phases   ] GC(173)   Evacuate Collection Set: 1.59ms
[2026-09-20T19:28:20.472+0800][5633.956s][info][gc,phases   ] GC(173)   Post Evacuate Collection Set: 0.43ms
[2026-09-20T19:28:20.472+0800][5633.956s][info][gc,phases   ] GC(173)   Other: 0.19ms
[2026-09-20T19:28:20.472+0800][5633.956s][info][gc,heap     ] GC(173) Eden regions: 609->0(608)
[2026-09-20T19:28:20.472+0800][5633.956s][info][gc,heap     ] GC(173) Survivor regions: 5->6(77)
[2026-09-20T19:28:20.472+0800][5633.956s][info][gc,heap     ] GC(173) Old regions: 77->77
[2026-09-20T19:28:20.472+0800][5633.956s][info][gc,heap     ] GC(173) Archive regions: 0->0
[2026-09-20T19:28:20.472+0800][5633.956s][info][gc,heap     ] GC(173) Humongous regions: 2->2
[2026-09-20T19:28:20.472+0800][5633.956s][info][gc,metaspace] GC(173) Metaspace: 111681K(112576K)->111681K(112576K) NonClass: 98531K(98944K)->98531K(98944K) Class: 13150K(13632K)->13150K(13632K)
[2026-09-20T19:28:20.472+0800][5633.956s][info][gc          ] GC(173) Pause Young (Normal) (G1 Evacuation Pause) 692M->84M(1024M) 2.578ms
[2026-09-20T19:28:20.472+0800][5633.956s][info][gc,cpu      ] GC(173) User=0.00s Sys=0.00s Real=0.00s
[2026-09-20T19:28:24.959+0800][5638.442s][info][gc,start    ] GC(174) Pause Young (Normal) (G1 Evacuation Pause)
[2026-09-20T19:28:24.959+0800][5638.442s][info][gc,task     ] GC(174) Using 13 workers of 13 for evacuation
[2026-09-20T19:28:24.961+0800][5638.445s][info][gc,phases   ] GC(174)   Pre Evacuate Collection Set: 0.14ms
[2026-09-20T19:28:24.961+0800][5638.445s][info][gc,phases   ] GC(174)   Merge Heap Roots: 0.10ms
[2026-09-20T19:28:24.961+0800][5638.445s][info][gc,phases   ] GC(174)   Evacuate Collection Set: 2.35ms
[2026-09-20T19:28:24.961+0800][5638.445s][info][gc,phases   ] GC(174)   Post Evacuate Collection Set: 0.45ms
[2026-09-20T19:28:24.961+0800][5638.445s][info][gc,phases   ] GC(174)   Other: 0.20ms
[2026-09-20T19:28:24.961+0800][5638.445s][info][gc,heap     ] GC(174) Eden regions: 608->0(607)
[2026-09-20T19:28:24.961+0800][5638.445s][info][gc,heap     ] GC(174) Survivor regions: 6->7(77)
[2026-09-20T19:28:24.961+0800][5638.445s][info][gc,heap     ] GC(174) Old regions: 77->77
[2026-09-20T19:28:24.961+0800][5638.445s][info][gc,heap     ] GC(174) Archive regions: 0->0
[2026-09-20T19:28:24.962+0800][5638.445s][info][gc,heap     ] GC(174) Humongous regions: 2->2
[2026-09-20T19:28:24.962+0800][5638.445s][info][gc,metaspace] GC(174) Metaspace: 111681K(112576K)->111681K(112576K) NonClass: 98531K(98944K)->98531K(98944K) Class: 13150K(13632K)->13150K(13632K)
[2026-09-20T19:28:24.962+0800][5638.445s][info][gc          ] GC(174) Pause Young (Normal) (G1 Evacuation Pause) 692M->84M(1024M) 3.382ms
[2026-09-20T19:28:24.962+0800][5638.445s][info][gc,cpu      ] GC(174) User=0.03s Sys=0.00s Real=0.00s
[2026-09-20T19:28:29.441+0800][5642.924s][info][gc,start    ] GC(175) Pause Young (Normal) (G1 Evacuation Pause)
[2026-09-20T19:28:29.441+0800][5642.924s][info][gc,task     ] GC(175) Using 13 workers of 13 for evacuation
[2026-09-20T19:28:29.443+0800][5642.926s][info][gc,phases   ] GC(175)   Pre Evacuate Collection Set: 0.11ms
[2026-09-20T19:28:29.443+0800][5642.926s][info][gc,phases   ] GC(175)   Merge Heap Roots: 0.11ms
[2026-09-20T19:28:29.443+0800][5642.926s][info][gc,phases   ] GC(175)   Evacuate Collection Set: 1.36ms
[2026-09-20T19:28:29.443+0800][5642.926s][info][gc,phases   ] GC(175)   Post Evacuate Collection Set: 0.45ms
[2026-09-20T19:28:29.443+0800][5642.926s][info][gc,phases   ] GC(175)   Other: 0.18ms
[2026-09-20T19:28:29.443+0800][5642.926s][info][gc,heap     ] GC(175) Eden regions: 607->0(607)
[2026-09-20T19:28:29.443+0800][5642.926s][info][gc,heap     ] GC(175) Survivor regions: 7->7(77)
[2026-09-20T19:28:29.443+0800][5642.926s][info][gc,heap     ] GC(175) Old regions: 77->77
[2026-09-20T19:28:29.443+0800][5642.926s][info][gc,heap     ] GC(175) Archive regions: 0->0
[2026-09-20T19:28:29.443+0800][5642.926s][info][gc,heap     ] GC(175) Humongous regions: 2->2
[2026-09-20T19:28:29.443+0800][5642.926s][info][gc,metaspace] GC(175) Metaspace: 111682K(112576K)->111682K(112576K) NonClass: 98531K(98944K)->98531K(98944K) Class: 13150K(13632K)->13150K(13632K)
[2026-09-20T19:28:29.443+0800][5642.926s][info][gc          ] GC(175) Pause Young (Normal) (G1 Evacuation Pause) 691M->84M(1024M) 2.347ms
[2026-09-20T19:28:29.443+0800][5642.926s][info][gc,cpu      ] GC(175) User=0.00s Sys=0.00s Real=0.00s
[2026-09-20T19:28:33.947+0800][5647.431s][info][gc,start    ] GC(176) Pause Young (Normal) (G1 Evacuation Pause)
[2026-09-20T19:28:33.947+0800][5647.431s][info][gc,task     ] GC(176) Using 13 workers of 13 for evacuation
[2026-09-20T19:28:33.949+0800][5647.433s][info][gc,phases   ] GC(176)   Pre Evacuate Collection Set: 0.13ms
[2026-09-20T19:28:33.949+0800][5647.433s][info][gc,phases   ] GC(176)   Merge Heap Roots: 0.09ms
[2026-09-20T19:28:33.949+0800][5647.433s][info][gc,phases   ] GC(176)   Evacuate Collection Set: 1.65ms
[2026-09-20T19:28:33.949+0800][5647.433s][info][gc,phases   ] GC(176)   Post Evacuate Collection Set: 0.57ms
[2026-09-20T19:28:33.949+0800][5647.433s][info][gc,phases   ] GC(176)   Other: 0.17ms
[2026-09-20T19:28:33.949+0800][5647.433s][info][gc,heap     ] GC(176) Eden regions: 607->0(607)
[2026-09-20T19:28:33.949+0800][5647.433s][info][gc,heap     ] GC(176) Survivor regions: 7->7(77)
[2026-09-20T19:28:33.949+0800][5647.433s][info][gc,heap     ] GC(176) Old regions: 77->77
[2026-09-20T19:28:33.949+0800][5647.433s][info][gc,heap     ] GC(176) Archive regions: 0->0
[2026-09-20T19:28:33.950+0800][5647.433s][info][gc,heap     ] GC(176) Humongous regions: 2->2
[2026-09-20T19:28:33.950+0800][5647.433s][info][gc,metaspace] GC(176) Metaspace: 111682K(112576K)->111682K(112576K) NonClass: 98531K(98944K)->98531K(98944K) Class: 13150K(13632K)->13150K(13632K)
[2026-09-20T19:28:33.950+0800][5647.433s][info][gc          ] GC(176) Pause Young (Normal) (G1 Evacuation Pause) 691M->85M(1024M) 2.740ms
[2026-09-20T19:28:33.950+0800][5647.434s][info][gc,cpu      ] GC(176) User=0.00s Sys=0.00s Real=0.00s
[2026-09-20T19:28:38.462+0800][5651.945s][info][gc,start    ] GC(177) Pause Young (Normal) (G1 Evacuation Pause)
[2026-09-20T19:28:38.462+0800][5651.945s][info][gc,task     ] GC(177) Using 13 workers of 13 for evacuation
[2026-09-20T19:28:38.464+0800][5651.948s][info][gc,phases   ] GC(177)   Pre Evacuate Collection Set: 0.13ms
[2026-09-20T19:28:38.464+0800][5651.948s][info][gc,phases   ] GC(177)   Merge Heap Roots: 0.08ms
[2026-09-20T19:28:38.464+0800][5651.948s][info][gc,phases   ] GC(177)   Evacuate Collection Set: 1.44ms
[2026-09-20T19:28:38.464+0800][5651.948s][info][gc,phases   ] GC(177)   Post Evacuate Collection Set: 0.38ms
[2026-09-20T19:28:38.464+0800][5651.948s][info][gc,phases   ] GC(177)   Other: 0.16ms
[2026-09-20T19:28:38.464+0800][5651.948s][info][gc,heap     ] GC(177) Eden regions: 607->0(607)
[2026-09-20T19:28:38.464+0800][5651.948s][info][gc,heap     ] GC(177) Survivor regions: 7->7(77)
[2026-09-20T19:28:38.464+0800][5651.948s][info][gc,heap     ] GC(177) Old regions: 77->77
[2026-09-20T19:28:38.464+0800][5651.948s][info][gc,heap     ] GC(177) Archive regions: 0->0
[2026-09-20T19:28:38.464+0800][5651.948s][info][gc,heap     ] GC(177) Humongous regions: 2->2
[2026-09-20T19:28:38.464+0800][5651.948s][info][gc,metaspace] GC(177) Metaspace: 111682K(112576K)->111682K(112576K) NonClass: 98531K(98944K)->98531K(98944K) Class: 13150K(13632K)->13150K(13632K)
[2026-09-20T19:28:38.464+0800][5651.948s][info][gc          ] GC(177) Pause Young (Normal) (G1 Evacuation Pause) 692M->85M(1024M) 2.306ms
[2026-09-20T19:28:38.464+0800][5651.948s][info][gc,cpu      ] GC(177) User=0.00s Sys=0.00s Real=0.00s
[2026-09-20T19:28:42.981+0800][5656.465s][info][gc,start    ] GC(178) Pause Young (Normal) (G1 Evacuation Pause)
[2026-09-20T19:28:42.981+0800][5656.465s][info][gc,task     ] GC(178) Using 13 workers of 13 for evacuation
[2026-09-20T19:28:42.984+0800][5656.467s][info][gc,phases   ] GC(178)   Pre Evacuate Collection Set: 0.14ms
[2026-09-20T19:28:42.984+0800][5656.467s][info][gc,phases   ] GC(178)   Merge Heap Roots: 0.08ms
[2026-09-20T19:28:42.984+0800][5656.467s][info][gc,phases   ] GC(178)   Evacuate Collection Set: 1.41ms
[2026-09-20T19:28:42.984+0800][5656.467s][info][gc,phases   ] GC(178)   Post Evacuate Collection Set: 0.43ms
[2026-09-20T19:28:42.984+0800][5656.467s][info][gc,phases   ] GC(178)   Other: 0.17ms
[2026-09-20T19:28:42.984+0800][5656.467s][info][gc,heap     ] GC(178) Eden regions: 607->0(607)
[2026-09-20T19:28:42.984+0800][5656.467s][info][gc,heap     ] GC(178) Survivor regions: 7->7(77)
[2026-09-20T19:28:42.984+0800][5656.467s][info][gc,heap     ] GC(178) Old regions: 77->77
[2026-09-20T19:28:42.984+0800][5656.467s][info][gc,heap     ] GC(178) Archive regions: 0->0
[2026-09-20T19:28:42.984+0800][5656.467s][info][gc,heap     ] GC(178) Humongous regions: 2->2
[2026-09-20T19:28:42.984+0800][5656.467s][info][gc,metaspace] GC(178) Metaspace: 111682K(112576K)->111682K(112576K) NonClass: 98531K(98944K)->98531K(98944K) Class: 13150K(13632K)->13150K(13632K)
[2026-09-20T19:28:42.984+0800][5656.467s][info][gc          ] GC(178) Pause Young (Normal) (G1 Evacuation Pause) 692M->85M(1024M) 2.368ms
[2026-09-20T19:28:42.984+0800][5656.467s][info][gc,cpu      ] GC(178) User=0.00s Sys=0.00s Real=0.00s
[2026-09-20T19:28:47.496+0800][5660.979s][info][gc,start    ] GC(179) Pause Young (Normal) (G1 Evacuation Pause)
[2026-09-20T19:28:47.496+0800][5660.979s][info][gc,task     ] GC(179) Using 13 workers of 13 for evacuation
[2026-09-20T19:28:47.498+0800][5660.982s][info][gc,phases   ] GC(179)   Pre Evacuate Collection Set: 0.13ms
[2026-09-20T19:28:47.498+0800][5660.982s][info][gc,phases   ] GC(179)   Merge Heap Roots: 0.07ms
[2026-09-20T19:28:47.498+0800][5660.982s][info][gc,phases   ] GC(179)   Evacuate Collection Set: 1.48ms
[2026-09-20T19:28:47.498+0800][5660.982s][info][gc,phases   ] GC(179)   Post Evacuate Collection Set: 0.41ms
[2026-09-20T19:28:47.498+0800][5660.982s][info][gc,phases   ] GC(179)   Other: 0.20ms
[2026-09-20T19:28:47.498+0800][5660.982s][info][gc,heap     ] GC(179) Eden regions: 607->0(607)
[2026-09-20T19:28:47.498+0800][5660.982s][info][gc,heap     ] GC(179) Survivor regions: 7->7(77)
[2026-09-20T19:28:47.498+0800][5660.982s][info][gc,heap     ] GC(179) Old regions: 77->77
[2026-09-20T19:28:47.498+0800][5660.982s][info][gc,heap     ] GC(179) Archive regions: 0->0
[2026-09-20T19:28:47.498+0800][5660.982s][info][gc,heap     ] GC(179) Humongous regions: 2->2
[2026-09-20T19:28:47.498+0800][5660.982s][info][gc,metaspace] GC(179) Metaspace: 111683K(112576K)->111683K(112576K) NonClass: 98533K(98944K)->98533K(98944K) Class: 13150K(13632K)->13150K(13632K)
[2026-09-20T19:28:47.498+0800][5660.982s][info][gc          ] GC(179) Pause Young (Normal) (G1 Evacuation Pause) 692M->85M(1024M) 2.473ms
[2026-09-20T19:28:47.498+0800][5660.982s][info][gc,cpu      ] GC(179) User=0.00s Sys=0.00s Real=0.00s
[2026-09-20T19:28:52.178+0800][5665.661s][info][gc,start    ] GC(180) Pause Young (Normal) (G1 Evacuation Pause)
[2026-09-20T19:28:52.178+0800][5665.662s][info][gc,task     ] GC(180) Using 13 workers of 13 for evacuation
[2026-09-20T19:28:52.183+0800][5665.666s][info][gc,phases   ] GC(180)   Pre Evacuate Collection Set: 0.30ms
[2026-09-20T19:28:52.183+0800][5665.666s][info][gc,phases   ] GC(180)   Merge Heap Roots: 0.12ms
[2026-09-20T19:28:52.183+0800][5665.666s][info][gc,phases   ] GC(180)   Evacuate Collection Set: 2.64ms
[2026-09-20T19:28:52.183+0800][5665.666s][info][gc,phases   ] GC(180)   Post Evacuate Collection Set: 0.86ms
[2026-09-20T19:28:52.183+0800][5665.666s][info][gc,phases   ] GC(180)   Other: 0.37ms
[2026-09-20T19:28:52.183+0800][5665.666s][info][gc,heap     ] GC(180) Eden regions: 607->0(607)
[2026-09-20T19:28:52.183+0800][5665.666s][info][gc,heap     ] GC(180) Survivor regions: 7->7(77)
[2026-09-20T19:28:52.183+0800][5665.666s][info][gc,heap     ] GC(180) Old regions: 77->77
[2026-09-20T19:28:52.183+0800][5665.666s][info][gc,heap     ] GC(180) Archive regions: 0->0
[2026-09-20T19:28:52.183+0800][5665.666s][info][gc,heap     ] GC(180) Humongous regions: 2->2
[2026-09-20T19:28:52.183+0800][5665.666s][info][gc,metaspace] GC(180) Metaspace: 111683K(112576K)->111683K(112576K) NonClass: 98533K(98944K)->98533K(98944K) Class: 13150K(13632K)->13150K(13632K)
[2026-09-20T19:28:52.183+0800][5665.666s][info][gc          ] GC(180) Pause Young (Normal) (G1 Evacuation Pause) 692M->85M(1024M) 4.409ms
[2026-09-20T19:28:52.183+0800][5665.666s][info][gc,cpu      ] GC(180) User=0.17s Sys=0.03s Real=0.01s
[2026-09-20T19:28:57.714+0800][5671.197s][info][gc,start    ] GC(181) Pause Young (Normal) (G1 Evacuation Pause)
[2026-09-20T19:28:57.714+0800][5671.197s][info][gc,task     ] GC(181) Using 13 workers of 13 for evacuation
[2026-09-20T19:28:57.717+0800][5671.200s][info][gc,phases   ] GC(181)   Pre Evacuate Collection Set: 0.12ms
[2026-09-20T19:28:57.717+0800][5671.200s][info][gc,phases   ] GC(181)   Merge Heap Roots: 0.12ms
[2026-09-20T19:28:57.717+0800][5671.200s][info][gc,phases   ] GC(181)   Evacuate Collection Set: 1.46ms
[2026-09-20T19:28:57.717+0800][5671.200s][info][gc,phases   ] GC(181)   Post Evacuate Collection Set: 0.94ms
[2026-09-20T19:28:57.717+0800][5671.200s][info][gc,phases   ] GC(181)   Other: 0.19ms
[2026-09-20T19:28:57.717+0800][5671.200s][info][gc,heap     ] GC(181) Eden regions: 607->0(607)
[2026-09-20T19:28:57.717+0800][5671.200s][info][gc,heap     ] GC(181) Survivor regions: 7->7(77)
[2026-09-20T19:28:57.717+0800][5671.200s][info][gc,heap     ] GC(181) Old regions: 77->78
[2026-09-20T19:28:57.717+0800][5671.200s][info][gc,heap     ] GC(181) Archive regions: 0->0
[2026-09-20T19:28:57.717+0800][5671.200s][info][gc,heap     ] GC(181) Humongous regions: 2->2
[2026-09-20T19:28:57.717+0800][5671.200s][info][gc,metaspace] GC(181) Metaspace: 111684K(112576K)->111684K(112576K) NonClass: 98534K(98944K)->98534K(98944K) Class: 13150K(13632K)->13150K(13632K)
[2026-09-20T19:28:57.717+0800][5671.200s][info][gc          ] GC(181) Pause Young (Normal) (G1 Evacuation Pause) 692M->85M(1024M) 2.939ms
[2026-09-20T19:28:57.717+0800][5671.200s][info][gc,cpu      ] GC(181) User=0.00s Sys=0.00s Real=0.00s
[2026-09-20T19:29:02.476+0800][5675.960s][info][gc,start    ] GC(182) Pause Young (Normal) (G1 Evacuation Pause)
[2026-09-20T19:29:02.476+0800][5675.960s][info][gc,task     ] GC(182) Using 13 workers of 13 for evacuation
[2026-09-20T19:29:02.478+0800][5675.962s][info][gc,phases   ] GC(182)   Pre Evacuate Collection Set: 0.11ms
[2026-09-20T19:29:02.478+0800][5675.962s][info][gc,phases   ] GC(182)   Merge Heap Roots: 0.10ms
[2026-09-20T19:29:02.478+0800][5675.962s][info][gc,phases   ] GC(182)   Evacuate Collection Set: 1.26ms
[2026-09-20T19:29:02.478+0800][5675.962s][info][gc,phases   ] GC(182)   Post Evacuate Collection Set: 0.43ms
[2026-09-20T19:29:02.478+0800][5675.962s][info][gc,phases   ] GC(182)   Other: 0.19ms
[2026-09-20T19:29:02.478+0800][5675.962s][info][gc,heap     ] GC(182) Eden regions: 607->0(607)
[2026-09-20T19:29:02.478+0800][5675.962s][info][gc,heap     ] GC(182) Survivor regions: 7->7(77)
[2026-09-20T19:29:02.478+0800][5675.962s][info][gc,heap     ] GC(182) Old regions: 78->78
[2026-09-20T19:29:02.478+0800][5675.962s][info][gc,heap     ] GC(182) Archive regions: 0->0
[2026-09-20T19:29:02.478+0800][5675.962s][info][gc,heap     ] GC(182) Humongous regions: 2->2
[2026-09-20T19:29:02.478+0800][5675.962s][info][gc,metaspace] GC(182) Metaspace: 111684K(112576K)->111684K(112576K) NonClass: 98534K(98944K)->98534K(98944K) Class: 13150K(13632K)->13150K(13632K)
[2026-09-20T19:29:02.478+0800][5675.962s][info][gc          ] GC(182) Pause Young (Normal) (G1 Evacuation Pause) 692M->85M(1024M) 2.185ms
[2026-09-20T19:29:02.478+0800][5675.962s][info][gc,cpu      ] GC(182) User=0.20s Sys=0.00s Real=0.00s
[2026-09-20T19:29:20.890+0800][5694.373s][info][gc,start    ] GC(183) Pause Young (Normal) (G1 Evacuation Pause)
[2026-09-20T19:29:20.890+0800][5694.373s][info][gc,task     ] GC(183) Using 13 workers of 13 for evacuation
[2026-09-20T19:29:20.892+0800][5694.376s][info][gc,phases   ] GC(183)   Pre Evacuate Collection Set: 0.15ms
[2026-09-20T19:29:20.892+0800][5694.376s][info][gc,phases   ] GC(183)   Merge Heap Roots: 0.12ms
[2026-09-20T19:29:20.892+0800][5694.376s][info][gc,phases   ] GC(183)   Evacuate Collection Set: 1.66ms
[2026-09-20T19:29:20.892+0800][5694.376s][info][gc,phases   ] GC(183)   Post Evacuate Collection Set: 0.44ms
[2026-09-20T19:29:20.892+0800][5694.376s][info][gc,phases   ] GC(183)   Other: 0.22ms
[2026-09-20T19:29:20.892+0800][5694.376s][info][gc,heap     ] GC(183) Eden regions: 607->0(610)
[2026-09-20T19:29:20.892+0800][5694.376s][info][gc,heap     ] GC(183) Survivor regions: 7->4(77)
[2026-09-20T19:29:20.892+0800][5694.376s][info][gc,heap     ] GC(183) Old regions: 78->78
[2026-09-20T19:29:20.892+0800][5694.376s][info][gc,heap     ] GC(183) Archive regions: 0->0
[2026-09-20T19:29:20.892+0800][5694.376s][info][gc,heap     ] GC(183) Humongous regions: 2->2
[2026-09-20T19:29:20.892+0800][5694.376s][info][gc,metaspace] GC(183) Metaspace: 111684K(112576K)->111684K(112576K) NonClass: 98534K(98944K)->98534K(98944K) Class: 13150K(13632K)->13150K(13632K)
[2026-09-20T19:29:20.892+0800][5694.376s][info][gc          ] GC(183) Pause Young (Normal) (G1 Evacuation Pause) 692M->82M(1024M) 2.717ms
[2026-09-20T19:29:20.892+0800][5694.376s][info][gc,cpu      ] GC(183) User=0.00s Sys=0.00s Real=0.00s
[2026-09-20T19:29:30.693+0800][5704.176s][info][gc,start    ] GC(184) Pause Young (Normal) (G1 Evacuation Pause)
[2026-09-20T19:29:30.693+0800][5704.176s][info][gc,task     ] GC(184) Using 13 workers of 13 for evacuation
[2026-09-20T19:29:30.695+0800][5704.178s][info][gc,phases   ] GC(184)   Pre Evacuate Collection Set: 0.11ms
[2026-09-20T19:29:30.695+0800][5704.178s][info][gc,phases   ] GC(184)   Merge Heap Roots: 0.07ms
[2026-09-20T19:29:30.695+0800][5704.178s][info][gc,phases   ] GC(184)   Evacuate Collection Set: 1.01ms
[2026-09-20T19:29:30.695+0800][5704.178s][info][gc,phases   ] GC(184)   Post Evacuate Collection Set: 0.45ms
[2026-09-20T19:29:30.695+0800][5704.178s][info][gc,phases   ] GC(184)   Other: 0.17ms
[2026-09-20T19:29:30.695+0800][5704.178s][info][gc,heap     ] GC(184) Eden regions: 610->0(610)
[2026-09-20T19:29:30.695+0800][5704.178s][info][gc,heap     ] GC(184) Survivor regions: 4->4(77)
[2026-09-20T19:29:30.695+0800][5704.178s][info][gc,heap     ] GC(184) Old regions: 78->78
[2026-09-20T19:29:30.695+0800][5704.178s][info][gc,heap     ] GC(184) Archive regions: 0->0
[2026-09-20T19:29:30.695+0800][5704.178s][info][gc,heap     ] GC(184) Humongous regions: 2->2
[2026-09-20T19:29:30.695+0800][5704.178s][info][gc,metaspace] GC(184) Metaspace: 111684K(112576K)->111684K(112576K) NonClass: 98534K(98944K)->98534K(98944K) Class: 13150K(13632K)->13150K(13632K)
[2026-09-20T19:29:30.695+0800][5704.178s][info][gc          ] GC(184) Pause Young (Normal) (G1 Evacuation Pause) 692M->83M(1024M) 1.951ms
[2026-09-20T19:29:30.695+0800][5704.178s][info][gc,cpu      ] GC(184) User=0.00s Sys=0.00s Real=0.00s
[2026-09-20T19:29:35.412+0800][5708.895s][info][gc,start    ] GC(185) Pause Young (Normal) (G1 Evacuation Pause)
[2026-09-20T19:29:35.412+0800][5708.895s][info][gc,task     ] GC(185) Using 13 workers of 13 for evacuation
[2026-09-20T19:29:35.413+0800][5708.897s][info][gc,phases   ] GC(185)   Pre Evacuate Collection Set: 0.13ms
[2026-09-20T19:29:35.413+0800][5708.897s][info][gc,phases   ] GC(185)   Merge Heap Roots: 0.08ms
[2026-09-20T19:29:35.413+0800][5708.897s][info][gc,phases   ] GC(185)   Evacuate Collection Set: 0.96ms
[2026-09-20T19:29:35.413+0800][5708.897s][info][gc,phases   ] GC(185)   Post Evacuate Collection Set: 0.43ms
[2026-09-20T19:29:35.413+0800][5708.897s][info][gc,phases   ] GC(185)   Other: 0.17ms
[2026-09-20T19:29:35.413+0800][5708.897s][info][gc,heap     ] GC(185) Eden regions: 610->0(609)
[2026-09-20T19:29:35.413+0800][5708.897s][info][gc,heap     ] GC(185) Survivor regions: 4->5(77)
[2026-09-20T19:29:35.413+0800][5708.897s][info][gc,heap     ] GC(185) Old regions: 78->78
[2026-09-20T19:29:35.413+0800][5708.897s][info][gc,heap     ] GC(185) Archive regions: 0->0
[2026-09-20T19:29:35.413+0800][5708.897s][info][gc,heap     ] GC(185) Humongous regions: 2->2
[2026-09-20T19:29:35.413+0800][5708.897s][info][gc,metaspace] GC(185) Metaspace: 111689K(112576K)->111689K(112576K) NonClass: 98538K(98944K)->98538K(98944K) Class: 13151K(13632K)->13151K(13632K)
[2026-09-20T19:29:35.413+0800][5708.897s][info][gc          ] GC(185) Pause Young (Normal) (G1 Evacuation Pause) 693M->83M(1024M) 1.945ms
[2026-09-20T19:29:35.413+0800][5708.897s][info][gc,cpu      ] GC(185) User=0.00s Sys=0.00s Real=0.00s
[2026-09-20T19:29:40.138+0800][5713.621s][info][gc,start    ] GC(186) Pause Young (Normal) (G1 Evacuation Pause)
[2026-09-20T19:29:40.138+0800][5713.621s][info][gc,task     ] GC(186) Using 13 workers of 13 for evacuation
[2026-09-20T19:29:40.140+0800][5713.623s][info][gc,phases   ] GC(186)   Pre Evacuate Collection Set: 0.14ms
[2026-09-20T19:29:40.140+0800][5713.623s][info][gc,phases   ] GC(186)   Merge Heap Roots: 0.08ms
[2026-09-20T19:29:40.140+0800][5713.623s][info][gc,phases   ] GC(186)   Evacuate Collection Set: 1.08ms
[2026-09-20T19:29:40.140+0800][5713.623s][info][gc,phases   ] GC(186)   Post Evacuate Collection Set: 0.46ms
[2026-09-20T19:29:40.140+0800][5713.623s][info][gc,phases   ] GC(186)   Other: 0.27ms
[2026-09-20T19:29:40.140+0800][5713.623s][info][gc,heap     ] GC(186) Eden regions: 609->0(609)
[2026-09-20T19:29:40.140+0800][5713.623s][info][gc,heap     ] GC(186) Survivor regions: 5->5(77)
[2026-09-20T19:29:40.140+0800][5713.623s][info][gc,heap     ] GC(186) Old regions: 78->79
[2026-09-20T19:29:40.140+0800][5713.623s][info][gc,heap     ] GC(186) Archive regions: 0->0
[2026-09-20T19:29:40.140+0800][5713.623s][info][gc,heap     ] GC(186) Humongous regions: 2->2
[2026-09-20T19:29:40.140+0800][5713.623s][info][gc,metaspace] GC(186) Metaspace: 111689K(112576K)->111689K(112576K) NonClass: 98538K(98944K)->98538K(98944K) Class: 13151K(13632K)->13151K(13632K)
[2026-09-20T19:29:40.140+0800][5713.623s][info][gc          ] GC(186) Pause Young (Normal) (G1 Evacuation Pause) 692M->84M(1024M) 2.143ms
[2026-09-20T19:29:40.140+0800][5713.623s][info][gc,cpu      ] GC(186) User=0.00s Sys=0.00s Real=0.00s
[2026-09-20T19:29:44.823+0800][5718.306s][info][gc,start    ] GC(187) Pause Young (Normal) (G1 Evacuation Pause)
[2026-09-20T19:29:44.823+0800][5718.306s][info][gc,task     ] GC(187) Using 13 workers of 13 for evacuation
[2026-09-20T19:29:44.825+0800][5718.308s][info][gc,phases   ] GC(187)   Pre Evacuate Collection Set: 0.14ms
[2026-09-20T19:29:44.825+0800][5718.308s][info][gc,phases   ] GC(187)   Merge Heap Roots: 0.07ms
[2026-09-20T19:29:44.825+0800][5718.308s][info][gc,phases   ] GC(187)   Evacuate Collection Set: 1.10ms
[2026-09-20T19:29:44.825+0800][5718.308s][info][gc,phases   ] GC(187)   Post Evacuate Collection Set: 0.45ms
[2026-09-20T19:29:44.825+0800][5718.308s][info][gc,phases   ] GC(187)   Other: 0.19ms
[2026-09-20T19:29:44.825+0800][5718.308s][info][gc,heap     ] GC(187) Eden regions: 609->0(609)
[2026-09-20T19:29:44.825+0800][5718.308s][info][gc,heap     ] GC(187) Survivor regions: 5->5(77)
[2026-09-20T19:29:44.825+0800][5718.308s][info][gc,heap     ] GC(187) Old regions: 79->79
[2026-09-20T19:29:44.825+0800][5718.308s][info][gc,heap     ] GC(187) Archive regions: 0->0
[2026-09-20T19:29:44.825+0800][5718.308s][info][gc,heap     ] GC(187) Humongous regions: 2->2
[2026-09-20T19:29:44.825+0800][5718.308s][info][gc,metaspace] GC(187) Metaspace: 111689K(112576K)->111689K(112576K) NonClass: 98538K(98944K)->98538K(98944K) Class: 13151K(13632K)->13151K(13632K)
[2026-09-20T19:29:44.825+0800][5718.308s][info][gc          ] GC(187) Pause Young (Normal) (G1 Evacuation Pause) 693M->85M(1024M) 2.074ms
[2026-09-20T19:29:44.825+0800][5718.308s][info][gc,cpu      ] GC(187) User=0.00s Sys=0.00s Real=0.00s
[2026-09-20T19:29:49.424+0800][5722.908s][info][gc,start    ] GC(188) Pause Young (Normal) (G1 Evacuation Pause)
[2026-09-20T19:29:49.424+0800][5722.908s][info][gc,task     ] GC(188) Using 13 workers of 13 for evacuation
[2026-09-20T19:29:49.427+0800][5722.910s][info][gc,phases   ] GC(188)   Pre Evacuate Collection Set: 0.14ms
[2026-09-20T19:29:49.427+0800][5722.910s][info][gc,phases   ] GC(188)   Merge Heap Roots: 0.09ms
[2026-09-20T19:29:49.427+0800][5722.910s][info][gc,phases   ] GC(188)   Evacuate Collection Set: 1.14ms
[2026-09-20T19:29:49.427+0800][5722.910s][info][gc,phases   ] GC(188)   Post Evacuate Collection Set: 0.43ms
[2026-09-20T19:29:49.427+0800][5722.910s][info][gc,phases   ] GC(188)   Other: 0.19ms
[2026-09-20T19:29:49.427+0800][5722.910s][info][gc,heap     ] GC(188) Eden regions: 609->0(609)
[2026-09-20T19:29:49.427+0800][5722.910s][info][gc,heap     ] GC(188) Survivor regions: 5->5(77)
[2026-09-20T19:29:49.427+0800][5722.910s][info][gc,heap     ] GC(188) Old regions: 79->80
[2026-09-20T19:29:49.427+0800][5722.910s][info][gc,heap     ] GC(188) Archive regions: 0->0
[2026-09-20T19:29:49.427+0800][5722.910s][info][gc,heap     ] GC(188) Humongous regions: 2->2
[2026-09-20T19:29:49.427+0800][5722.910s][info][gc,metaspace] GC(188) Metaspace: 111689K(112576K)->111689K(112576K) NonClass: 98538K(98944K)->98538K(98944K) Class: 13151K(13632K)->13151K(13632K)
[2026-09-20T19:29:49.427+0800][5722.910s][info][gc          ] GC(188) Pause Young (Normal) (G1 Evacuation Pause) 694M->85M(1024M) 2.113ms
[2026-09-20T19:29:49.427+0800][5722.910s][info][gc,cpu      ] GC(188) User=0.00s Sys=0.00s Real=0.00s
[2026-09-20T19:29:53.963+0800][5727.447s][info][gc,start    ] GC(189) Pause Young (Normal) (G1 Evacuation Pause)
[2026-09-20T19:29:53.963+0800][5727.447s][info][gc,task     ] GC(189) Using 13 workers of 13 for evacuation
[2026-09-20T19:29:53.965+0800][5727.449s][info][gc,phases   ] GC(189)   Pre Evacuate Collection Set: 0.13ms
[2026-09-20T19:29:53.965+0800][5727.449s][info][gc,phases   ] GC(189)   Merge Heap Roots: 0.08ms
[2026-09-20T19:29:53.965+0800][5727.449s][info][gc,phases   ] GC(189)   Evacuate Collection Set: 1.33ms
[2026-09-20T19:29:53.965+0800][5727.449s][info][gc,phases   ] GC(189)   Post Evacuate Collection Set: 0.40ms
[2026-09-20T19:29:53.965+0800][5727.449s][info][gc,phases   ] GC(189)   Other: 0.18ms
[2026-09-20T19:29:53.965+0800][5727.449s][info][gc,heap     ] GC(189) Eden regions: 609->0(608)
[2026-09-20T19:29:53.965+0800][5727.449s][info][gc,heap     ] GC(189) Survivor regions: 5->6(77)
[2026-09-20T19:29:53.965+0800][5727.449s][info][gc,heap     ] GC(189) Old regions: 80->80
[2026-09-20T19:29:53.965+0800][5727.449s][info][gc,heap     ] GC(189) Archive regions: 0->0
[2026-09-20T19:29:53.965+0800][5727.449s][info][gc,heap     ] GC(189) Humongous regions: 2->2
[2026-09-20T19:29:53.965+0800][5727.449s][info][gc,metaspace] GC(189) Metaspace: 111689K(112576K)->111689K(112576K) NonClass: 98538K(98944K)->98538K(98944K) Class: 13151K(13632K)->13151K(13632K)
[2026-09-20T19:29:53.965+0800][5727.449s][info][gc          ] GC(189) Pause Young (Normal) (G1 Evacuation Pause) 694M->86M(1024M) 2.234ms
[2026-09-20T19:29:53.965+0800][5727.449s][info][gc,cpu      ] GC(189) User=0.00s Sys=0.00s Real=0.00s
[2026-09-20T19:29:58.502+0800][5731.985s][info][gc,start    ] GC(190) Pause Young (Normal) (G1 Evacuation Pause)
[2026-09-20T19:29:58.502+0800][5731.985s][info][gc,task     ] GC(190) Using 13 workers of 13 for evacuation
[2026-09-20T19:29:58.505+0800][5731.988s][info][gc,phases   ] GC(190)   Pre Evacuate Collection Set: 0.17ms
[2026-09-20T19:29:58.505+0800][5731.988s][info][gc,phases   ] GC(190)   Merge Heap Roots: 0.09ms
[2026-09-20T19:29:58.505+0800][5731.988s][info][gc,phases   ] GC(190)   Evacuate Collection Set: 1.54ms
[2026-09-20T19:29:58.505+0800][5731.988s][info][gc,phases   ] GC(190)   Post Evacuate Collection Set: 0.53ms
[2026-09-20T19:29:58.505+0800][5731.988s][info][gc,phases   ] GC(190)   Other: 0.23ms
[2026-09-20T19:29:58.505+0800][5731.988s][info][gc,heap     ] GC(190) Eden regions: 608->0(607)
[2026-09-20T19:29:58.505+0800][5731.988s][info][gc,heap     ] GC(190) Survivor regions: 6->7(77)
[2026-09-20T19:29:58.505+0800][5731.988s][info][gc,heap     ] GC(190) Old regions: 80->80
[2026-09-20T19:29:58.505+0800][5731.988s][info][gc,heap     ] GC(190) Archive regions: 0->0
[2026-09-20T19:29:58.505+0800][5731.988s][info][gc,heap     ] GC(190) Humongous regions: 2->2
[2026-09-20T19:29:58.505+0800][5731.988s][info][gc,metaspace] GC(190) Metaspace: 111696K(112640K)->111696K(112640K) NonClass: 98545K(99008K)->98545K(99008K) Class: 13151K(13632K)->13151K(13632K)
[2026-09-20T19:29:58.505+0800][5731.988s][info][gc          ] GC(190) Pause Young (Normal) (G1 Evacuation Pause) 694M->88M(1024M) 2.678ms
[2026-09-20T19:29:58.505+0800][5731.988s][info][gc,cpu      ] GC(190) User=0.00s Sys=0.00s Real=0.00s
[2026-09-20T19:30:03.012+0800][5736.496s][info][gc,start    ] GC(191) Pause Young (Normal) (G1 Evacuation Pause)
[2026-09-20T19:30:03.012+0800][5736.496s][info][gc,task     ] GC(191) Using 13 workers of 13 for evacuation
[2026-09-20T19:30:03.015+0800][5736.499s][info][gc,phases   ] GC(191)   Pre Evacuate Collection Set: 0.17ms
[2026-09-20T19:30:03.015+0800][5736.499s][info][gc,phases   ] GC(191)   Merge Heap Roots: 0.10ms
[2026-09-20T19:30:03.015+0800][5736.499s][info][gc,phases   ] GC(191)   Evacuate Collection Set: 1.44ms
[2026-09-20T19:30:03.015+0800][5736.499s][info][gc,phases   ] GC(191)   Post Evacuate Collection Set: 0.48ms
[2026-09-20T19:30:03.015+0800][5736.499s][info][gc,phases   ] GC(191)   Other: 0.21ms
[2026-09-20T19:30:03.015+0800][5736.499s][info][gc,heap     ] GC(191) Eden regions: 607->0(606)
[2026-09-20T19:30:03.015+0800][5736.499s][info][gc,heap     ] GC(191) Survivor regions: 7->8(77)
[2026-09-20T19:30:03.015+0800][5736.499s][info][gc,heap     ] GC(191) Old regions: 80->80
[2026-09-20T19:30:03.015+0800][5736.499s][info][gc,heap     ] GC(191) Archive regions: 0->0
[2026-09-20T19:30:03.015+0800][5736.499s][info][gc,heap     ] GC(191) Humongous regions: 2->2
[2026-09-20T19:30:03.015+0800][5736.499s][info][gc,metaspace] GC(191) Metaspace: 111697K(112640K)->111697K(112640K) NonClass: 98546K(99008K)->98546K(99008K) Class: 13151K(13632K)->13151K(13632K)
[2026-09-20T19:30:03.015+0800][5736.499s][info][gc          ] GC(191) Pause Young (Normal) (G1 Evacuation Pause) 695M->89M(1024M) 2.518ms
[2026-09-20T19:30:03.015+0800][5736.499s][info][gc,cpu      ] GC(191) User=0.00s Sys=0.00s Real=0.00s
[2026-09-20T19:30:07.537+0800][5741.021s][info][gc,start    ] GC(192) Pause Young (Normal) (G1 Evacuation Pause)
[2026-09-20T19:30:07.537+0800][5741.021s][info][gc,task     ] GC(192) Using 13 workers of 13 for evacuation
[2026-09-20T19:30:07.539+0800][5741.023s][info][gc,phases   ] GC(192)   Pre Evacuate Collection Set: 0.15ms
[2026-09-20T19:30:07.539+0800][5741.023s][info][gc,phases   ] GC(192)   Merge Heap Roots: 0.14ms
[2026-09-20T19:30:07.539+0800][5741.023s][info][gc,phases   ] GC(192)   Evacuate Collection Set: 1.67ms
[2026-09-20T19:30:07.539+0800][5741.023s][info][gc,phases   ] GC(192)   Post Evacuate Collection Set: 0.44ms
[2026-09-20T19:30:07.539+0800][5741.023s][info][gc,phases   ] GC(192)   Other: 0.21ms
[2026-09-20T19:30:07.540+0800][5741.023s][info][gc,heap     ] GC(192) Eden regions: 606->0(605)
[2026-09-20T19:30:07.540+0800][5741.023s][info][gc,heap     ] GC(192) Survivor regions: 8->9(77)
[2026-09-20T19:30:07.540+0800][5741.023s][info][gc,heap     ] GC(192) Old regions: 80->80
[2026-09-20T19:30:07.540+0800][5741.023s][info][gc,heap     ] GC(192) Archive regions: 0->0
[2026-09-20T19:30:07.540+0800][5741.023s][info][gc,heap     ] GC(192) Humongous regions: 2->2
[2026-09-20T19:30:07.540+0800][5741.023s][info][gc,metaspace] GC(192) Metaspace: 111697K(112640K)->111697K(112640K) NonClass: 98546K(99008K)->98546K(99008K) Class: 13151K(13632K)->13151K(13632K)
[2026-09-20T19:30:07.540+0800][5741.023s][info][gc          ] GC(192) Pause Young (Normal) (G1 Evacuation Pause) 695M->90M(1024M) 2.765ms
[2026-09-20T19:30:07.540+0800][5741.023s][info][gc,cpu      ] GC(192) User=0.02s Sys=0.02s Real=0.00s
[2026-09-20T19:30:12.015+0800][5745.498s][info][gc,start    ] GC(193) Pause Young (Normal) (G1 Evacuation Pause)
[2026-09-20T19:30:12.015+0800][5745.498s][info][gc,task     ] GC(193) Using 13 workers of 13 for evacuation
[2026-09-20T19:30:12.017+0800][5745.501s][info][gc,phases   ] GC(193)   Pre Evacuate Collection Set: 0.16ms
[2026-09-20T19:30:12.017+0800][5745.501s][info][gc,phases   ] GC(193)   Merge Heap Roots: 0.14ms
[2026-09-20T19:30:12.018+0800][5745.501s][info][gc,phases   ] GC(193)   Evacuate Collection Set: 1.64ms
[2026-09-20T19:30:12.018+0800][5745.501s][info][gc,phases   ] GC(193)   Post Evacuate Collection Set: 0.46ms
[2026-09-20T19:30:12.018+0800][5745.501s][info][gc,phases   ] GC(193)   Other: 0.22ms
[2026-09-20T19:30:12.018+0800][5745.501s][info][gc,heap     ] GC(193) Eden regions: 605->0(605)
[2026-09-20T19:30:12.018+0800][5745.501s][info][gc,heap     ] GC(193) Survivor regions: 9->9(77)
[2026-09-20T19:30:12.018+0800][5745.501s][info][gc,heap     ] GC(193) Old regions: 80->80
[2026-09-20T19:30:12.018+0800][5745.501s][info][gc,heap     ] GC(193) Archive regions: 0->0
[2026-09-20T19:30:12.018+0800][5745.501s][info][gc,heap     ] GC(193) Humongous regions: 2->2
[2026-09-20T19:30:12.018+0800][5745.501s][info][gc,metaspace] GC(193) Metaspace: 111697K(112640K)->111697K(112640K) NonClass: 98546K(99008K)->98546K(99008K) Class: 13151K(13632K)->13151K(13632K)
[2026-09-20T19:30:12.018+0800][5745.501s][info][gc          ] GC(193) Pause Young (Normal) (G1 Evacuation Pause) 695M->90M(1024M) 2.749ms
[2026-09-20T19:30:12.018+0800][5745.501s][info][gc,cpu      ] GC(193) User=0.00s Sys=0.00s Real=0.00s
[2026-09-20T19:30:16.538+0800][5750.022s][info][gc,start    ] GC(194) Pause Young (Normal) (G1 Evacuation Pause)
[2026-09-20T19:30:16.538+0800][5750.022s][info][gc,task     ] GC(194) Using 13 workers of 13 for evacuation
[2026-09-20T19:30:16.541+0800][5750.024s][info][gc,phases   ] GC(194)   Pre Evacuate Collection Set: 0.16ms
[2026-09-20T19:30:16.541+0800][5750.025s][info][gc,phases   ] GC(194)   Merge Heap Roots: 0.10ms
[2026-09-20T19:30:16.541+0800][5750.025s][info][gc,phases   ] GC(194)   Evacuate Collection Set: 1.55ms
[2026-09-20T19:30:16.541+0800][5750.025s][info][gc,phases   ] GC(194)   Post Evacuate Collection Set: 0.48ms
[2026-09-20T19:30:16.541+0800][5750.025s][info][gc,phases   ] GC(194)   Other: 0.20ms
[2026-09-20T19:30:16.541+0800][5750.025s][info][gc,heap     ] GC(194) Eden regions: 605->0(605)
[2026-09-20T19:30:16.541+0800][5750.025s][info][gc,heap     ] GC(194) Survivor regions: 9->9(77)
[2026-09-20T19:30:16.541+0800][5750.025s][info][gc,heap     ] GC(194) Old regions: 80->80
[2026-09-20T19:30:16.541+0800][5750.025s][info][gc,heap     ] GC(194) Archive regions: 0->0
[2026-09-20T19:30:16.541+0800][5750.025s][info][gc,heap     ] GC(194) Humongous regions: 2->2
[2026-09-20T19:30:16.541+0800][5750.025s][info][gc,metaspace] GC(194) Metaspace: 111697K(112640K)->111697K(112640K) NonClass: 98546K(99008K)->98546K(99008K) Class: 13151K(13632K)->13151K(13632K)
[2026-09-20T19:30:16.541+0800][5750.025s][info][gc          ] GC(194) Pause Young (Normal) (G1 Evacuation Pause) 695M->90M(1024M) 2.576ms
[2026-09-20T19:30:16.541+0800][5750.025s][info][gc,cpu      ] GC(194) User=0.17s Sys=0.03s Real=0.00s
[2026-09-20T19:30:21.069+0800][5754.552s][info][gc,start    ] GC(195) Pause Young (Normal) (G1 Evacuation Pause)
[2026-09-20T19:30:21.069+0800][5754.552s][info][gc,task     ] GC(195) Using 13 workers of 13 for evacuation
[2026-09-20T19:30:21.071+0800][5754.555s][info][gc,phases   ] GC(195)   Pre Evacuate Collection Set: 0.13ms
[2026-09-20T19:30:21.071+0800][5754.555s][info][gc,phases   ] GC(195)   Merge Heap Roots: 0.11ms
[2026-09-20T19:30:21.071+0800][5754.555s][info][gc,phases   ] GC(195)   Evacuate Collection Set: 1.45ms
[2026-09-20T19:30:21.071+0800][5754.555s][info][gc,phases   ] GC(195)   Post Evacuate Collection Set: 0.45ms
[2026-09-20T19:30:21.071+0800][5754.555s][info][gc,phases   ] GC(195)   Other: 0.19ms
[2026-09-20T19:30:21.071+0800][5754.555s][info][gc,heap     ] GC(195) Eden regions: 605->0(605)
[2026-09-20T19:30:21.071+0800][5754.555s][info][gc,heap     ] GC(195) Survivor regions: 9->9(77)
[2026-09-20T19:30:21.071+0800][5754.555s][info][gc,heap     ] GC(195) Old regions: 80->80
[2026-09-20T19:30:21.071+0800][5754.555s][info][gc,heap     ] GC(195) Archive regions: 0->0
[2026-09-20T19:30:21.071+0800][5754.555s][info][gc,heap     ] GC(195) Humongous regions: 2->2
[2026-09-20T19:30:21.071+0800][5754.555s][info][gc,metaspace] GC(195) Metaspace: 111698K(112640K)->111698K(112640K) NonClass: 98547K(99008K)->98547K(99008K) Class: 13151K(13632K)->13151K(13632K)
[2026-09-20T19:30:21.071+0800][5754.555s][info][gc          ] GC(195) Pause Young (Normal) (G1 Evacuation Pause) 695M->90M(1024M) 2.462ms
[2026-09-20T19:30:21.071+0800][5754.555s][info][gc,cpu      ] GC(195) User=0.00s Sys=0.02s Real=0.00s
[2026-09-20T19:30:25.606+0800][5759.089s][info][gc,start    ] GC(196) Pause Young (Normal) (G1 Evacuation Pause)
[2026-09-20T19:30:25.606+0800][5759.089s][info][gc,task     ] GC(196) Using 13 workers of 13 for evacuation
[2026-09-20T19:30:25.608+0800][5759.091s][info][gc,phases   ] GC(196)   Pre Evacuate Collection Set: 0.13ms
[2026-09-20T19:30:25.608+0800][5759.091s][info][gc,phases   ] GC(196)   Merge Heap Roots: 0.09ms
[2026-09-20T19:30:25.608+0800][5759.091s][info][gc,phases   ] GC(196)   Evacuate Collection Set: 1.52ms
[2026-09-20T19:30:25.608+0800][5759.091s][info][gc,phases   ] GC(196)   Post Evacuate Collection Set: 0.48ms
[2026-09-20T19:30:25.608+0800][5759.091s][info][gc,phases   ] GC(196)   Other: 0.19ms
[2026-09-20T19:30:25.608+0800][5759.092s][info][gc,heap     ] GC(196) Eden regions: 605->0(605)
[2026-09-20T19:30:25.608+0800][5759.092s][info][gc,heap     ] GC(196) Survivor regions: 9->9(77)
[2026-09-20T19:30:25.608+0800][5759.092s][info][gc,heap     ] GC(196) Old regions: 80->80
[2026-09-20T19:30:25.608+0800][5759.092s][info][gc,heap     ] GC(196) Archive regions: 0->0
[2026-09-20T19:30:25.608+0800][5759.092s][info][gc,heap     ] GC(196) Humongous regions: 2->2
[2026-09-20T19:30:25.608+0800][5759.092s][info][gc,metaspace] GC(196) Metaspace: 111698K(112640K)->111698K(112640K) NonClass: 98547K(99008K)->98547K(99008K) Class: 13151K(13632K)->13151K(13632K)
[2026-09-20T19:30:25.608+0800][5759.092s][info][gc          ] GC(196) Pause Young (Normal) (G1 Evacuation Pause) 695M->90M(1024M) 2.563ms
[2026-09-20T19:30:25.608+0800][5759.092s][info][gc,cpu      ] GC(196) User=0.00s Sys=0.00s Real=0.00s
[2026-09-20T19:30:40.853+0800][5774.337s][info][gc,start    ] GC(197) Pause Young (Normal) (G1 Evacuation Pause)
[2026-09-20T19:30:40.853+0800][5774.337s][info][gc,task     ] GC(197) Using 13 workers of 13 for evacuation
[2026-09-20T19:30:40.855+0800][5774.339s][info][gc,phases   ] GC(197)   Pre Evacuate Collection Set: 0.17ms
[2026-09-20T19:30:40.855+0800][5774.339s][info][gc,phases   ] GC(197)   Merge Heap Roots: 0.11ms
[2026-09-20T19:30:40.855+0800][5774.339s][info][gc,phases   ] GC(197)   Evacuate Collection Set: 1.56ms
[2026-09-20T19:30:40.855+0800][5774.339s][info][gc,phases   ] GC(197)   Post Evacuate Collection Set: 0.50ms
[2026-09-20T19:30:40.855+0800][5774.339s][info][gc,phases   ] GC(197)   Other: 0.19ms
[2026-09-20T19:30:40.855+0800][5774.339s][info][gc,heap     ] GC(197) Eden regions: 605->0(610)
[2026-09-20T19:30:40.855+0800][5774.339s][info][gc,heap     ] GC(197) Survivor regions: 9->4(77)
[2026-09-20T19:30:40.856+0800][5774.339s][info][gc,heap     ] GC(197) Old regions: 80->80
[2026-09-20T19:30:40.856+0800][5774.339s][info][gc,heap     ] GC(197) Archive regions: 0->0
[2026-09-20T19:30:40.856+0800][5774.339s][info][gc,heap     ] GC(197) Humongous regions: 2->2
[2026-09-20T19:30:40.856+0800][5774.339s][info][gc,metaspace] GC(197) Metaspace: 111698K(112640K)->111698K(112640K) NonClass: 98547K(99008K)->98547K(99008K) Class: 13151K(13632K)->13151K(13632K)
[2026-09-20T19:30:40.856+0800][5774.339s][info][gc          ] GC(197) Pause Young (Normal) (G1 Evacuation Pause) 695M->85M(1024M) 2.753ms
[2026-09-20T19:30:40.856+0800][5774.340s][info][gc,cpu      ] GC(197) User=0.00s Sys=0.00s Real=0.00s
[2026-09-20T19:31:01.742+0800][5795.225s][info][gc,start    ] GC(198) Pause Young (Normal) (G1 Evacuation Pause)
[2026-09-20T19:31:01.742+0800][5795.225s][info][gc,task     ] GC(198) Using 13 workers of 13 for evacuation
[2026-09-20T19:31:01.744+0800][5795.227s][info][gc,phases   ] GC(198)   Pre Evacuate Collection Set: 0.13ms
[2026-09-20T19:31:01.744+0800][5795.227s][info][gc,phases   ] GC(198)   Merge Heap Roots: 0.10ms
[2026-09-20T19:31:01.744+0800][5795.227s][info][gc,phases   ] GC(198)   Evacuate Collection Set: 1.07ms
[2026-09-20T19:31:01.744+0800][5795.227s][info][gc,phases   ] GC(198)   Post Evacuate Collection Set: 0.43ms
[2026-09-20T19:31:01.744+0800][5795.227s][info][gc,phases   ] GC(198)   Other: 0.19ms
[2026-09-20T19:31:01.744+0800][5795.227s][info][gc,heap     ] GC(198) Eden regions: 610->0(610)
[2026-09-20T19:31:01.744+0800][5795.227s][info][gc,heap     ] GC(198) Survivor regions: 4->4(77)
[2026-09-20T19:31:01.744+0800][5795.227s][info][gc,heap     ] GC(198) Old regions: 80->80
[2026-09-20T19:31:01.744+0800][5795.227s][info][gc,heap     ] GC(198) Archive regions: 0->0
[2026-09-20T19:31:01.744+0800][5795.227s][info][gc,heap     ] GC(198) Humongous regions: 2->2
[2026-09-20T19:31:01.744+0800][5795.227s][info][gc,metaspace] GC(198) Metaspace: 111698K(112640K)->111698K(112640K) NonClass: 98547K(99008K)->98547K(99008K) Class: 13151K(13632K)->13151K(13632K)
[2026-09-20T19:31:01.744+0800][5795.227s][info][gc          ] GC(198) Pause Young (Normal) (G1 Evacuation Pause) 695M->85M(1024M) 2.010ms
[2026-09-20T19:31:01.744+0800][5795.227s][info][gc,cpu      ] GC(198) User=0.19s Sys=0.02s Real=0.00s
[2026-09-20T19:31:21.712+0800][5815.195s][info][gc,start    ] GC(199) Pause Young (Normal) (G1 Evacuation Pause)
[2026-09-20T19:31:21.712+0800][5815.196s][info][gc,task     ] GC(199) Using 13 workers of 13 for evacuation
[2026-09-20T19:31:21.714+0800][5815.198s][info][gc,phases   ] GC(199)   Pre Evacuate Collection Set: 0.12ms
[2026-09-20T19:31:21.714+0800][5815.198s][info][gc,phases   ] GC(199)   Merge Heap Roots: 0.07ms
[2026-09-20T19:31:21.714+0800][5815.198s][info][gc,phases   ] GC(199)   Evacuate Collection Set: 0.98ms
[2026-09-20T19:31:21.714+0800][5815.198s][info][gc,phases   ] GC(199)   Post Evacuate Collection Set: 1.21ms
[2026-09-20T19:31:21.714+0800][5815.198s][info][gc,phases   ] GC(199)   Other: 0.23ms
[2026-09-20T19:31:21.714+0800][5815.198s][info][gc,heap     ] GC(199) Eden regions: 610->0(610)
[2026-09-20T19:31:21.714+0800][5815.198s][info][gc,heap     ] GC(199) Survivor regions: 4->4(77)
[2026-09-20T19:31:21.714+0800][5815.198s][info][gc,heap     ] GC(199) Old regions: 80->80
[2026-09-20T19:31:21.714+0800][5815.198s][info][gc,heap     ] GC(199) Archive regions: 0->0
[2026-09-20T19:31:21.715+0800][5815.198s][info][gc,heap     ] GC(199) Humongous regions: 2->2
[2026-09-20T19:31:21.715+0800][5815.198s][info][gc,metaspace] GC(199) Metaspace: 111698K(112640K)->111698K(112640K) NonClass: 98547K(99008K)->98547K(99008K) Class: 13151K(13632K)->13151K(13632K)
[2026-09-20T19:31:21.715+0800][5815.198s][info][gc          ] GC(199) Pause Young (Normal) (G1 Evacuation Pause) 695M->85M(1024M) 2.797ms
[2026-09-20T19:31:21.715+0800][5815.198s][info][gc,cpu      ] GC(199) User=0.00s Sys=0.00s Real=0.00s
[2026-09-20T19:31:40.084+0800][5833.568s][info][gc,start    ] GC(200) Pause Young (Normal) (G1 Evacuation Pause)
[2026-09-20T19:31:40.084+0800][5833.568s][info][gc,task     ] GC(200) Using 13 workers of 13 for evacuation
[2026-09-20T19:31:40.085+0800][5833.570s][info][gc,phases   ] GC(200)   Pre Evacuate Collection Set: 0.18ms
[2026-09-20T19:31:40.087+0800][5833.570s][info][gc,phases   ] GC(200)   Merge Heap Roots: 0.08ms
[2026-09-20T19:31:40.087+0800][5833.570s][info][gc,phases   ] GC(200)   Evacuate Collection Set: 1.01ms
[2026-09-20T19:31:40.087+0800][5833.570s][info][gc,phases   ] GC(200)   Post Evacuate Collection Set: 0.49ms
[2026-09-20T19:31:40.087+0800][5833.570s][info][gc,phases   ] GC(200)   Other: 0.20ms
[2026-09-20T19:31:40.087+0800][5833.570s][info][gc,heap     ] GC(200) Eden regions: 610->0(611)
[2026-09-20T19:31:40.087+0800][5833.570s][info][gc,heap     ] GC(200) Survivor regions: 4->3(77)
[2026-09-20T19:31:40.087+0800][5833.570s][info][gc,heap     ] GC(200) Old regions: 80->80
[2026-09-20T19:31:40.087+0800][5833.570s][info][gc,heap     ] GC(200) Archive regions: 0->0
[2026-09-20T19:31:40.087+0800][5833.570s][info][gc,heap     ] GC(200) Humongous regions: 2->2
[2026-09-20T19:31:40.087+0800][5833.570s][info][gc,metaspace] GC(200) Metaspace: 111709K(112640K)->111709K(112640K) NonClass: 98558K(99008K)->98558K(99008K) Class: 13151K(13632K)->13151K(13632K)
[2026-09-20T19:31:40.087+0800][5833.570s][info][gc          ] GC(200) Pause Young (Normal) (G1 Evacuation Pause) 695M->84M(1024M) 2.124ms
[2026-09-20T19:31:40.087+0800][5833.570s][info][gc,cpu      ] GC(200) User=0.00s Sys=0.00s Real=0.00s
[2026-09-20T19:31:44.992+0800][5838.476s][info][gc,start    ] GC(201) Pause Young (Normal) (G1 Evacuation Pause)
[2026-09-20T19:31:44.992+0800][5838.476s][info][gc,task     ] GC(201) Using 13 workers of 13 for evacuation
[2026-09-20T19:31:44.995+0800][5838.478s][info][gc,phases   ] GC(201)   Pre Evacuate Collection Set: 0.14ms
[2026-09-20T19:31:44.995+0800][5838.478s][info][gc,phases   ] GC(201)   Merge Heap Roots: 0.06ms
[2026-09-20T19:31:44.995+0800][5838.478s][info][gc,phases   ] GC(201)   Evacuate Collection Set: 1.05ms
[2026-09-20T19:31:44.995+0800][5838.478s][info][gc,phases   ] GC(201)   Post Evacuate Collection Set: 0.40ms
[2026-09-20T19:31:44.995+0800][5838.478s][info][gc,phases   ] GC(201)   Other: 0.20ms
[2026-09-20T19:31:44.995+0800][5838.478s][info][gc,heap     ] GC(201) Eden regions: 611->0(611)
[2026-09-20T19:31:44.995+0800][5838.478s][info][gc,heap     ] GC(201) Survivor regions: 3->3(77)
[2026-09-20T19:31:44.995+0800][5838.478s][info][gc,heap     ] GC(201) Old regions: 80->80
[2026-09-20T19:31:44.995+0800][5838.478s][info][gc,heap     ] GC(201) Archive regions: 0->0
[2026-09-20T19:31:44.995+0800][5838.478s][info][gc,heap     ] GC(201) Humongous regions: 2->2
[2026-09-20T19:31:44.995+0800][5838.478s][info][gc,metaspace] GC(201) Metaspace: 111709K(112640K)->111709K(112640K) NonClass: 98558K(99008K)->98558K(99008K) Class: 13151K(13632K)->13151K(13632K)
[2026-09-20T19:31:44.995+0800][5838.478s][info][gc          ] GC(201) Pause Young (Normal) (G1 Evacuation Pause) 695M->84M(1024M) 1.983ms
[2026-09-20T19:31:44.995+0800][5838.478s][info][gc,cpu      ] GC(201) User=0.00s Sys=0.00s Real=0.00s
[2026-09-20T19:31:49.792+0800][5843.276s][info][gc,start    ] GC(202) Pause Young (Normal) (G1 Evacuation Pause)
[2026-09-20T19:31:49.792+0800][5843.276s][info][gc,task     ] GC(202) Using 13 workers of 13 for evacuation
[2026-09-20T19:31:49.794+0800][5843.278s][info][gc,phases   ] GC(202)   Pre Evacuate Collection Set: 0.10ms
[2026-09-20T19:31:49.794+0800][5843.278s][info][gc,phases   ] GC(202)   Merge Heap Roots: 0.12ms
[2026-09-20T19:31:49.794+0800][5843.278s][info][gc,phases   ] GC(202)   Evacuate Collection Set: 1.02ms
[2026-09-20T19:31:49.794+0800][5843.278s][info][gc,phases   ] GC(202)   Post Evacuate Collection Set: 0.44ms
[2026-09-20T19:31:49.794+0800][5843.278s][info][gc,phases   ] GC(202)   Other: 0.18ms
[2026-09-20T19:31:49.794+0800][5843.278s][info][gc,heap     ] GC(202) Eden regions: 611->0(610)
[2026-09-20T19:31:49.794+0800][5843.278s][info][gc,heap     ] GC(202) Survivor regions: 3->4(77)
[2026-09-20T19:31:49.794+0800][5843.278s][info][gc,heap     ] GC(202) Old regions: 80->80
[2026-09-20T19:31:49.794+0800][5843.278s][info][gc,heap     ] GC(202) Archive regions: 0->0
[2026-09-20T19:31:49.794+0800][5843.278s][info][gc,heap     ] GC(202) Humongous regions: 2->2
[2026-09-20T19:31:49.794+0800][5843.278s][info][gc,metaspace] GC(202) Metaspace: 111709K(112640K)->111709K(112640K) NonClass: 98558K(99008K)->98558K(99008K) Class: 13151K(13632K)->13151K(13632K)
[2026-09-20T19:31:49.794+0800][5843.278s][info][gc          ] GC(202) Pause Young (Normal) (G1 Evacuation Pause) 695M->85M(1024M) 2.031ms
[2026-09-20T19:31:49.794+0800][5843.278s][info][gc,cpu      ] GC(202) User=0.00s Sys=0.00s Real=0.00s
[2026-09-20T19:31:54.462+0800][5847.947s][info][gc,start    ] GC(203) Pause Young (Normal) (G1 Evacuation Pause)
[2026-09-20T19:31:54.464+0800][5847.947s][info][gc,task     ] GC(203) Using 13 workers of 13 for evacuation
[2026-09-20T19:31:54.465+0800][5847.949s][info][gc,phases   ] GC(203)   Pre Evacuate Collection Set: 0.13ms
[2026-09-20T19:31:54.465+0800][5847.949s][info][gc,phases   ] GC(203)   Merge Heap Roots: 0.09ms
[2026-09-20T19:31:54.465+0800][5847.949s][info][gc,phases   ] GC(203)   Evacuate Collection Set: 0.99ms
[2026-09-20T19:31:54.465+0800][5847.949s][info][gc,phases   ] GC(203)   Post Evacuate Collection Set: 0.38ms
[2026-09-20T19:31:54.465+0800][5847.949s][info][gc,phases   ] GC(203)   Other: 0.21ms
[2026-09-20T19:31:54.465+0800][5847.949s][info][gc,heap     ] GC(203) Eden regions: 610->0(610)
[2026-09-20T19:31:54.465+0800][5847.949s][info][gc,heap     ] GC(203) Survivor regions: 4->4(77)
[2026-09-20T19:31:54.465+0800][5847.949s][info][gc,heap     ] GC(203) Old regions: 80->80
[2026-09-20T19:31:54.465+0800][5847.949s][info][gc,heap     ] GC(203) Archive regions: 0->0
[2026-09-20T19:31:54.465+0800][5847.949s][info][gc,heap     ] GC(203) Humongous regions: 2->2
[2026-09-20T19:31:54.465+0800][5847.949s][info][gc,metaspace] GC(203) Metaspace: 111709K(112640K)->111709K(112640K) NonClass: 98558K(99008K)->98558K(99008K) Class: 13151K(13632K)->13151K(13632K)
[2026-09-20T19:31:54.465+0800][5847.949s][info][gc          ] GC(203) Pause Young (Normal) (G1 Evacuation Pause) 695M->85M(1024M) 1.973ms
[2026-09-20T19:31:54.465+0800][5847.949s][info][gc,cpu      ] GC(203) User=0.00s Sys=0.00s Real=0.00s
[2026-09-20T19:32:02.163+0800][5855.645s][info][gc,start    ] GC(204) Pause Young (Normal) (G1 Evacuation Pause)
[2026-09-20T19:32:02.163+0800][5855.646s][info][gc,task     ] GC(204) Using 13 workers of 13 for evacuation
[2026-09-20T19:32:02.164+0800][5855.647s][info][gc,phases   ] GC(204)   Pre Evacuate Collection Set: 0.11ms
[2026-09-20T19:32:02.164+0800][5855.647s][info][gc,phases   ] GC(204)   Merge Heap Roots: 0.07ms
[2026-09-20T19:32:02.164+0800][5855.647s][info][gc,phases   ] GC(204)   Evacuate Collection Set: 0.93ms
[2026-09-20T19:32:02.164+0800][5855.647s][info][gc,phases   ] GC(204)   Post Evacuate Collection Set: 0.39ms
[2026-09-20T19:32:02.164+0800][5855.647s][info][gc,phases   ] GC(204)   Other: 0.16ms
[2026-09-20T19:32:02.164+0800][5855.647s][info][gc,heap     ] GC(204) Eden regions: 610->0(612)
[2026-09-20T19:32:02.164+0800][5855.647s][info][gc,heap     ] GC(204) Survivor regions: 4->2(77)
[2026-09-20T19:32:02.164+0800][5855.647s][info][gc,heap     ] GC(204) Old regions: 80->81
[2026-09-20T19:32:02.164+0800][5855.647s][info][gc,heap     ] GC(204) Archive regions: 0->0
[2026-09-20T19:32:02.164+0800][5855.647s][info][gc,heap     ] GC(204) Humongous regions: 2->2
[2026-09-20T19:32:02.164+0800][5855.647s][info][gc,metaspace] GC(204) Metaspace: 111709K(112640K)->111709K(112640K) NonClass: 98558K(99008K)->98558K(99008K) Class: 13151K(13632K)->13151K(13632K)
[2026-09-20T19:32:02.164+0800][5855.647s][info][gc          ] GC(204) Pause Young (Normal) (G1 Evacuation Pause) 695M->83M(1024M) 1.821ms
[2026-09-20T19:32:02.164+0800][5855.647s][info][gc,cpu      ] GC(204) User=0.00s Sys=0.00s Real=0.00s
[2026-09-20T19:32:22.128+0800][5875.612s][info][gc,start    ] GC(205) Pause Young (Normal) (G1 Evacuation Pause)
[2026-09-20T19:32:22.128+0800][5875.612s][info][gc,task     ] GC(205) Using 13 workers of 13 for evacuation
[2026-09-20T19:32:22.131+0800][5875.614s][info][gc,phases   ] GC(205)   Pre Evacuate Collection Set: 0.12ms
[2026-09-20T19:32:22.131+0800][5875.614s][info][gc,phases   ] GC(205)   Merge Heap Roots: 0.07ms
[2026-09-20T19:32:22.131+0800][5875.614s][info][gc,phases   ] GC(205)   Evacuate Collection Set: 1.11ms
[2026-09-20T19:32:22.131+0800][5875.614s][info][gc,phases   ] GC(205)   Post Evacuate Collection Set: 0.39ms
[2026-09-20T19:32:22.131+0800][5875.614s][info][gc,phases   ] GC(205)   Other: 0.16ms
[2026-09-20T19:32:22.131+0800][5875.614s][info][gc,heap     ] GC(205) Eden regions: 612->0(612)
[2026-09-20T19:32:22.131+0800][5875.614s][info][gc,heap     ] GC(205) Survivor regions: 2->2(77)
[2026-09-20T19:32:22.131+0800][5875.614s][info][gc,heap     ] GC(205) Old regions: 81->81
[2026-09-20T19:32:22.131+0800][5875.614s][info][gc,heap     ] GC(205) Archive regions: 0->0
[2026-09-20T19:32:22.131+0800][5875.614s][info][gc,heap     ] GC(205) Humongous regions: 2->2
[2026-09-20T19:32:22.131+0800][5875.614s][info][gc,metaspace] GC(205) Metaspace: 111719K(112640K)->111719K(112640K) NonClass: 98568K(99008K)->98568K(99008K) Class: 13151K(13632K)->13151K(13632K)
[2026-09-20T19:32:22.131+0800][5875.614s][info][gc          ] GC(205) Pause Young (Normal) (G1 Evacuation Pause) 695M->83M(1024M) 1.944ms
[2026-09-20T19:32:22.131+0800][5875.614s][info][gc,cpu      ] GC(205) User=0.00s Sys=0.00s Real=0.00s
[2026-09-20T19:32:44.285+0800][5897.768s][info][gc,start    ] GC(206) Pause Young (Normal) (G1 Evacuation Pause)
[2026-09-20T19:32:44.285+0800][5897.768s][info][gc,task     ] GC(206) Using 13 workers of 13 for evacuation
[2026-09-20T19:32:44.287+0800][5897.770s][info][gc,phases   ] GC(206)   Pre Evacuate Collection Set: 0.11ms
[2026-09-20T19:32:44.287+0800][5897.770s][info][gc,phases   ] GC(206)   Merge Heap Roots: 0.08ms
[2026-09-20T19:32:44.287+0800][5897.770s][info][gc,phases   ] GC(206)   Evacuate Collection Set: 1.11ms
[2026-09-20T19:32:44.287+0800][5897.770s][info][gc,phases   ] GC(206)   Post Evacuate Collection Set: 0.45ms
[2026-09-20T19:32:44.287+0800][5897.770s][info][gc,phases   ] GC(206)   Other: 0.16ms
[2026-09-20T19:32:44.287+0800][5897.770s][info][gc,heap     ] GC(206) Eden regions: 612->0(612)
[2026-09-20T19:32:44.287+0800][5897.770s][info][gc,heap     ] GC(206) Survivor regions: 2->2(77)
[2026-09-20T19:32:44.287+0800][5897.770s][info][gc,heap     ] GC(206) Old regions: 81->81
[2026-09-20T19:32:44.287+0800][5897.770s][info][gc,heap     ] GC(206) Archive regions: 0->0
[2026-09-20T19:32:44.287+0800][5897.770s][info][gc,heap     ] GC(206) Humongous regions: 2->2
[2026-09-20T19:32:44.287+0800][5897.770s][info][gc,metaspace] GC(206) Metaspace: 111719K(112640K)->111719K(112640K) NonClass: 98568K(99008K)->98568K(99008K) Class: 13151K(13632K)->13151K(13632K)
[2026-09-20T19:32:44.287+0800][5897.770s][info][gc          ] GC(206) Pause Young (Normal) (G1 Evacuation Pause) 695M->83M(1024M) 2.068ms
[2026-09-20T19:32:44.287+0800][5897.770s][info][gc,cpu      ] GC(206) User=0.00s Sys=0.00s Real=0.00s
[2026-09-20T19:33:04.465+0800][5917.948s][info][gc,start    ] GC(207) Pause Young (Normal) (G1 Evacuation Pause)
[2026-09-20T19:33:04.465+0800][5917.948s][info][gc,task     ] GC(207) Using 13 workers of 13 for evacuation
[2026-09-20T19:33:04.467+0800][5917.950s][info][gc,phases   ] GC(207)   Pre Evacuate Collection Set: 0.10ms
[2026-09-20T19:33:04.467+0800][5917.950s][info][gc,phases   ] GC(207)   Merge Heap Roots: 0.11ms
[2026-09-20T19:33:04.467+0800][5917.950s][info][gc,phases   ] GC(207)   Evacuate Collection Set: 1.45ms
[2026-09-20T19:33:04.467+0800][5917.950s][info][gc,phases   ] GC(207)   Post Evacuate Collection Set: 0.44ms
[2026-09-20T19:33:04.467+0800][5917.950s][info][gc,phases   ] GC(207)   Other: 0.21ms
[2026-09-20T19:33:04.467+0800][5917.950s][info][gc,heap     ] GC(207) Eden regions: 612->0(612)
[2026-09-20T19:33:04.467+0800][5917.950s][info][gc,heap     ] GC(207) Survivor regions: 2->2(77)
[2026-09-20T19:33:04.467+0800][5917.950s][info][gc,heap     ] GC(207) Old regions: 81->81
[2026-09-20T19:33:04.467+0800][5917.950s][info][gc,heap     ] GC(207) Archive regions: 0->0
[2026-09-20T19:33:04.467+0800][5917.950s][info][gc,heap     ] GC(207) Humongous regions: 2->2
[2026-09-20T19:33:04.467+0800][5917.950s][info][gc,metaspace] GC(207) Metaspace: 111818K(112704K)->111818K(112704K) NonClass: 98665K(99072K)->98665K(99072K) Class: 13153K(13632K)->13153K(13632K)
[2026-09-20T19:33:04.467+0800][5917.951s][info][gc          ] GC(207) Pause Young (Normal) (G1 Evacuation Pause) 695M->84M(1024M) 2.539ms
[2026-09-20T19:33:04.467+0800][5917.951s][info][gc,cpu      ] GC(207) User=0.00s Sys=0.00s Real=0.00s
[2026-09-20T19:33:16.111+0800][5929.594s][info][gc,start    ] GC(208) Pause Young (Normal) (G1 Evacuation Pause)
[2026-09-20T19:33:16.111+0800][5929.594s][info][gc,task     ] GC(208) Using 13 workers of 13 for evacuation
[2026-09-20T19:33:16.113+0800][5929.596s][info][gc,phases   ] GC(208)   Pre Evacuate Collection Set: 0.09ms
[2026-09-20T19:33:16.113+0800][5929.596s][info][gc,phases   ] GC(208)   Merge Heap Roots: 0.08ms
[2026-09-20T19:33:16.113+0800][5929.596s][info][gc,phases   ] GC(208)   Evacuate Collection Set: 1.22ms
[2026-09-20T19:33:16.113+0800][5929.596s][info][gc,phases   ] GC(208)   Post Evacuate Collection Set: 0.38ms
[2026-09-20T19:33:16.113+0800][5929.596s][info][gc,phases   ] GC(208)   Other: 0.14ms
[2026-09-20T19:33:16.113+0800][5929.596s][info][gc,heap     ] GC(208) Eden regions: 612->0(612)
[2026-09-20T19:33:16.113+0800][5929.596s][info][gc,heap     ] GC(208) Survivor regions: 2->2(77)
[2026-09-20T19:33:16.113+0800][5929.596s][info][gc,heap     ] GC(208) Old regions: 81->81
[2026-09-20T19:33:16.113+0800][5929.596s][info][gc,heap     ] GC(208) Archive regions: 0->0
[2026-09-20T19:33:16.113+0800][5929.596s][info][gc,heap     ] GC(208) Humongous regions: 2->2
[2026-09-20T19:33:16.113+0800][5929.596s][info][gc,metaspace] GC(208) Metaspace: 111820K(112704K)->111820K(112704K) NonClass: 98665K(99072K)->98665K(99072K) Class: 13154K(13632K)->13154K(13632K)
[2026-09-20T19:33:16.113+0800][5929.596s][info][gc          ] GC(208) Pause Young (Normal) (G1 Evacuation Pause) 696M->84M(1024M) 2.027ms
[2026-09-20T19:33:16.113+0800][5929.596s][info][gc,cpu      ] GC(208) User=0.00s Sys=0.00s Real=0.00s
[2026-09-20T19:33:27.086+0800][5940.570s][info][gc,start    ] GC(209) Pause Young (Normal) (G1 Evacuation Pause)
[2026-09-20T19:33:27.086+0800][5940.570s][info][gc,task     ] GC(209) Using 13 workers of 13 for evacuation
[2026-09-20T19:33:27.088+0800][5940.572s][info][gc,phases   ] GC(209)   Pre Evacuate Collection Set: 0.08ms
[2026-09-20T19:33:27.088+0800][5940.572s][info][gc,phases   ] GC(209)   Merge Heap Roots: 0.08ms
[2026-09-20T19:33:27.088+0800][5940.572s][info][gc,phases   ] GC(209)   Evacuate Collection Set: 1.39ms
[2026-09-20T19:33:27.088+0800][5940.572s][info][gc,phases   ] GC(209)   Post Evacuate Collection Set: 0.37ms
[2026-09-20T19:33:27.088+0800][5940.572s][info][gc,phases   ] GC(209)   Other: 0.14ms
[2026-09-20T19:33:27.088+0800][5940.572s][info][gc,heap     ] GC(209) Eden regions: 612->0(612)
[2026-09-20T19:33:27.088+0800][5940.572s][info][gc,heap     ] GC(209) Survivor regions: 2->2(77)
[2026-09-20T19:33:27.088+0800][5940.572s][info][gc,heap     ] GC(209) Old regions: 81->81
[2026-09-20T19:33:27.088+0800][5940.572s][info][gc,heap     ] GC(209) Archive regions: 0->0
[2026-09-20T19:33:27.088+0800][5940.572s][info][gc,heap     ] GC(209) Humongous regions: 2->2
[2026-09-20T19:33:27.088+0800][5940.572s][info][gc,metaspace] GC(209) Metaspace: 111820K(112704K)->111820K(112704K) NonClass: 98665K(99072K)->98665K(99072K) Class: 13154K(13632K)->13154K(13632K)
[2026-09-20T19:33:27.088+0800][5940.572s][info][gc          ] GC(209) Pause Young (Normal) (G1 Evacuation Pause) 696M->84M(1024M) 2.174ms
[2026-09-20T19:33:27.088+0800][5940.572s][info][gc,cpu      ] GC(209) User=0.00s Sys=0.02s Real=0.00s
[2026-09-20T19:33:38.701+0800][5952.185s][info][gc,start    ] GC(210) Pause Young (Normal) (G1 Evacuation Pause)
[2026-09-20T19:33:38.701+0800][5952.185s][info][gc,task     ] GC(210) Using 13 workers of 13 for evacuation
[2026-09-20T19:33:38.703+0800][5952.187s][info][gc,phases   ] GC(210)   Pre Evacuate Collection Set: 0.09ms
[2026-09-20T19:33:38.703+0800][5952.187s][info][gc,phases   ] GC(210)   Merge Heap Roots: 0.07ms
[2026-09-20T19:33:38.703+0800][5952.187s][info][gc,phases   ] GC(210)   Evacuate Collection Set: 1.26ms
[2026-09-20T19:33:38.703+0800][5952.187s][info][gc,phases   ] GC(210)   Post Evacuate Collection Set: 0.39ms
[2026-09-20T19:33:38.703+0800][5952.187s][info][gc,phases   ] GC(210)   Other: 0.18ms
[2026-09-20T19:33:38.703+0800][5952.187s][info][gc,heap     ] GC(210) Eden regions: 612->0(612)
[2026-09-20T19:33:38.703+0800][5952.187s][info][gc,heap     ] GC(210) Survivor regions: 2->2(77)
[2026-09-20T19:33:38.703+0800][5952.187s][info][gc,heap     ] GC(210) Old regions: 81->81
[2026-09-20T19:33:38.703+0800][5952.187s][info][gc,heap     ] GC(210) Archive regions: 0->0
[2026-09-20T19:33:38.703+0800][5952.187s][info][gc,heap     ] GC(210) Humongous regions: 2->2
[2026-09-20T19:33:38.703+0800][5952.187s][info][gc,metaspace] GC(210) Metaspace: 111820K(112704K)->111820K(112704K) NonClass: 98665K(99072K)->98665K(99072K) Class: 13154K(13632K)->13154K(13632K)
[2026-09-20T19:33:38.703+0800][5952.187s][info][gc          ] GC(210) Pause Young (Normal) (G1 Evacuation Pause) 696M->84M(1024M) 2.205ms
[2026-09-20T19:33:38.703+0800][5952.187s][info][gc,cpu      ] GC(210) User=0.00s Sys=0.00s Real=0.00s
[2026-09-20T19:33:47.136+0800][5960.620s][info][gc,start    ] GC(211) Pause Young (Normal) (G1 Evacuation Pause)
[2026-09-20T19:33:47.136+0800][5960.620s][info][gc,task     ] GC(211) Using 13 workers of 13 for evacuation
[2026-09-20T19:33:47.138+0800][5960.622s][info][gc,phases   ] GC(211)   Pre Evacuate Collection Set: 0.11ms
[2026-09-20T19:33:47.138+0800][5960.622s][info][gc,phases   ] GC(211)   Merge Heap Roots: 0.16ms
[2026-09-20T19:33:47.138+0800][5960.622s][info][gc,phases   ] GC(211)   Evacuate Collection Set: 1.49ms
[2026-09-20T19:33:47.138+0800][5960.622s][info][gc,phases   ] GC(211)   Post Evacuate Collection Set: 0.45ms
[2026-09-20T19:33:47.139+0800][5960.622s][info][gc,phases   ] GC(211)   Other: 0.17ms
[2026-09-20T19:33:47.139+0800][5960.622s][info][gc,heap     ] GC(211) Eden regions: 612->0(611)
[2026-09-20T19:33:47.139+0800][5960.622s][info][gc,heap     ] GC(211) Survivor regions: 2->3(77)
[2026-09-20T19:33:47.139+0800][5960.622s][info][gc,heap     ] GC(211) Old regions: 81->81
[2026-09-20T19:33:47.139+0800][5960.622s][info][gc,heap     ] GC(211) Archive regions: 0->0
[2026-09-20T19:33:47.139+0800][5960.622s][info][gc,heap     ] GC(211) Humongous regions: 2->2
[2026-09-20T19:33:47.139+0800][5960.622s][info][gc,metaspace] GC(211) Metaspace: 111870K(112832K)->111870K(112832K) NonClass: 98715K(99200K)->98715K(99200K) Class: 13154K(13632K)->13154K(13632K)
[2026-09-20T19:33:47.139+0800][5960.622s][info][gc          ] GC(211) Pause Young (Normal) (G1 Evacuation Pause) 696M->85M(1024M) 2.522ms
[2026-09-20T19:33:47.139+0800][5960.622s][info][gc,cpu      ] GC(211) User=0.00s Sys=0.00s Real=0.00s
[2026-09-20T19:33:51.544+0800][5965.027s][info][gc,start    ] GC(212) Pause Young (Normal) (G1 Evacuation Pause)
[2026-09-20T19:33:51.544+0800][5965.027s][info][gc,task     ] GC(212) Using 13 workers of 13 for evacuation
[2026-09-20T19:33:51.545+0800][5965.029s][info][gc,phases   ] GC(212)   Pre Evacuate Collection Set: 0.11ms
[2026-09-20T19:33:51.545+0800][5965.029s][info][gc,phases   ] GC(212)   Merge Heap Roots: 0.06ms
[2026-09-20T19:33:51.545+0800][5965.029s][info][gc,phases   ] GC(212)   Evacuate Collection Set: 1.50ms
[2026-09-20T19:33:51.545+0800][5965.029s][info][gc,phases   ] GC(212)   Post Evacuate Collection Set: 0.40ms
[2026-09-20T19:33:51.545+0800][5965.029s][info][gc,phases   ] GC(212)   Other: 0.18ms
[2026-09-20T19:33:51.545+0800][5965.029s][info][gc,heap     ] GC(212) Eden regions: 611->0(610)
[2026-09-20T19:33:51.545+0800][5965.029s][info][gc,heap     ] GC(212) Survivor regions: 3->4(77)
[2026-09-20T19:33:51.545+0800][5965.029s][info][gc,heap     ] GC(212) Old regions: 81->81
[2026-09-20T19:33:51.545+0800][5965.029s][info][gc,heap     ] GC(212) Archive regions: 0->0
[2026-09-20T19:33:51.545+0800][5965.029s][info][gc,heap     ] GC(212) Humongous regions: 2->2
[2026-09-20T19:33:51.545+0800][5965.029s][info][gc,metaspace] GC(212) Metaspace: 111870K(112832K)->111870K(112832K) NonClass: 98715K(99200K)->98715K(99200K) Class: 13154K(13632K)->13154K(13632K)
[2026-09-20T19:33:51.546+0800][5965.029s][info][gc          ] GC(212) Pause Young (Normal) (G1 Evacuation Pause) 696M->86M(1024M) 2.396ms
[2026-09-20T19:33:51.546+0800][5965.029s][info][gc,cpu      ] GC(212) User=0.00s Sys=0.00s Real=0.00s
[2026-09-20T19:33:55.778+0800][5969.262s][info][gc,start    ] GC(213) Pause Young (Normal) (G1 Evacuation Pause)
[2026-09-20T19:33:55.778+0800][5969.262s][info][gc,task     ] GC(213) Using 13 workers of 13 for evacuation
[2026-09-20T19:33:55.781+0800][5969.264s][info][gc,phases   ] GC(213)   Pre Evacuate Collection Set: 0.11ms
[2026-09-20T19:33:55.781+0800][5969.264s][info][gc,phases   ] GC(213)   Merge Heap Roots: 0.09ms
[2026-09-20T19:33:55.781+0800][5969.264s][info][gc,phases   ] GC(213)   Evacuate Collection Set: 1.74ms
[2026-09-20T19:33:55.781+0800][5969.264s][info][gc,phases   ] GC(213)   Post Evacuate Collection Set: 0.44ms
[2026-09-20T19:33:55.781+0800][5969.264s][info][gc,phases   ] GC(213)   Other: 0.20ms
[2026-09-20T19:33:55.781+0800][5969.265s][info][gc,heap     ] GC(213) Eden regions: 610->0(610)
[2026-09-20T19:33:55.781+0800][5969.265s][info][gc,heap     ] GC(213) Survivor regions: 4->4(77)
[2026-09-20T19:33:55.781+0800][5969.265s][info][gc,heap     ] GC(213) Old regions: 81->81
[2026-09-20T19:33:55.781+0800][5969.265s][info][gc,heap     ] GC(213) Archive regions: 0->0
[2026-09-20T19:33:55.781+0800][5969.265s][info][gc,heap     ] GC(213) Humongous regions: 2->2
[2026-09-20T19:33:55.781+0800][5969.265s][info][gc,metaspace] GC(213) Metaspace: 111870K(112832K)->111870K(112832K) NonClass: 98715K(99200K)->98715K(99200K) Class: 13154K(13632K)->13154K(13632K)
[2026-09-20T19:33:55.781+0800][5969.265s][info][gc          ] GC(213) Pause Young (Normal) (G1 Evacuation Pause) 696M->86M(1024M) 2.754ms
[2026-09-20T19:33:55.781+0800][5969.265s][info][gc,cpu      ] GC(213) User=0.00s Sys=0.00s Real=0.00s
[2026-09-20T19:34:00.025+0800][5973.509s][info][gc,start    ] GC(214) Pause Young (Normal) (G1 Evacuation Pause)
[2026-09-20T19:34:00.025+0800][5973.509s][info][gc,task     ] GC(214) Using 13 workers of 13 for evacuation
[2026-09-20T19:34:00.028+0800][5973.511s][info][gc,phases   ] GC(214)   Pre Evacuate Collection Set: 0.10ms
[2026-09-20T19:34:00.028+0800][5973.511s][info][gc,phases   ] GC(214)   Merge Heap Roots: 0.10ms
[2026-09-20T19:34:00.028+0800][5973.511s][info][gc,phases   ] GC(214)   Evacuate Collection Set: 1.42ms
[2026-09-20T19:34:00.028+0800][5973.511s][info][gc,phases   ] GC(214)   Post Evacuate Collection Set: 0.37ms
[2026-09-20T19:34:00.028+0800][5973.511s][info][gc,phases   ] GC(214)   Other: 0.15ms
[2026-09-20T19:34:00.028+0800][5973.511s][info][gc,heap     ] GC(214) Eden regions: 610->0(610)
[2026-09-20T19:34:00.028+0800][5973.511s][info][gc,heap     ] GC(214) Survivor regions: 4->4(77)
[2026-09-20T19:34:00.028+0800][5973.511s][info][gc,heap     ] GC(214) Old regions: 81->81
[2026-09-20T19:34:00.028+0800][5973.511s][info][gc,heap     ] GC(214) Archive regions: 0->0
[2026-09-20T19:34:00.028+0800][5973.511s][info][gc,heap     ] GC(214) Humongous regions: 2->2
[2026-09-20T19:34:00.028+0800][5973.511s][info][gc,metaspace] GC(214) Metaspace: 111870K(112832K)->111870K(112832K) NonClass: 98715K(99200K)->98715K(99200K) Class: 13154K(13632K)->13154K(13632K)
[2026-09-20T19:34:00.028+0800][5973.511s][info][gc          ] GC(214) Pause Young (Normal) (G1 Evacuation Pause) 696M->86M(1024M) 2.227ms
[2026-09-20T19:34:00.028+0800][5973.511s][info][gc,cpu      ] GC(214) User=0.00s Sys=0.00s Real=0.00s
[2026-09-20T19:34:04.202+0800][5977.685s][info][gc,start    ] GC(215) Pause Young (Normal) (G1 Evacuation Pause)
[2026-09-20T19:34:04.202+0800][5977.685s][info][gc,task     ] GC(215) Using 13 workers of 13 for evacuation
[2026-09-20T19:34:04.204+0800][5977.687s][info][gc,phases   ] GC(215)   Pre Evacuate Collection Set: 0.13ms
[2026-09-20T19:34:04.204+0800][5977.687s][info][gc,phases   ] GC(215)   Merge Heap Roots: 0.07ms
[2026-09-20T19:34:04.204+0800][5977.687s][info][gc,phases   ] GC(215)   Evacuate Collection Set: 0.99ms
[2026-09-20T19:34:04.204+0800][5977.687s][info][gc,phases   ] GC(215)   Post Evacuate Collection Set: 0.43ms
[2026-09-20T19:34:04.204+0800][5977.687s][info][gc,phases   ] GC(215)   Other: 0.20ms
[2026-09-20T19:34:04.204+0800][5977.687s][info][gc,heap     ] GC(215) Eden regions: 610->0(611)
[2026-09-20T19:34:04.204+0800][5977.687s][info][gc,heap     ] GC(215) Survivor regions: 4->3(77)
[2026-09-20T19:34:04.204+0800][5977.687s][info][gc,heap     ] GC(215) Old regions: 81->82
[2026-09-20T19:34:04.204+0800][5977.687s][info][gc,heap     ] GC(215) Archive regions: 0->0
[2026-09-20T19:34:04.204+0800][5977.687s][info][gc,heap     ] GC(215) Humongous regions: 2->2
[2026-09-20T19:34:04.204+0800][5977.687s][info][gc,metaspace] GC(215) Metaspace: 111870K(112832K)->111870K(112832K) NonClass: 98716K(99200K)->98716K(99200K) Class: 13154K(13632K)->13154K(13632K)
[2026-09-20T19:34:04.204+0800][5977.687s][info][gc          ] GC(215) Pause Young (Normal) (G1 Evacuation Pause) 696M->85M(1024M) 2.051ms
[2026-09-20T19:34:04.204+0800][5977.688s][info][gc,cpu      ] GC(215) User=0.00s Sys=0.00s Real=0.00s
[2026-09-20T19:34:21.789+0800][5995.273s][info][gc,start    ] GC(216) Pause Young (Normal) (G1 Evacuation Pause)
[2026-09-20T19:34:21.789+0800][5995.273s][info][gc,task     ] GC(216) Using 13 workers of 13 for evacuation
[2026-09-20T19:34:21.791+0800][5995.275s][info][gc,phases   ] GC(216)   Pre Evacuate Collection Set: 0.10ms
[2026-09-20T19:34:21.791+0800][5995.275s][info][gc,phases   ] GC(216)   Merge Heap Roots: 0.07ms
[2026-09-20T19:34:21.791+0800][5995.275s][info][gc,phases   ] GC(216)   Evacuate Collection Set: 1.45ms
[2026-09-20T19:34:21.791+0800][5995.275s][info][gc,phases   ] GC(216)   Post Evacuate Collection Set: 0.57ms
[2026-09-20T19:34:21.792+0800][5995.275s][info][gc,phases   ] GC(216)   Other: 0.15ms
[2026-09-20T19:34:21.792+0800][5995.275s][info][gc,heap     ] GC(216) Eden regions: 611->0(611)
[2026-09-20T19:34:21.792+0800][5995.275s][info][gc,heap     ] GC(216) Survivor regions: 3->3(77)
[2026-09-20T19:34:21.792+0800][5995.275s][info][gc,heap     ] GC(216) Old regions: 82->82
[2026-09-20T19:34:21.792+0800][5995.275s][info][gc,heap     ] GC(216) Archive regions: 0->0
[2026-09-20T19:34:21.792+0800][5995.275s][info][gc,heap     ] GC(216) Humongous regions: 2->2
[2026-09-20T19:34:21.792+0800][5995.275s][info][gc,metaspace] GC(216) Metaspace: 111870K(112832K)->111870K(112832K) NonClass: 98716K(99200K)->98716K(99200K) Class: 13154K(13632K)->13154K(13632K)
[2026-09-20T19:34:21.792+0800][5995.275s][info][gc          ] GC(216) Pause Young (Normal) (G1 Evacuation Pause) 696M->85M(1024M) 2.511ms
[2026-09-20T19:34:21.792+0800][5995.275s][info][gc,cpu      ] GC(216) User=0.00s Sys=0.02s Real=0.00s
[2026-09-20T19:34:39.240+0800][6012.724s][info][gc,start    ] GC(217) Pause Young (Normal) (G1 Evacuation Pause)
[2026-09-20T19:34:39.240+0800][6012.724s][info][gc,task     ] GC(217) Using 13 workers of 13 for evacuation
[2026-09-20T19:34:39.242+0800][6012.726s][info][gc,phases   ] GC(217)   Pre Evacuate Collection Set: 0.09ms
[2026-09-20T19:34:39.242+0800][6012.726s][info][gc,phases   ] GC(217)   Merge Heap Roots: 0.09ms
[2026-09-20T19:34:39.242+0800][6012.726s][info][gc,phases   ] GC(217)   Evacuate Collection Set: 1.15ms
[2026-09-20T19:34:39.242+0800][6012.726s][info][gc,phases   ] GC(217)   Post Evacuate Collection Set: 0.40ms
[2026-09-20T19:34:39.242+0800][6012.726s][info][gc,phases   ] GC(217)   Other: 0.17ms
[2026-09-20T19:34:39.242+0800][6012.726s][info][gc,heap     ] GC(217) Eden regions: 611->0(611)
[2026-09-20T19:34:39.242+0800][6012.726s][info][gc,heap     ] GC(217) Survivor regions: 3->3(77)
[2026-09-20T19:34:39.242+0800][6012.726s][info][gc,heap     ] GC(217) Old regions: 82->82
[2026-09-20T19:34:39.242+0800][6012.726s][info][gc,heap     ] GC(217) Archive regions: 0->0
[2026-09-20T19:34:39.242+0800][6012.726s][info][gc,heap     ] GC(217) Humongous regions: 2->2
[2026-09-20T19:34:39.242+0800][6012.726s][info][gc,metaspace] GC(217) Metaspace: 111870K(112832K)->111870K(112832K) NonClass: 98716K(99200K)->98716K(99200K) Class: 13154K(13632K)->13154K(13632K)
[2026-09-20T19:34:39.242+0800][6012.726s][info][gc          ] GC(217) Pause Young (Normal) (G1 Evacuation Pause) 696M->85M(1024M) 2.025ms
[2026-09-20T19:34:39.242+0800][6012.726s][info][gc,cpu      ] GC(217) User=0.00s Sys=0.00s Real=0.00s
[2026-09-20T19:34:54.263+0800][6027.746s][info][gc,start    ] GC(218) Pause Young (Normal) (G1 Evacuation Pause)
[2026-09-20T19:34:54.263+0800][6027.746s][info][gc,task     ] GC(218) Using 13 workers of 13 for evacuation
[2026-09-20T19:34:54.265+0800][6027.748s][info][gc,phases   ] GC(218)   Pre Evacuate Collection Set: 0.14ms
[2026-09-20T19:34:54.265+0800][6027.748s][info][gc,phases   ] GC(218)   Merge Heap Roots: 0.15ms
[2026-09-20T19:34:54.265+0800][6027.748s][info][gc,phases   ] GC(218)   Evacuate Collection Set: 1.32ms
[2026-09-20T19:34:54.265+0800][6027.748s][info][gc,phases   ] GC(218)   Post Evacuate Collection Set: 0.79ms
[2026-09-20T19:34:54.265+0800][6027.748s][info][gc,phases   ] GC(218)   Other: 0.23ms
[2026-09-20T19:34:54.265+0800][6027.748s][info][gc,heap     ] GC(218) Eden regions: 611->0(611)
[2026-09-20T19:34:54.265+0800][6027.748s][info][gc,heap     ] GC(218) Survivor regions: 3->3(77)
[2026-09-20T19:34:54.266+0800][6027.748s][info][gc,heap     ] GC(218) Old regions: 82->82
[2026-09-20T19:34:54.266+0800][6027.748s][info][gc,heap     ] GC(218) Archive regions: 0->0
[2026-09-20T19:34:54.266+0800][6027.749s][info][gc,heap     ] GC(218) Humongous regions: 2->2
[2026-09-20T19:34:54.266+0800][6027.749s][info][gc,metaspace] GC(218) Metaspace: 111888K(112832K)->111888K(112832K) NonClass: 98732K(99200K)->98732K(99200K) Class: 13155K(13632K)->13155K(13632K)
[2026-09-20T19:34:54.266+0800][6027.749s][info][gc          ] GC(218) Pause Young (Normal) (G1 Evacuation Pause) 696M->85M(1024M) 2.796ms
[2026-09-20T19:34:54.266+0800][6027.749s][info][gc,cpu      ] GC(218) User=0.00s Sys=0.00s Real=0.00s
[2026-09-20T19:35:05.094+0800][6038.578s][info][gc,start    ] GC(219) Pause Young (Normal) (G1 Evacuation Pause)
[2026-09-20T19:35:05.094+0800][6038.578s][info][gc,task     ] GC(219) Using 13 workers of 13 for evacuation
[2026-09-20T19:35:05.096+0800][6038.580s][info][gc,phases   ] GC(219)   Pre Evacuate Collection Set: 0.08ms
[2026-09-20T19:35:05.096+0800][6038.580s][info][gc,phases   ] GC(219)   Merge Heap Roots: 0.08ms
[2026-09-20T19:35:05.096+0800][6038.580s][info][gc,phases   ] GC(219)   Evacuate Collection Set: 1.31ms
[2026-09-20T19:35:05.096+0800][6038.580s][info][gc,phases   ] GC(219)   Post Evacuate Collection Set: 0.39ms
[2026-09-20T19:35:05.096+0800][6038.580s][info][gc,phases   ] GC(219)   Other: 0.19ms
[2026-09-20T19:35:05.096+0800][6038.580s][info][gc,heap     ] GC(219) Eden regions: 611->0(611)
[2026-09-20T19:35:05.096+0800][6038.580s][info][gc,heap     ] GC(219) Survivor regions: 3->3(77)
[2026-09-20T19:35:05.096+0800][6038.580s][info][gc,heap     ] GC(219) Old regions: 82->82
[2026-09-20T19:35:05.096+0800][6038.580s][info][gc,heap     ] GC(219) Archive regions: 0->0
[2026-09-20T19:35:05.096+0800][6038.580s][info][gc,heap     ] GC(219) Humongous regions: 2->2
[2026-09-20T19:35:05.096+0800][6038.580s][info][gc,metaspace] GC(219) Metaspace: 111888K(112832K)->111888K(112832K) NonClass: 98732K(99200K)->98732K(99200K) Class: 13155K(13632K)->13155K(13632K)
[2026-09-20T19:35:05.096+0800][6038.580s][info][gc          ] GC(219) Pause Young (Normal) (G1 Evacuation Pause) 696M->85M(1024M) 2.186ms
[2026-09-20T19:35:05.096+0800][6038.580s][info][gc,cpu      ] GC(219) User=0.00s Sys=0.00s Real=0.00s
[2026-09-20T19:35:16.613+0800][6050.096s][info][gc,start    ] GC(220) Pause Young (Normal) (G1 Evacuation Pause)
[2026-09-20T19:35:16.613+0800][6050.096s][info][gc,task     ] GC(220) Using 13 workers of 13 for evacuation
[2026-09-20T19:35:16.616+0800][6050.099s][info][gc,phases   ] GC(220)   Pre Evacuate Collection Set: 0.08ms
[2026-09-20T19:35:16.616+0800][6050.099s][info][gc,phases   ] GC(220)   Merge Heap Roots: 0.09ms
[2026-09-20T19:35:16.616+0800][6050.099s][info][gc,phases   ] GC(220)   Evacuate Collection Set: 1.96ms
[2026-09-20T19:35:16.616+0800][6050.099s][info][gc,phases   ] GC(220)   Post Evacuate Collection Set: 0.44ms
[2026-09-20T19:35:16.616+0800][6050.099s][info][gc,phases   ] GC(220)   Other: 0.16ms
[2026-09-20T19:35:16.616+0800][6050.099s][info][gc,heap     ] GC(220) Eden regions: 611->0(611)
[2026-09-20T19:35:16.616+0800][6050.099s][info][gc,heap     ] GC(220) Survivor regions: 3->3(77)
[2026-09-20T19:35:16.616+0800][6050.099s][info][gc,heap     ] GC(220) Old regions: 82->82
[2026-09-20T19:35:16.616+0800][6050.099s][info][gc,heap     ] GC(220) Archive regions: 0->0
[2026-09-20T19:35:16.616+0800][6050.099s][info][gc,heap     ] GC(220) Humongous regions: 2->2
[2026-09-20T19:35:16.616+0800][6050.099s][info][gc,metaspace] GC(220) Metaspace: 111888K(112832K)->111888K(112832K) NonClass: 98732K(99200K)->98732K(99200K) Class: 13155K(13632K)->13155K(13632K)
[2026-09-20T19:35:16.616+0800][6050.099s][info][gc          ] GC(220) Pause Young (Normal) (G1 Evacuation Pause) 696M->85M(1024M) 2.954ms
[2026-09-20T19:35:16.616+0800][6050.099s][info][gc,cpu      ] GC(220) User=0.00s Sys=0.00s Real=0.00s
[2026-09-20T19:35:28.157+0800][6061.640s][info][gc,start    ] GC(221) Pause Young (Normal) (G1 Evacuation Pause)
[2026-09-20T19:35:28.157+0800][6061.640s][info][gc,task     ] GC(221) Using 13 workers of 13 for evacuation
[2026-09-20T19:35:28.158+0800][6061.642s][info][gc,phases   ] GC(221)   Pre Evacuate Collection Set: 0.11ms
[2026-09-20T19:35:28.158+0800][6061.642s][info][gc,phases   ] GC(221)   Merge Heap Roots: 0.10ms
[2026-09-20T19:35:28.158+0800][6061.642s][info][gc,phases   ] GC(221)   Evacuate Collection Set: 1.36ms
[2026-09-20T19:35:28.158+0800][6061.642s][info][gc,phases   ] GC(221)   Post Evacuate Collection Set: 0.37ms
[2026-09-20T19:35:28.158+0800][6061.642s][info][gc,phases   ] GC(221)   Other: 0.17ms
[2026-09-20T19:35:28.158+0800][6061.642s][info][gc,heap     ] GC(221) Eden regions: 611->0(611)
[2026-09-20T19:35:28.158+0800][6061.642s][info][gc,heap     ] GC(221) Survivor regions: 3->3(77)
[2026-09-20T19:35:28.158+0800][6061.642s][info][gc,heap     ] GC(221) Old regions: 82->82
[2026-09-20T19:35:28.158+0800][6061.642s][info][gc,heap     ] GC(221) Archive regions: 0->0
[2026-09-20T19:35:28.159+0800][6061.642s][info][gc,heap     ] GC(221) Humongous regions: 2->2
[2026-09-20T19:35:28.159+0800][6061.642s][info][gc,metaspace] GC(221) Metaspace: 111888K(112832K)->111888K(112832K) NonClass: 98732K(99200K)->98732K(99200K) Class: 13155K(13632K)->13155K(13632K)
[2026-09-20T19:35:28.159+0800][6061.642s][info][gc          ] GC(221) Pause Young (Normal) (G1 Evacuation Pause) 696M->85M(1024M) 2.222ms
[2026-09-20T19:35:28.159+0800][6061.642s][info][gc,cpu      ] GC(221) User=0.00s Sys=0.00s Real=0.00s
[2026-09-20T19:35:33.866+0800][6067.350s][info][gc,start    ] GC(222) Pause Young (Normal) (G1 Evacuation Pause)
[2026-09-20T19:35:33.866+0800][6067.350s][info][gc,task     ] GC(222) Using 13 workers of 13 for evacuation
[2026-09-20T19:35:33.869+0800][6067.352s][info][gc,phases   ] GC(222)   Pre Evacuate Collection Set: 0.13ms
[2026-09-20T19:35:33.869+0800][6067.352s][info][gc,phases   ] GC(222)   Merge Heap Roots: 0.06ms
[2026-09-20T19:35:33.869+0800][6067.352s][info][gc,phases   ] GC(222)   Evacuate Collection Set: 1.75ms
[2026-09-20T19:35:33.869+0800][6067.352s][info][gc,phases   ] GC(222)   Post Evacuate Collection Set: 0.44ms
[2026-09-20T19:35:33.869+0800][6067.352s][info][gc,phases   ] GC(222)   Other: 0.26ms
[2026-09-20T19:35:33.869+0800][6067.352s][info][gc,heap     ] GC(222) Eden regions: 611->0(610)
[2026-09-20T19:35:33.869+0800][6067.352s][info][gc,heap     ] GC(222) Survivor regions: 3->4(77)
[2026-09-20T19:35:33.869+0800][6067.352s][info][gc,heap     ] GC(222) Old regions: 82->82
[2026-09-20T19:35:33.869+0800][6067.352s][info][gc,heap     ] GC(222) Archive regions: 0->0
[2026-09-20T19:35:33.869+0800][6067.352s][info][gc,heap     ] GC(222) Humongous regions: 2->2
[2026-09-20T19:35:33.869+0800][6067.352s][info][gc,metaspace] GC(222) Metaspace: 111889K(112832K)->111889K(112832K) NonClass: 98733K(99200K)->98733K(99200K) Class: 13155K(13632K)->13155K(13632K)
[2026-09-20T19:35:33.869+0800][6067.352s][info][gc          ] GC(222) Pause Young (Normal) (G1 Evacuation Pause) 696M->86M(1024M) 2.755ms
[2026-09-20T19:35:33.869+0800][6067.353s][info][gc,cpu      ] GC(222) User=0.03s Sys=0.00s Real=0.00s
[2026-09-20T19:35:38.224+0800][6071.708s][info][gc,start    ] GC(223) Pause Young (Normal) (G1 Evacuation Pause)
[2026-09-20T19:35:38.224+0800][6071.708s][info][gc,task     ] GC(223) Using 13 workers of 13 for evacuation
[2026-09-20T19:35:38.226+0800][6071.710s][info][gc,phases   ] GC(223)   Pre Evacuate Collection Set: 0.09ms
[2026-09-20T19:35:38.226+0800][6071.710s][info][gc,phases   ] GC(223)   Merge Heap Roots: 0.08ms
[2026-09-20T19:35:38.226+0800][6071.710s][info][gc,phases   ] GC(223)   Evacuate Collection Set: 1.65ms
[2026-09-20T19:35:38.226+0800][6071.710s][info][gc,phases   ] GC(223)   Post Evacuate Collection Set: 0.41ms
[2026-09-20T19:35:38.226+0800][6071.710s][info][gc,phases   ] GC(223)   Other: 0.16ms
[2026-09-20T19:35:38.227+0800][6071.710s][info][gc,heap     ] GC(223) Eden regions: 610->0(609)
[2026-09-20T19:35:38.227+0800][6071.710s][info][gc,heap     ] GC(223) Survivor regions: 4->5(77)
[2026-09-20T19:35:38.227+0800][6071.710s][info][gc,heap     ] GC(223) Old regions: 82->82
[2026-09-20T19:35:38.227+0800][6071.710s][info][gc,heap     ] GC(223) Archive regions: 0->0
[2026-09-20T19:35:38.227+0800][6071.710s][info][gc,heap     ] GC(223) Humongous regions: 2->2
[2026-09-20T19:35:38.227+0800][6071.710s][info][gc,metaspace] GC(223) Metaspace: 111889K(112832K)->111889K(112832K) NonClass: 98733K(99200K)->98733K(99200K) Class: 13155K(13632K)->13155K(13632K)
[2026-09-20T19:35:38.227+0800][6071.710s][info][gc          ] GC(223) Pause Young (Normal) (G1 Evacuation Pause) 696M->87M(1024M) 2.531ms
[2026-09-20T19:35:38.227+0800][6071.710s][info][gc,cpu      ] GC(223) User=0.00s Sys=0.00s Real=0.00s
[2026-09-20T19:35:42.381+0800][6075.865s][info][gc,start    ] GC(224) Pause Young (Normal) (G1 Evacuation Pause)
[2026-09-20T19:35:42.381+0800][6075.865s][info][gc,task     ] GC(224) Using 13 workers of 13 for evacuation
[2026-09-20T19:35:42.383+0800][6075.866s][info][gc,phases   ] GC(224)   Pre Evacuate Collection Set: 0.11ms
[2026-09-20T19:35:42.383+0800][6075.866s][info][gc,phases   ] GC(224)   Merge Heap Roots: 0.07ms
[2026-09-20T19:35:42.383+0800][6075.866s][info][gc,phases   ] GC(224)   Evacuate Collection Set: 1.24ms
[2026-09-20T19:35:42.383+0800][6075.866s][info][gc,phases   ] GC(224)   Post Evacuate Collection Set: 0.36ms
[2026-09-20T19:35:42.383+0800][6075.866s][info][gc,phases   ] GC(224)   Other: 0.14ms
[2026-09-20T19:35:42.383+0800][6075.866s][info][gc,heap     ] GC(224) Eden regions: 609->0(609)
[2026-09-20T19:35:42.383+0800][6075.866s][info][gc,heap     ] GC(224) Survivor regions: 5->5(77)
[2026-09-20T19:35:42.383+0800][6075.866s][info][gc,heap     ] GC(224) Old regions: 82->82
[2026-09-20T19:35:42.383+0800][6075.867s][info][gc,heap     ] GC(224) Archive regions: 0->0
[2026-09-20T19:35:42.383+0800][6075.867s][info][gc,heap     ] GC(224) Humongous regions: 2->2
[2026-09-20T19:35:42.383+0800][6075.867s][info][gc,metaspace] GC(224) Metaspace: 111889K(112832K)->111889K(112832K) NonClass: 98733K(99200K)->98733K(99200K) Class: 13155K(13632K)->13155K(13632K)
[2026-09-20T19:35:42.383+0800][6075.867s][info][gc          ] GC(224) Pause Young (Normal) (G1 Evacuation Pause) 696M->88M(1024M) 2.026ms
[2026-09-20T19:35:42.383+0800][6075.867s][info][gc,cpu      ] GC(224) User=0.00s Sys=0.00s Real=0.00s
[2026-09-20T19:35:46.640+0800][6080.124s][info][gc,start    ] GC(225) Pause Young (Normal) (G1 Evacuation Pause)
[2026-09-20T19:35:46.640+0800][6080.124s][info][gc,task     ] GC(225) Using 13 workers of 13 for evacuation
[2026-09-20T19:35:46.642+0800][6080.126s][info][gc,phases   ] GC(225)   Pre Evacuate Collection Set: 0.09ms
[2026-09-20T19:35:46.642+0800][6080.126s][info][gc,phases   ] GC(225)   Merge Heap Roots: 0.08ms
[2026-09-20T19:35:46.642+0800][6080.126s][info][gc,phases   ] GC(225)   Evacuate Collection Set: 1.13ms
[2026-09-20T19:35:46.642+0800][6080.126s][info][gc,phases   ] GC(225)   Post Evacuate Collection Set: 0.43ms
[2026-09-20T19:35:46.642+0800][6080.126s][info][gc,phases   ] GC(225)   Other: 0.15ms
[2026-09-20T19:35:46.642+0800][6080.126s][info][gc,heap     ] GC(225) Eden regions: 609->0(609)
[2026-09-20T19:35:46.642+0800][6080.126s][info][gc,heap     ] GC(225) Survivor regions: 5->5(77)
[2026-09-20T19:35:46.642+0800][6080.126s][info][gc,heap     ] GC(225) Old regions: 82->82
[2026-09-20T19:35:46.642+0800][6080.126s][info][gc,heap     ] GC(225) Archive regions: 0->0
[2026-09-20T19:35:46.642+0800][6080.126s][info][gc,heap     ] GC(225) Humongous regions: 2->2
[2026-09-20T19:35:46.642+0800][6080.126s][info][gc,metaspace] GC(225) Metaspace: 111889K(112832K)->111889K(112832K) NonClass: 98733K(99200K)->98733K(99200K) Class: 13155K(13632K)->13155K(13632K)
[2026-09-20T19:35:46.642+0800][6080.126s][info][gc          ] GC(225) Pause Young (Normal) (G1 Evacuation Pause) 697M->88M(1024M) 2.018ms
[2026-09-20T19:35:46.642+0800][6080.126s][info][gc,cpu      ] GC(225) User=0.00s Sys=0.00s Real=0.00s
[2026-09-20T19:35:50.665+0800][6084.149s][info][gc,start    ] GC(226) Pause Young (Normal) (G1 Evacuation Pause)
[2026-09-20T19:35:50.665+0800][6084.149s][info][gc,task     ] GC(226) Using 13 workers of 13 for evacuation
[2026-09-20T19:35:50.666+0800][6084.151s][info][gc,phases   ] GC(226)   Pre Evacuate Collection Set: 0.11ms
[2026-09-20T19:35:50.666+0800][6084.151s][info][gc,phases   ] GC(226)   Merge Heap Roots: 0.08ms
[2026-09-20T19:35:50.666+0800][6084.151s][info][gc,phases   ] GC(226)   Evacuate Collection Set: 1.05ms
[2026-09-20T19:35:50.668+0800][6084.151s][info][gc,phases   ] GC(226)   Post Evacuate Collection Set: 0.40ms
[2026-09-20T19:35:50.668+0800][6084.151s][info][gc,phases   ] GC(226)   Other: 0.17ms
[2026-09-20T19:35:50.668+0800][6084.151s][info][gc,heap     ] GC(226) Eden regions: 609->0(609)
[2026-09-20T19:35:50.668+0800][6084.151s][info][gc,heap     ] GC(226) Survivor regions: 5->5(77)
[2026-09-20T19:35:50.668+0800][6084.151s][info][gc,heap     ] GC(226) Old regions: 82->82
[2026-09-20T19:35:50.668+0800][6084.151s][info][gc,heap     ] GC(226) Archive regions: 0->0
[2026-09-20T19:35:50.668+0800][6084.151s][info][gc,heap     ] GC(226) Humongous regions: 2->2
[2026-09-20T19:35:50.668+0800][6084.151s][info][gc,metaspace] GC(226) Metaspace: 111889K(112832K)->111889K(112832K) NonClass: 98733K(99200K)->98733K(99200K) Class: 13155K(13632K)->13155K(13632K)
[2026-09-20T19:35:50.668+0800][6084.151s][info][gc          ] GC(226) Pause Young (Normal) (G1 Evacuation Pause) 697M->88M(1024M) 1.947ms
[2026-09-20T19:35:50.668+0800][6084.151s][info][gc,cpu      ] GC(226) User=0.00s Sys=0.00s Real=0.00s
[2026-09-20T19:35:54.716+0800][6088.199s][info][gc,start    ] GC(227) Pause Young (Normal) (G1 Evacuation Pause)
[2026-09-20T19:35:54.716+0800][6088.199s][info][gc,task     ] GC(227) Using 13 workers of 13 for evacuation
[2026-09-20T19:35:54.717+0800][6088.201s][info][gc,phases   ] GC(227)   Pre Evacuate Collection Set: 0.14ms
[2026-09-20T19:35:54.717+0800][6088.201s][info][gc,phases   ] GC(227)   Merge Heap Roots: 0.09ms
[2026-09-20T19:35:54.717+0800][6088.201s][info][gc,phases   ] GC(227)   Evacuate Collection Set: 1.06ms
[2026-09-20T19:35:54.717+0800][6088.201s][info][gc,phases   ] GC(227)   Post Evacuate Collection Set: 0.40ms
[2026-09-20T19:35:54.717+0800][6088.201s][info][gc,phases   ] GC(227)   Other: 0.16ms
[2026-09-20T19:35:54.717+0800][6088.201s][info][gc,heap     ] GC(227) Eden regions: 609->0(609)
[2026-09-20T19:35:54.717+0800][6088.201s][info][gc,heap     ] GC(227) Survivor regions: 5->5(77)
[2026-09-20T19:35:54.717+0800][6088.201s][info][gc,heap     ] GC(227) Old regions: 82->82
[2026-09-20T19:35:54.717+0800][6088.201s][info][gc,heap     ] GC(227) Archive regions: 0->0
[2026-09-20T19:35:54.717+0800][6088.201s][info][gc,heap     ] GC(227) Humongous regions: 2->2
[2026-09-20T19:35:54.717+0800][6088.201s][info][gc,metaspace] GC(227) Metaspace: 111889K(112832K)->111889K(112832K) NonClass: 98733K(99200K)->98733K(99200K) Class: 13155K(13632K)->13155K(13632K)
[2026-09-20T19:35:54.717+0800][6088.201s][info][gc          ] GC(227) Pause Young (Normal) (G1 Evacuation Pause) 697M->87M(1024M) 1.965ms
[2026-09-20T19:35:54.717+0800][6088.201s][info][gc,cpu      ] GC(227) User=0.00s Sys=0.00s Real=0.00s
[2026-09-20T19:35:58.727+0800][6092.210s][info][gc,start    ] GC(228) Pause Young (Normal) (G1 Evacuation Pause)
[2026-09-20T19:35:58.727+0800][6092.210s][info][gc,task     ] GC(228) Using 13 workers of 13 for evacuation
[2026-09-20T19:35:58.729+0800][6092.212s][info][gc,phases   ] GC(228)   Pre Evacuate Collection Set: 0.12ms
[2026-09-20T19:35:58.729+0800][6092.212s][info][gc,phases   ] GC(228)   Merge Heap Roots: 0.10ms
[2026-09-20T19:35:58.729+0800][6092.212s][info][gc,phases   ] GC(228)   Evacuate Collection Set: 1.15ms
[2026-09-20T19:35:58.729+0800][6092.212s][info][gc,phases   ] GC(228)   Post Evacuate Collection Set: 0.46ms
[2026-09-20T19:35:58.729+0800][6092.212s][info][gc,phases   ] GC(228)   Other: 0.18ms
[2026-09-20T19:35:58.729+0800][6092.212s][info][gc,heap     ] GC(228) Eden regions: 609->0(609)
[2026-09-20T19:35:58.729+0800][6092.212s][info][gc,heap     ] GC(228) Survivor regions: 5->5(77)
[2026-09-20T19:35:58.729+0800][6092.212s][info][gc,heap     ] GC(228) Old regions: 82->82
[2026-09-20T19:35:58.729+0800][6092.212s][info][gc,heap     ] GC(228) Archive regions: 0->0
[2026-09-20T19:35:58.729+0800][6092.212s][info][gc,heap     ] GC(228) Humongous regions: 2->2
[2026-09-20T19:35:58.729+0800][6092.213s][info][gc,metaspace] GC(228) Metaspace: 111889K(112832K)->111889K(112832K) NonClass: 98733K(99200K)->98733K(99200K) Class: 13155K(13632K)->13155K(13632K)
[2026-09-20T19:35:58.729+0800][6092.213s][info][gc          ] GC(228) Pause Young (Normal) (G1 Evacuation Pause) 696M->88M(1024M) 2.166ms
[2026-09-20T19:35:58.729+0800][6092.213s][info][gc,cpu      ] GC(228) User=0.02s Sys=0.00s Real=0.00s
[2026-09-20T19:36:13.542+0800][6107.025s][info][gc,start    ] GC(229) Pause Young (Normal) (G1 Evacuation Pause)
[2026-09-20T19:36:13.542+0800][6107.025s][info][gc,task     ] GC(229) Using 13 workers of 13 for evacuation
[2026-09-20T19:36:13.544+0800][6107.027s][info][gc,phases   ] GC(229)   Pre Evacuate Collection Set: 0.08ms
[2026-09-20T19:36:13.544+0800][6107.027s][info][gc,phases   ] GC(229)   Merge Heap Roots: 0.08ms
[2026-09-20T19:36:13.544+0800][6107.027s][info][gc,phases   ] GC(229)   Evacuate Collection Set: 1.48ms
[2026-09-20T19:36:13.544+0800][6107.027s][info][gc,phases   ] GC(229)   Post Evacuate Collection Set: 0.42ms
[2026-09-20T19:36:13.544+0800][6107.027s][info][gc,phases   ] GC(229)   Other: 0.15ms
[2026-09-20T19:36:13.544+0800][6107.027s][info][gc,heap     ] GC(229) Eden regions: 609->0(611)
[2026-09-20T19:36:13.544+0800][6107.027s][info][gc,heap     ] GC(229) Survivor regions: 5->3(77)
[2026-09-20T19:36:13.544+0800][6107.027s][info][gc,heap     ] GC(229) Old regions: 82->82
[2026-09-20T19:36:13.544+0800][6107.027s][info][gc,heap     ] GC(229) Archive regions: 0->0
[2026-09-20T19:36:13.544+0800][6107.027s][info][gc,heap     ] GC(229) Humongous regions: 2->2
[2026-09-20T19:36:13.544+0800][6107.027s][info][gc,metaspace] GC(229) Metaspace: 111890K(112832K)->111890K(112832K) NonClass: 98734K(99200K)->98734K(99200K) Class: 13155K(13632K)->13155K(13632K)
[2026-09-20T19:36:13.544+0800][6107.027s][info][gc          ] GC(229) Pause Young (Normal) (G1 Evacuation Pause) 697M->86M(1024M) 2.402ms
[2026-09-20T19:36:13.544+0800][6107.027s][info][gc,cpu      ] GC(229) User=0.00s Sys=0.00s Real=0.00s
[2026-09-20T19:36:31.598+0800][6125.081s][info][gc,start    ] GC(230) Pause Young (Normal) (G1 Evacuation Pause)
[2026-09-20T19:36:31.598+0800][6125.082s][info][gc,task     ] GC(230) Using 13 workers of 13 for evacuation
[2026-09-20T19:36:31.600+0800][6125.083s][info][gc,phases   ] GC(230)   Pre Evacuate Collection Set: 0.07ms
[2026-09-20T19:36:31.600+0800][6125.084s][info][gc,phases   ] GC(230)   Merge Heap Roots: 0.06ms
[2026-09-20T19:36:31.600+0800][6125.084s][info][gc,phases   ] GC(230)   Evacuate Collection Set: 1.27ms
[2026-09-20T19:36:31.600+0800][6125.084s][info][gc,phases   ] GC(230)   Post Evacuate Collection Set: 0.46ms
[2026-09-20T19:36:31.600+0800][6125.084s][info][gc,phases   ] GC(230)   Other: 0.18ms
[2026-09-20T19:36:31.600+0800][6125.084s][info][gc,heap     ] GC(230) Eden regions: 611->0(611)
[2026-09-20T19:36:31.600+0800][6125.084s][info][gc,heap     ] GC(230) Survivor regions: 3->3(77)
[2026-09-20T19:36:31.600+0800][6125.084s][info][gc,heap     ] GC(230) Old regions: 82->82
[2026-09-20T19:36:31.600+0800][6125.084s][info][gc,heap     ] GC(230) Archive regions: 0->0
[2026-09-20T19:36:31.600+0800][6125.084s][info][gc,heap     ] GC(230) Humongous regions: 2->2
[2026-09-20T19:36:31.600+0800][6125.084s][info][gc,metaspace] GC(230) Metaspace: 111894K(112832K)->111894K(112832K) NonClass: 98738K(99200K)->98738K(99200K) Class: 13155K(13632K)->13155K(13632K)
[2026-09-20T19:36:31.600+0800][6125.084s][info][gc          ] GC(230) Pause Young (Normal) (G1 Evacuation Pause) 697M->86M(1024M) 2.193ms
[2026-09-20T19:36:31.600+0800][6125.084s][info][gc,cpu      ] GC(230) User=0.00s Sys=0.00s Real=0.00s
[2026-09-20T19:36:49.221+0800][6142.705s][info][gc,start    ] GC(231) Pause Young (Normal) (G1 Evacuation Pause)
[2026-09-20T19:36:49.221+0800][6142.705s][info][gc,task     ] GC(231) Using 13 workers of 13 for evacuation
[2026-09-20T19:36:49.223+0800][6142.707s][info][gc,phases   ] GC(231)   Pre Evacuate Collection Set: 0.11ms
[2026-09-20T19:36:49.223+0800][6142.707s][info][gc,phases   ] GC(231)   Merge Heap Roots: 0.08ms
[2026-09-20T19:36:49.223+0800][6142.707s][info][gc,phases   ] GC(231)   Evacuate Collection Set: 1.14ms
[2026-09-20T19:36:49.223+0800][6142.707s][info][gc,phases   ] GC(231)   Post Evacuate Collection Set: 0.58ms
[2026-09-20T19:36:49.223+0800][6142.707s][info][gc,phases   ] GC(231)   Other: 0.21ms
[2026-09-20T19:36:49.223+0800][6142.707s][info][gc,heap     ] GC(231) Eden regions: 611->0(611)
[2026-09-20T19:36:49.223+0800][6142.707s][info][gc,heap     ] GC(231) Survivor regions: 3->3(77)
[2026-09-20T19:36:49.223+0800][6142.707s][info][gc,heap     ] GC(231) Old regions: 82->83
[2026-09-20T19:36:49.223+0800][6142.707s][info][gc,heap     ] GC(231) Archive regions: 0->0
[2026-09-20T19:36:49.223+0800][6142.707s][info][gc,heap     ] GC(231) Humongous regions: 2->2
[2026-09-20T19:36:49.223+0800][6142.707s][info][gc,metaspace] GC(231) Metaspace: 111894K(112832K)->111894K(112832K) NonClass: 98738K(99200K)->98738K(99200K) Class: 13155K(13632K)->13155K(13632K)
[2026-09-20T19:36:49.223+0800][6142.707s][info][gc          ] GC(231) Pause Young (Normal) (G1 Evacuation Pause) 697M->86M(1024M) 2.262ms
[2026-09-20T19:36:49.223+0800][6142.707s][info][gc,cpu      ] GC(231) User=0.00s Sys=0.00s Real=0.00s
[2026-09-20T19:37:05.003+0800][6158.486s][info][gc,start    ] GC(232) Pause Young (Normal) (G1 Evacuation Pause)
[2026-09-20T19:37:05.003+0800][6158.486s][info][gc,task     ] GC(232) Using 13 workers of 13 for evacuation
[2026-09-20T19:37:05.005+0800][6158.489s][info][gc,phases   ] GC(232)   Pre Evacuate Collection Set: 0.10ms
[2026-09-20T19:37:05.005+0800][6158.489s][info][gc,phases   ] GC(232)   Merge Heap Roots: 0.07ms
[2026-09-20T19:37:05.005+0800][6158.489s][info][gc,phases   ] GC(232)   Evacuate Collection Set: 1.38ms
[2026-09-20T19:37:05.005+0800][6158.489s][info][gc,phases   ] GC(232)   Post Evacuate Collection Set: 0.41ms
[2026-09-20T19:37:05.005+0800][6158.489s][info][gc,phases   ] GC(232)   Other: 0.18ms
[2026-09-20T19:37:05.005+0800][6158.489s][info][gc,heap     ] GC(232) Eden regions: 611->0(611)
[2026-09-20T19:37:05.005+0800][6158.489s][info][gc,heap     ] GC(232) Survivor regions: 3->3(77)
[2026-09-20T19:37:05.005+0800][6158.489s][info][gc,heap     ] GC(232) Old regions: 83->83
[2026-09-20T19:37:05.005+0800][6158.489s][info][gc,heap     ] GC(232) Archive regions: 0->0
[2026-09-20T19:37:05.005+0800][6158.489s][info][gc,heap     ] GC(232) Humongous regions: 2->2
[2026-09-20T19:37:05.005+0800][6158.489s][info][gc,metaspace] GC(232) Metaspace: 111894K(112832K)->111894K(112832K) NonClass: 98738K(99200K)->98738K(99200K) Class: 13155K(13632K)->13155K(13632K)
[2026-09-20T19:37:05.005+0800][6158.489s][info][gc          ] GC(232) Pause Young (Normal) (G1 Evacuation Pause) 697M->86M(1024M) 2.271ms
[2026-09-20T19:37:05.005+0800][6158.489s][info][gc,cpu      ] GC(232) User=0.00s Sys=0.00s Real=0.00s
[2026-09-20T19:37:09.426+0800][6162.910s][info][gc,start    ] GC(233) Pause Young (Normal) (G1 Evacuation Pause)
[2026-09-20T19:37:09.426+0800][6162.910s][info][gc,task     ] GC(233) Using 13 workers of 13 for evacuation
[2026-09-20T19:37:09.428+0800][6162.912s][info][gc,phases   ] GC(233)   Pre Evacuate Collection Set: 0.09ms
[2026-09-20T19:37:09.428+0800][6162.912s][info][gc,phases   ] GC(233)   Merge Heap Roots: 0.07ms
[2026-09-20T19:37:09.428+0800][6162.912s][info][gc,phases   ] GC(233)   Evacuate Collection Set: 1.32ms
[2026-09-20T19:37:09.428+0800][6162.912s][info][gc,phases   ] GC(233)   Post Evacuate Collection Set: 0.39ms
[2026-09-20T19:37:09.428+0800][6162.912s][info][gc,phases   ] GC(233)   Other: 0.15ms
[2026-09-20T19:37:09.428+0800][6162.912s][info][gc,heap     ] GC(233) Eden regions: 611->0(610)
[2026-09-20T19:37:09.428+0800][6162.912s][info][gc,heap     ] GC(233) Survivor regions: 3->4(77)
[2026-09-20T19:37:09.428+0800][6162.912s][info][gc,heap     ] GC(233) Old regions: 83->83
[2026-09-20T19:37:09.428+0800][6162.912s][info][gc,heap     ] GC(233) Archive regions: 0->0
[2026-09-20T19:37:09.428+0800][6162.912s][info][gc,heap     ] GC(233) Humongous regions: 2->2
[2026-09-20T19:37:09.428+0800][6162.912s][info][gc,metaspace] GC(233) Metaspace: 111896K(112832K)->111896K(112832K) NonClass: 98741K(99200K)->98741K(99200K) Class: 13155K(13632K)->13155K(13632K)
[2026-09-20T19:37:09.428+0800][6162.912s][info][gc          ] GC(233) Pause Young (Normal) (G1 Evacuation Pause) 697M->88M(1024M) 2.198ms
[2026-09-20T19:37:09.428+0800][6162.912s][info][gc,cpu      ] GC(233) User=0.00s Sys=0.00s Real=0.00s
[2026-09-20T19:37:13.727+0800][6167.210s][info][gc,start    ] GC(234) Pause Young (Normal) (G1 Evacuation Pause)
[2026-09-20T19:37:13.727+0800][6167.210s][info][gc,task     ] GC(234) Using 13 workers of 13 for evacuation
[2026-09-20T19:37:13.729+0800][6167.212s][info][gc,phases   ] GC(234)   Pre Evacuate Collection Set: 0.13ms
[2026-09-20T19:37:13.729+0800][6167.212s][info][gc,phases   ] GC(234)   Merge Heap Roots: 0.08ms
[2026-09-20T19:37:13.729+0800][6167.212s][info][gc,phases   ] GC(234)   Evacuate Collection Set: 1.17ms
[2026-09-20T19:37:13.729+0800][6167.212s][info][gc,phases   ] GC(234)   Post Evacuate Collection Set: 0.43ms
[2026-09-20T19:37:13.729+0800][6167.212s][info][gc,phases   ] GC(234)   Other: 0.17ms
[2026-09-20T19:37:13.729+0800][6167.212s][info][gc,heap     ] GC(234) Eden regions: 610->0(609)
[2026-09-20T19:37:13.729+0800][6167.212s][info][gc,heap     ] GC(234) Survivor regions: 4->5(77)
[2026-09-20T19:37:13.729+0800][6167.212s][info][gc,heap     ] GC(234) Old regions: 83->83
[2026-09-20T19:37:13.729+0800][6167.212s][info][gc,heap     ] GC(234) Archive regions: 0->0
[2026-09-20T19:37:13.729+0800][6167.212s][info][gc,heap     ] GC(234) Humongous regions: 2->2
[2026-09-20T19:37:13.729+0800][6167.212s][info][gc,metaspace] GC(234) Metaspace: 111896K(112832K)->111896K(112832K) NonClass: 98741K(99200K)->98741K(99200K) Class: 13155K(13632K)->13155K(13632K)
[2026-09-20T19:37:13.729+0800][6167.212s][info][gc          ] GC(234) Pause Young (Normal) (G1 Evacuation Pause) 698M->89M(1024M) 2.142ms
[2026-09-20T19:37:13.729+0800][6167.212s][info][gc,cpu      ] GC(234) User=0.16s Sys=0.02s Real=0.00s
[2026-09-20T19:37:18.047+0800][6171.530s][info][gc,start    ] GC(235) Pause Young (Normal) (G1 Evacuation Pause)
[2026-09-20T19:37:18.047+0800][6171.530s][info][gc,task     ] GC(235) Using 13 workers of 13 for evacuation
[2026-09-20T19:37:18.048+0800][6171.532s][info][gc,phases   ] GC(235)   Pre Evacuate Collection Set: 0.15ms
[2026-09-20T19:37:18.048+0800][6171.532s][info][gc,phases   ] GC(235)   Merge Heap Roots: 0.08ms
[2026-09-20T19:37:18.048+0800][6171.532s][info][gc,phases   ] GC(235)   Evacuate Collection Set: 1.27ms
[2026-09-20T19:37:18.048+0800][6171.532s][info][gc,phases   ] GC(235)   Post Evacuate Collection Set: 0.50ms
[2026-09-20T19:37:18.049+0800][6171.532s][info][gc,phases   ] GC(235)   Other: 0.20ms
[2026-09-20T19:37:18.049+0800][6171.532s][info][gc,heap     ] GC(235) Eden regions: 609->0(609)
[2026-09-20T19:37:18.049+0800][6171.532s][info][gc,heap     ] GC(235) Survivor regions: 5->5(77)
[2026-09-20T19:37:18.049+0800][6171.532s][info][gc,heap     ] GC(235) Old regions: 83->83
[2026-09-20T19:37:18.049+0800][6171.532s][info][gc,heap     ] GC(235) Archive regions: 0->0
[2026-09-20T19:37:18.049+0800][6171.532s][info][gc,heap     ] GC(235) Humongous regions: 2->2
[2026-09-20T19:37:18.049+0800][6171.532s][info][gc,metaspace] GC(235) Metaspace: 111896K(112832K)->111896K(112832K) NonClass: 98741K(99200K)->98741K(99200K) Class: 13155K(13632K)->13155K(13632K)
[2026-09-20T19:37:18.049+0800][6171.532s][info][gc          ] GC(235) Pause Young (Normal) (G1 Evacuation Pause) 698M->89M(1024M) 2.362ms
[2026-09-20T19:37:18.049+0800][6171.532s][info][gc,cpu      ] GC(235) User=0.00s Sys=0.00s Real=0.00s
[2026-09-20T19:37:22.440+0800][6175.924s][info][gc,start    ] GC(236) Pause Young (Normal) (G1 Evacuation Pause)
[2026-09-20T19:37:22.440+0800][6175.924s][info][gc,task     ] GC(236) Using 13 workers of 13 for evacuation
[2026-09-20T19:37:22.442+0800][6175.926s][info][gc,phases   ] GC(236)   Pre Evacuate Collection Set: 0.11ms
[2026-09-20T19:37:22.443+0800][6175.926s][info][gc,phases   ] GC(236)   Merge Heap Roots: 0.07ms
[2026-09-20T19:37:22.443+0800][6175.926s][info][gc,phases   ] GC(236)   Evacuate Collection Set: 1.48ms
[2026-09-20T19:37:22.443+0800][6175.926s][info][gc,phases   ] GC(236)   Post Evacuate Collection Set: 0.49ms
[2026-09-20T19:37:22.443+0800][6175.926s][info][gc,phases   ] GC(236)   Other: 0.17ms
[2026-09-20T19:37:22.443+0800][6175.926s][info][gc,heap     ] GC(236) Eden regions: 609->0(607)
[2026-09-20T19:37:22.443+0800][6175.926s][info][gc,heap     ] GC(236) Survivor regions: 5->7(77)
[2026-09-20T19:37:22.443+0800][6175.926s][info][gc,heap     ] GC(236) Old regions: 83->83
[2026-09-20T19:37:22.443+0800][6175.926s][info][gc,heap     ] GC(236) Archive regions: 0->0
[2026-09-20T19:37:22.443+0800][6175.926s][info][gc,heap     ] GC(236) Humongous regions: 2->2
[2026-09-20T19:37:22.443+0800][6175.927s][info][gc,metaspace] GC(236) Metaspace: 111937K(112832K)->111937K(112832K) NonClass: 98779K(99200K)->98779K(99200K) Class: 13157K(13632K)->13157K(13632K)
[2026-09-20T19:37:22.443+0800][6175.927s][info][gc          ] GC(236) Pause Young (Normal) (G1 Evacuation Pause) 698M->90M(1024M) 2.483ms
[2026-09-20T19:37:22.443+0800][6175.927s][info][gc,cpu      ] GC(236) User=0.00s Sys=0.00s Real=0.00s
[2026-09-20T19:37:26.455+0800][6179.938s][info][gc,start    ] GC(237) Pause Young (Normal) (G1 Evacuation Pause)
[2026-09-20T19:37:26.455+0800][6179.938s][info][gc,task     ] GC(237) Using 13 workers of 13 for evacuation
[2026-09-20T19:37:26.457+0800][6179.940s][info][gc,phases   ] GC(237)   Pre Evacuate Collection Set: 0.09ms
[2026-09-20T19:37:26.457+0800][6179.940s][info][gc,phases   ] GC(237)   Merge Heap Roots: 0.08ms
[2026-09-20T19:37:26.457+0800][6179.940s][info][gc,phases   ] GC(237)   Evacuate Collection Set: 1.05ms
[2026-09-20T19:37:26.457+0800][6179.941s][info][gc,phases   ] GC(237)   Post Evacuate Collection Set: 0.93ms
[2026-09-20T19:37:26.457+0800][6179.941s][info][gc,phases   ] GC(237)   Other: 0.16ms
[2026-09-20T19:37:26.457+0800][6179.941s][info][gc,heap     ] GC(237) Eden regions: 607->0(608)
[2026-09-20T19:37:26.457+0800][6179.941s][info][gc,heap     ] GC(237) Survivor regions: 7->6(77)
[2026-09-20T19:37:26.457+0800][6179.941s][info][gc,heap     ] GC(237) Old regions: 83->84
[2026-09-20T19:37:26.457+0800][6179.941s][info][gc,heap     ] GC(237) Archive regions: 0->0
[2026-09-20T19:37:26.457+0800][6179.941s][info][gc,heap     ] GC(237) Humongous regions: 2->2
[2026-09-20T19:37:26.457+0800][6179.941s][info][gc,metaspace] GC(237) Metaspace: 112012K(112960K)->112012K(112960K) NonClass: 98850K(99328K)->98850K(99328K) Class: 13161K(13632K)->13161K(13632K)
[2026-09-20T19:37:26.457+0800][6179.941s][info][gc          ] GC(237) Pause Young (Normal) (G1 Evacuation Pause) 697M->90M(1024M) 2.496ms
[2026-09-20T19:37:26.457+0800][6179.941s][info][gc,cpu      ] GC(237) User=0.00s Sys=0.00s Real=0.00s
[2026-09-20T19:37:30.468+0800][6183.952s][info][gc,start    ] GC(238) Pause Young (Normal) (G1 Evacuation Pause)
[2026-09-20T19:37:30.468+0800][6183.952s][info][gc,task     ] GC(238) Using 13 workers of 13 for evacuation
[2026-09-20T19:37:30.470+0800][6183.953s][info][gc,phases   ] GC(238)   Pre Evacuate Collection Set: 0.08ms
[2026-09-20T19:37:30.470+0800][6183.953s][info][gc,phases   ] GC(238)   Merge Heap Roots: 0.08ms
[2026-09-20T19:37:30.470+0800][6183.953s][info][gc,phases   ] GC(238)   Evacuate Collection Set: 0.99ms
[2026-09-20T19:37:30.470+0800][6183.953s][info][gc,phases   ] GC(238)   Post Evacuate Collection Set: 0.41ms
[2026-09-20T19:37:30.470+0800][6183.953s][info][gc,phases   ] GC(238)   Other: 0.16ms
[2026-09-20T19:37:30.470+0800][6183.953s][info][gc,heap     ] GC(238) Eden regions: 608->0(610)
[2026-09-20T19:37:30.470+0800][6183.953s][info][gc,heap     ] GC(238) Survivor regions: 6->4(77)
[2026-09-20T19:37:30.470+0800][6183.953s][info][gc,heap     ] GC(238) Old regions: 84->84
[2026-09-20T19:37:30.470+0800][6183.953s][info][gc,heap     ] GC(238) Archive regions: 0->0
[2026-09-20T19:37:30.470+0800][6183.953s][info][gc,heap     ] GC(238) Humongous regions: 2->2
[2026-09-20T19:37:30.470+0800][6183.953s][info][gc,metaspace] GC(238) Metaspace: 112012K(112960K)->112012K(112960K) NonClass: 98851K(99328K)->98851K(99328K) Class: 13161K(13632K)->13161K(13632K)
[2026-09-20T19:37:30.470+0800][6183.953s][info][gc          ] GC(238) Pause Young (Normal) (G1 Evacuation Pause) 698M->89M(1024M) 1.836ms
[2026-09-20T19:37:30.470+0800][6183.953s][info][gc,cpu      ] GC(238) User=0.00s Sys=0.00s Real=0.00s
[2026-09-20T19:37:34.481+0800][6187.964s][info][gc,start    ] GC(239) Pause Young (Normal) (G1 Evacuation Pause)
[2026-09-20T19:37:34.481+0800][6187.965s][info][gc,task     ] GC(239) Using 13 workers of 13 for evacuation
[2026-09-20T19:37:34.482+0800][6187.966s][info][gc,phases   ] GC(239)   Pre Evacuate Collection Set: 0.08ms
[2026-09-20T19:37:34.482+0800][6187.966s][info][gc,phases   ] GC(239)   Merge Heap Roots: 0.09ms
[2026-09-20T19:37:34.482+0800][6187.966s][info][gc,phases   ] GC(239)   Evacuate Collection Set: 1.01ms
[2026-09-20T19:37:34.482+0800][6187.966s][info][gc,phases   ] GC(239)   Post Evacuate Collection Set: 0.40ms
[2026-09-20T19:37:34.482+0800][6187.966s][info][gc,phases   ] GC(239)   Other: 0.15ms
[2026-09-20T19:37:34.482+0800][6187.966s][info][gc,heap     ] GC(239) Eden regions: 610->0(610)
[2026-09-20T19:37:34.482+0800][6187.966s][info][gc,heap     ] GC(239) Survivor regions: 4->4(77)
[2026-09-20T19:37:34.482+0800][6187.966s][info][gc,heap     ] GC(239) Old regions: 84->84
[2026-09-20T19:37:34.482+0800][6187.966s][info][gc,heap     ] GC(239) Archive regions: 0->0
[2026-09-20T19:37:34.482+0800][6187.966s][info][gc,heap     ] GC(239) Humongous regions: 2->2
[2026-09-20T19:37:34.482+0800][6187.966s][info][gc,metaspace] GC(239) Metaspace: 112012K(112960K)->112012K(112960K) NonClass: 98851K(99328K)->98851K(99328K) Class: 13161K(13632K)->13161K(13632K)
[2026-09-20T19:37:34.482+0800][6187.966s][info][gc          ] GC(239) Pause Young (Normal) (G1 Evacuation Pause) 699M->89M(1024M) 1.819ms
[2026-09-20T19:37:34.482+0800][6187.966s][info][gc,cpu      ] GC(239) User=0.00s Sys=0.00s Real=0.00s
[2026-09-20T19:37:38.440+0800][6191.924s][info][gc,start    ] GC(240) Pause Young (Normal) (G1 Evacuation Pause)
[2026-09-20T19:37:38.440+0800][6191.924s][info][gc,task     ] GC(240) Using 13 workers of 13 for evacuation
[2026-09-20T19:37:38.442+0800][6191.926s][info][gc,phases   ] GC(240)   Pre Evacuate Collection Set: 0.08ms
[2026-09-20T19:37:38.442+0800][6191.926s][info][gc,phases   ] GC(240)   Merge Heap Roots: 0.08ms
[2026-09-20T19:37:38.442+0800][6191.926s][info][gc,phases   ] GC(240)   Evacuate Collection Set: 0.99ms
[2026-09-20T19:37:38.442+0800][6191.926s][info][gc,phases   ] GC(240)   Post Evacuate Collection Set: 0.40ms
[2026-09-20T19:37:38.442+0800][6191.926s][info][gc,phases   ] GC(240)   Other: 0.15ms
[2026-09-20T19:37:38.442+0800][6191.926s][info][gc,heap     ] GC(240) Eden regions: 610->0(610)
[2026-09-20T19:37:38.442+0800][6191.926s][info][gc,heap     ] GC(240) Survivor regions: 4->4(77)
[2026-09-20T19:37:38.442+0800][6191.926s][info][gc,heap     ] GC(240) Old regions: 84->84
[2026-09-20T19:37:38.442+0800][6191.926s][info][gc,heap     ] GC(240) Archive regions: 0->0
[2026-09-20T19:37:38.442+0800][6191.926s][info][gc,heap     ] GC(240) Humongous regions: 2->2
[2026-09-20T19:37:38.442+0800][6191.926s][info][gc,metaspace] GC(240) Metaspace: 112012K(112960K)->112012K(112960K) NonClass: 98851K(99328K)->98851K(99328K) Class: 13161K(13632K)->13161K(13632K)
[2026-09-20T19:37:38.442+0800][6191.926s][info][gc          ] GC(240) Pause Young (Normal) (G1 Evacuation Pause) 699M->89M(1024M) 1.847ms
[2026-09-20T19:37:38.442+0800][6191.926s][info][gc,cpu      ] GC(240) User=0.00s Sys=0.00s Real=0.00s
[2026-09-20T19:37:42.464+0800][6195.947s][info][gc,start    ] GC(241) Pause Young (Normal) (G1 Evacuation Pause)
[2026-09-20T19:37:42.464+0800][6195.947s][info][gc,task     ] GC(241) Using 13 workers of 13 for evacuation
[2026-09-20T19:37:42.466+0800][6195.949s][info][gc,phases   ] GC(241)   Pre Evacuate Collection Set: 0.09ms
[2026-09-20T19:37:42.466+0800][6195.949s][info][gc,phases   ] GC(241)   Merge Heap Roots: 0.08ms
[2026-09-20T19:37:42.466+0800][6195.949s][info][gc,phases   ] GC(241)   Evacuate Collection Set: 1.04ms
[2026-09-20T19:37:42.466+0800][6195.949s][info][gc,phases   ] GC(241)   Post Evacuate Collection Set: 0.43ms
[2026-09-20T19:37:42.466+0800][6195.949s][info][gc,phases   ] GC(241)   Other: 0.16ms
[2026-09-20T19:37:42.466+0800][6195.949s][info][gc,heap     ] GC(241) Eden regions: 610->0(610)
[2026-09-20T19:37:42.466+0800][6195.949s][info][gc,heap     ] GC(241) Survivor regions: 4->4(77)
[2026-09-20T19:37:42.466+0800][6195.949s][info][gc,heap     ] GC(241) Old regions: 84->84
[2026-09-20T19:37:42.466+0800][6195.949s][info][gc,heap     ] GC(241) Archive regions: 0->0
[2026-09-20T19:37:42.466+0800][6195.949s][info][gc,heap     ] GC(241) Humongous regions: 2->2
[2026-09-20T19:37:42.466+0800][6195.949s][info][gc,metaspace] GC(241) Metaspace: 112012K(112960K)->112012K(112960K) NonClass: 98851K(99328K)->98851K(99328K) Class: 13161K(13632K)->13161K(13632K)
[2026-09-20T19:37:42.466+0800][6195.949s][info][gc          ] GC(241) Pause Young (Normal) (G1 Evacuation Pause) 699M->89M(1024M) 1.966ms
[2026-09-20T19:37:42.466+0800][6195.949s][info][gc,cpu      ] GC(241) User=0.00s Sys=0.00s Real=0.00s
[2026-09-20T19:37:56.582+0800][6210.065s][info][gc,start    ] GC(242) Pause Young (Normal) (G1 Evacuation Pause)
[2026-09-20T19:37:56.582+0800][6210.065s][info][gc,task     ] GC(242) Using 13 workers of 13 for evacuation
[2026-09-20T19:37:56.584+0800][6210.067s][info][gc,phases   ] GC(242)   Pre Evacuate Collection Set: 0.08ms
[2026-09-20T19:37:56.584+0800][6210.067s][info][gc,phases   ] GC(242)   Merge Heap Roots: 0.08ms
[2026-09-20T19:37:56.584+0800][6210.067s][info][gc,phases   ] GC(242)   Evacuate Collection Set: 1.28ms
[2026-09-20T19:37:56.584+0800][6210.067s][info][gc,phases   ] GC(242)   Post Evacuate Collection Set: 0.45ms
[2026-09-20T19:37:56.584+0800][6210.067s][info][gc,phases   ] GC(242)   Other: 0.14ms
[2026-09-20T19:37:56.584+0800][6210.067s][info][gc,heap     ] GC(242) Eden regions: 610->0(611)
[2026-09-20T19:37:56.584+0800][6210.067s][info][gc,heap     ] GC(242) Survivor regions: 4->3(77)
[2026-09-20T19:37:56.584+0800][6210.067s][info][gc,heap     ] GC(242) Old regions: 84->84
[2026-09-20T19:37:56.584+0800][6210.067s][info][gc,heap     ] GC(242) Archive regions: 0->0
[2026-09-20T19:37:56.584+0800][6210.067s][info][gc,heap     ] GC(242) Humongous regions: 2->2
[2026-09-20T19:37:56.584+0800][6210.067s][info][gc,metaspace] GC(242) Metaspace: 112013K(112960K)->112013K(112960K) NonClass: 98851K(99328K)->98851K(99328K) Class: 13161K(13632K)->13161K(13632K)
[2026-09-20T19:37:56.584+0800][6210.067s][info][gc          ] GC(242) Pause Young (Normal) (G1 Evacuation Pause) 699M->87M(1024M) 2.178ms
[2026-09-20T19:37:56.584+0800][6210.067s][info][gc,cpu      ] GC(242) User=0.00s Sys=0.00s Real=0.00s
[2026-09-20T19:38:14.751+0800][6228.234s][info][gc,start    ] GC(243) Pause Young (Normal) (G1 Evacuation Pause)
[2026-09-20T19:38:14.751+0800][6228.234s][info][gc,task     ] GC(243) Using 13 workers of 13 for evacuation
[2026-09-20T19:38:14.753+0800][6228.236s][info][gc,phases   ] GC(243)   Pre Evacuate Collection Set: 0.08ms
[2026-09-20T19:38:14.753+0800][6228.236s][info][gc,phases   ] GC(243)   Merge Heap Roots: 0.07ms
[2026-09-20T19:38:14.753+0800][6228.236s][info][gc,phases   ] GC(243)   Evacuate Collection Set: 1.07ms
[2026-09-20T19:38:14.753+0800][6228.236s][info][gc,phases   ] GC(243)   Post Evacuate Collection Set: 0.40ms
[2026-09-20T19:38:14.753+0800][6228.236s][info][gc,phases   ] GC(243)   Other: 0.24ms
[2026-09-20T19:38:14.753+0800][6228.236s][info][gc,heap     ] GC(243) Eden regions: 611->0(611)
[2026-09-20T19:38:14.753+0800][6228.236s][info][gc,heap     ] GC(243) Survivor regions: 3->3(77)
[2026-09-20T19:38:14.753+0800][6228.236s][info][gc,heap     ] GC(243) Old regions: 84->84
[2026-09-20T19:38:14.753+0800][6228.236s][info][gc,heap     ] GC(243) Archive regions: 0->0
[2026-09-20T19:38:14.753+0800][6228.236s][info][gc,heap     ] GC(243) Humongous regions: 2->2
[2026-09-20T19:38:14.753+0800][6228.236s][info][gc,metaspace] GC(243) Metaspace: 112013K(112960K)->112013K(112960K) NonClass: 98851K(99328K)->98851K(99328K) Class: 13161K(13632K)->13161K(13632K)
[2026-09-20T19:38:14.753+0800][6228.236s][info][gc          ] GC(243) Pause Young (Normal) (G1 Evacuation Pause) 698M->87M(1024M) 2.004ms
[2026-09-20T19:38:14.753+0800][6228.236s][info][gc,cpu      ] GC(243) User=0.00s Sys=0.00s Real=0.00s
[2026-09-20T19:38:32.334+0800][6245.817s][info][gc,start    ] GC(244) Pause Young (Normal) (G1 Evacuation Pause)
[2026-09-20T19:38:32.334+0800][6245.817s][info][gc,task     ] GC(244) Using 13 workers of 13 for evacuation
[2026-09-20T19:38:32.336+0800][6245.819s][info][gc,phases   ] GC(244)   Pre Evacuate Collection Set: 0.09ms
[2026-09-20T19:38:32.336+0800][6245.819s][info][gc,phases   ] GC(244)   Merge Heap Roots: 0.06ms
[2026-09-20T19:38:32.336+0800][6245.819s][info][gc,phases   ] GC(244)   Evacuate Collection Set: 1.05ms
[2026-09-20T19:38:32.336+0800][6245.819s][info][gc,phases   ] GC(244)   Post Evacuate Collection Set: 0.42ms
[2026-09-20T19:38:32.336+0800][6245.819s][info][gc,phases   ] GC(244)   Other: 0.16ms
[2026-09-20T19:38:32.336+0800][6245.819s][info][gc,heap     ] GC(244) Eden regions: 611->0(611)
[2026-09-20T19:38:32.336+0800][6245.819s][info][gc,heap     ] GC(244) Survivor regions: 3->3(77)
[2026-09-20T19:38:32.336+0800][6245.819s][info][gc,heap     ] GC(244) Old regions: 84->84
[2026-09-20T19:38:32.336+0800][6245.819s][info][gc,heap     ] GC(244) Archive regions: 0->0
[2026-09-20T19:38:32.336+0800][6245.819s][info][gc,heap     ] GC(244) Humongous regions: 2->2
[2026-09-20T19:38:32.336+0800][6245.819s][info][gc,metaspace] GC(244) Metaspace: 112014K(112960K)->112014K(112960K) NonClass: 98852K(99328K)->98852K(99328K) Class: 13161K(13632K)->13161K(13632K)
[2026-09-20T19:38:32.336+0800][6245.819s][info][gc          ] GC(244) Pause Young (Normal) (G1 Evacuation Pause) 698M->87M(1024M) 1.931ms
[2026-09-20T19:38:32.336+0800][6245.819s][info][gc,cpu      ] GC(244) User=0.00s Sys=0.00s Real=0.00s
[2026-09-20T19:38:50.627+0800][6264.111s][info][gc,start    ] GC(245) Pause Young (Normal) (G1 Evacuation Pause)
[2026-09-20T19:38:50.628+0800][6264.111s][info][gc,task     ] GC(245) Using 13 workers of 13 for evacuation
[2026-09-20T19:38:50.629+0800][6264.113s][info][gc,phases   ] GC(245)   Pre Evacuate Collection Set: 0.09ms
[2026-09-20T19:38:50.629+0800][6264.113s][info][gc,phases   ] GC(245)   Merge Heap Roots: 0.08ms
[2026-09-20T19:38:50.629+0800][6264.113s][info][gc,phases   ] GC(245)   Evacuate Collection Set: 1.14ms
[2026-09-20T19:38:50.629+0800][6264.113s][info][gc,phases   ] GC(245)   Post Evacuate Collection Set: 0.52ms
[2026-09-20T19:38:50.629+0800][6264.113s][info][gc,phases   ] GC(245)   Other: 0.19ms
[2026-09-20T19:38:50.629+0800][6264.113s][info][gc,heap     ] GC(245) Eden regions: 611->0(612)
[2026-09-20T19:38:50.629+0800][6264.113s][info][gc,heap     ] GC(245) Survivor regions: 3->2(77)
[2026-09-20T19:38:50.629+0800][6264.113s][info][gc,heap     ] GC(245) Old regions: 84->84
[2026-09-20T19:38:50.629+0800][6264.113s][info][gc,heap     ] GC(245) Archive regions: 0->0
[2026-09-20T19:38:50.629+0800][6264.113s][info][gc,heap     ] GC(245) Humongous regions: 2->2
[2026-09-20T19:38:50.629+0800][6264.113s][info][gc,metaspace] GC(245) Metaspace: 112014K(112960K)->112014K(112960K) NonClass: 98852K(99328K)->98852K(99328K) Class: 13161K(13632K)->13161K(13632K)
[2026-09-20T19:38:50.629+0800][6264.113s][info][gc          ] GC(245) Pause Young (Normal) (G1 Evacuation Pause) 698M->87M(1024M) 2.173ms
[2026-09-20T19:38:50.629+0800][6264.113s][info][gc,cpu      ] GC(245) User=0.00s Sys=0.00s Real=0.00s
[2026-09-20T19:39:09.816+0800][6283.300s][info][gc,start    ] GC(246) Pause Young (Normal) (G1 Evacuation Pause)
[2026-09-20T19:39:09.816+0800][6283.300s][info][gc,task     ] GC(246) Using 13 workers of 13 for evacuation
[2026-09-20T19:39:09.822+0800][6283.305s][info][gc,phases   ] GC(246)   Pre Evacuate Collection Set: 0.21ms
[2026-09-20T19:39:09.822+0800][6283.305s][info][gc,phases   ] GC(246)   Merge Heap Roots: 0.13ms
[2026-09-20T19:39:09.822+0800][6283.305s][info][gc,phases   ] GC(246)   Evacuate Collection Set: 3.81ms
[2026-09-20T19:39:09.822+0800][6283.305s][info][gc,phases   ] GC(246)   Post Evacuate Collection Set: 1.19ms
[2026-09-20T19:39:09.822+0800][6283.305s][info][gc,phases   ] GC(246)   Other: 0.33ms
[2026-09-20T19:39:09.822+0800][6283.305s][info][gc,heap     ] GC(246) Eden regions: 612->0(612)
[2026-09-20T19:39:09.822+0800][6283.305s][info][gc,heap     ] GC(246) Survivor regions: 2->2(77)
[2026-09-20T19:39:09.822+0800][6283.305s][info][gc,heap     ] GC(246) Old regions: 84->84
[2026-09-20T19:39:09.822+0800][6283.305s][info][gc,heap     ] GC(246) Archive regions: 0->0
[2026-09-20T19:39:09.822+0800][6283.305s][info][gc,heap     ] GC(246) Humongous regions: 2->2
[2026-09-20T19:39:09.822+0800][6283.305s][info][gc,metaspace] GC(246) Metaspace: 112014K(112960K)->112014K(112960K) NonClass: 98852K(99328K)->98852K(99328K) Class: 13161K(13632K)->13161K(13632K)
[2026-09-20T19:39:09.822+0800][6283.305s][info][gc          ] GC(246) Pause Young (Normal) (G1 Evacuation Pause) 699M->87M(1024M) 5.882ms
[2026-09-20T19:39:09.822+0800][6283.306s][info][gc,cpu      ] GC(246) User=0.20s Sys=0.00s Real=0.01s
[2026-09-20T19:39:28.009+0800][6301.492s][info][gc,start    ] GC(247) Pause Young (Normal) (G1 Evacuation Pause)
[2026-09-20T19:39:28.009+0800][6301.492s][info][gc,task     ] GC(247) Using 13 workers of 13 for evacuation
[2026-09-20T19:39:28.011+0800][6301.495s][info][gc,phases   ] GC(247)   Pre Evacuate Collection Set: 0.11ms
[2026-09-20T19:39:28.011+0800][6301.495s][info][gc,phases   ] GC(247)   Merge Heap Roots: 0.09ms
[2026-09-20T19:39:28.011+0800][6301.495s][info][gc,phases   ] GC(247)   Evacuate Collection Set: 1.79ms
[2026-09-20T19:39:28.011+0800][6301.495s][info][gc,phases   ] GC(247)   Post Evacuate Collection Set: 0.43ms
[2026-09-20T19:39:28.012+0800][6301.495s][info][gc,phases   ] GC(247)   Other: 0.19ms
[2026-09-20T19:39:28.012+0800][6301.495s][info][gc,heap     ] GC(247) Eden regions: 612->0(612)
[2026-09-20T19:39:28.012+0800][6301.495s][info][gc,heap     ] GC(247) Survivor regions: 2->2(77)
[2026-09-20T19:39:28.012+0800][6301.495s][info][gc,heap     ] GC(247) Old regions: 84->84
[2026-09-20T19:39:28.012+0800][6301.495s][info][gc,heap     ] GC(247) Archive regions: 0->0
[2026-09-20T19:39:28.012+0800][6301.495s][info][gc,heap     ] GC(247) Humongous regions: 2->2
[2026-09-20T19:39:28.012+0800][6301.495s][info][gc,metaspace] GC(247) Metaspace: 112014K(112960K)->112014K(112960K) NonClass: 98852K(99328K)->98852K(99328K) Class: 13161K(13632K)->13161K(13632K)
[2026-09-20T19:39:28.012+0800][6301.495s][info][gc          ] GC(247) Pause Young (Normal) (G1 Evacuation Pause) 699M->87M(1024M) 2.768ms
[2026-09-20T19:39:28.012+0800][6301.495s][info][gc,cpu      ] GC(247) User=0.00s Sys=0.00s Real=0.00s
[2026-09-20T19:39:46.685+0800][6320.168s][info][gc,start    ] GC(248) Pause Young (Normal) (G1 Evacuation Pause)
[2026-09-20T19:39:46.685+0800][6320.168s][info][gc,task     ] GC(248) Using 13 workers of 13 for evacuation
[2026-09-20T19:39:46.687+0800][6320.170s][info][gc,phases   ] GC(248)   Pre Evacuate Collection Set: 0.09ms
[2026-09-20T19:39:46.687+0800][6320.170s][info][gc,phases   ] GC(248)   Merge Heap Roots: 0.07ms
[2026-09-20T19:39:46.687+0800][6320.170s][info][gc,phases   ] GC(248)   Evacuate Collection Set: 0.98ms
[2026-09-20T19:39:46.687+0800][6320.170s][info][gc,phases   ] GC(248)   Post Evacuate Collection Set: 0.47ms
[2026-09-20T19:39:46.687+0800][6320.170s][info][gc,phases   ] GC(248)   Other: 0.20ms
[2026-09-20T19:39:46.687+0800][6320.170s][info][gc,heap     ] GC(248) Eden regions: 612->0(612)
[2026-09-20T19:39:46.687+0800][6320.170s][info][gc,heap     ] GC(248) Survivor regions: 2->2(77)
[2026-09-20T19:39:46.687+0800][6320.170s][info][gc,heap     ] GC(248) Old regions: 84->85
[2026-09-20T19:39:46.687+0800][6320.170s][info][gc,heap     ] GC(248) Archive regions: 0->0
[2026-09-20T19:39:46.687+0800][6320.170s][info][gc,heap     ] GC(248) Humongous regions: 2->2
[2026-09-20T19:39:46.687+0800][6320.170s][info][gc,metaspace] GC(248) Metaspace: 112014K(112960K)->112014K(112960K) NonClass: 98852K(99328K)->98852K(99328K) Class: 13161K(13632K)->13161K(13632K)
[2026-09-20T19:39:46.687+0800][6320.170s][info][gc          ] GC(248) Pause Young (Normal) (G1 Evacuation Pause) 699M->87M(1024M) 2.001ms
[2026-09-20T19:39:46.687+0800][6320.170s][info][gc,cpu      ] GC(248) User=0.00s Sys=0.00s Real=0.00s
[2026-09-20T19:40:04.585+0800][6338.069s][info][gc,start    ] GC(249) Pause Young (Normal) (G1 Evacuation Pause)
[2026-09-20T19:40:04.585+0800][6338.069s][info][gc,task     ] GC(249) Using 13 workers of 13 for evacuation
[2026-09-20T19:40:04.587+0800][6338.071s][info][gc,phases   ] GC(249)   Pre Evacuate Collection Set: 0.10ms
[2026-09-20T19:40:04.587+0800][6338.071s][info][gc,phases   ] GC(249)   Merge Heap Roots: 0.09ms
[2026-09-20T19:40:04.587+0800][6338.071s][info][gc,phases   ] GC(249)   Evacuate Collection Set: 1.14ms
[2026-09-20T19:40:04.587+0800][6338.071s][info][gc,phases   ] GC(249)   Post Evacuate Collection Set: 0.40ms
[2026-09-20T19:40:04.587+0800][6338.071s][info][gc,phases   ] GC(249)   Other: 0.17ms
[2026-09-20T19:40:04.587+0800][6338.071s][info][gc,heap     ] GC(249) Eden regions: 612->0(612)
[2026-09-20T19:40:04.587+0800][6338.071s][info][gc,heap     ] GC(249) Survivor regions: 2->2(77)
[2026-09-20T19:40:04.587+0800][6338.071s][info][gc,heap     ] GC(249) Old regions: 85->85
[2026-09-20T19:40:04.587+0800][6338.071s][info][gc,heap     ] GC(249) Archive regions: 0->0
[2026-09-20T19:40:04.587+0800][6338.071s][info][gc,heap     ] GC(249) Humongous regions: 2->2
[2026-09-20T19:40:04.587+0800][6338.071s][info][gc,metaspace] GC(249) Metaspace: 112015K(112960K)->112015K(112960K) NonClass: 98854K(99328K)->98854K(99328K) Class: 13161K(13632K)->13161K(13632K)
[2026-09-20T19:40:04.587+0800][6338.071s][info][gc          ] GC(249) Pause Young (Normal) (G1 Evacuation Pause) 699M->87M(1024M) 2.047ms
[2026-09-20T19:40:04.587+0800][6338.071s][info][gc,cpu      ] GC(249) User=0.03s Sys=0.00s Real=0.00s
[2026-09-20T19:40:23.226+0800][6356.709s][info][gc,start    ] GC(250) Pause Young (Normal) (G1 Evacuation Pause)
[2026-09-20T19:40:23.226+0800][6356.709s][info][gc,task     ] GC(250) Using 13 workers of 13 for evacuation
[2026-09-20T19:40:23.228+0800][6356.711s][info][gc,phases   ] GC(250)   Pre Evacuate Collection Set: 0.09ms
[2026-09-20T19:40:23.228+0800][6356.711s][info][gc,phases   ] GC(250)   Merge Heap Roots: 0.08ms
[2026-09-20T19:40:23.228+0800][6356.711s][info][gc,phases   ] GC(250)   Evacuate Collection Set: 1.05ms
[2026-09-20T19:40:23.228+0800][6356.711s][info][gc,phases   ] GC(250)   Post Evacuate Collection Set: 0.41ms
[2026-09-20T19:40:23.228+0800][6356.711s][info][gc,phases   ] GC(250)   Other: 0.17ms
[2026-09-20T19:40:23.228+0800][6356.711s][info][gc,heap     ] GC(250) Eden regions: 612->0(612)
[2026-09-20T19:40:23.228+0800][6356.711s][info][gc,heap     ] GC(250) Survivor regions: 2->2(77)
[2026-09-20T19:40:23.228+0800][6356.711s][info][gc,heap     ] GC(250) Old regions: 85->85
[2026-09-20T19:40:23.228+0800][6356.711s][info][gc,heap     ] GC(250) Archive regions: 0->0
[2026-09-20T19:40:23.228+0800][6356.711s][info][gc,heap     ] GC(250) Humongous regions: 2->2
[2026-09-20T19:40:23.228+0800][6356.711s][info][gc,metaspace] GC(250) Metaspace: 112016K(112960K)->112016K(112960K) NonClass: 98854K(99328K)->98854K(99328K) Class: 13161K(13632K)->13161K(13632K)
[2026-09-20T19:40:23.228+0800][6356.711s][info][gc          ] GC(250) Pause Young (Normal) (G1 Evacuation Pause) 699M->88M(1024M) 2.033ms
[2026-09-20T19:40:23.228+0800][6356.711s][info][gc,cpu      ] GC(250) User=0.03s Sys=0.00s Real=0.00s
[2026-09-20T19:40:41.107+0800][6374.590s][info][gc,start    ] GC(251) Pause Young (Normal) (G1 Evacuation Pause)
[2026-09-20T19:40:41.107+0800][6374.590s][info][gc,task     ] GC(251) Using 13 workers of 13 for evacuation
[2026-09-20T19:40:41.109+0800][6374.593s][info][gc,phases   ] GC(251)   Pre Evacuate Collection Set: 0.12ms
[2026-09-20T19:40:41.109+0800][6374.593s][info][gc,phases   ] GC(251)   Merge Heap Roots: 0.07ms
[2026-09-20T19:40:41.109+0800][6374.593s][info][gc,phases   ] GC(251)   Evacuate Collection Set: 1.60ms
[2026-09-20T19:40:41.109+0800][6374.593s][info][gc,phases   ] GC(251)   Post Evacuate Collection Set: 0.39ms
[2026-09-20T19:40:41.109+0800][6374.593s][info][gc,phases   ] GC(251)   Other: 0.20ms
[2026-09-20T19:40:41.109+0800][6374.593s][info][gc,heap     ] GC(251) Eden regions: 612->0(612)
[2026-09-20T19:40:41.109+0800][6374.593s][info][gc,heap     ] GC(251) Survivor regions: 2->2(77)
[2026-09-20T19:40:41.109+0800][6374.593s][info][gc,heap     ] GC(251) Old regions: 85->85
[2026-09-20T19:40:41.109+0800][6374.593s][info][gc,heap     ] GC(251) Archive regions: 0->0
[2026-09-20T19:40:41.109+0800][6374.593s][info][gc,heap     ] GC(251) Humongous regions: 2->2
[2026-09-20T19:40:41.109+0800][6374.593s][info][gc,metaspace] GC(251) Metaspace: 112016K(112960K)->112016K(112960K) NonClass: 98854K(99328K)->98854K(99328K) Class: 13161K(13632K)->13161K(13632K)
[2026-09-20T19:40:41.109+0800][6374.593s][info][gc          ] GC(251) Pause Young (Normal) (G1 Evacuation Pause) 700M->88M(1024M) 2.538ms
[2026-09-20T19:40:41.109+0800][6374.593s][info][gc,cpu      ] GC(251) User=0.00s Sys=0.00s Real=0.00s
[2026-09-20T19:40:59.061+0800][6392.544s][info][gc,start    ] GC(252) Pause Young (Normal) (G1 Evacuation Pause)
[2026-09-20T19:40:59.061+0800][6392.544s][info][gc,task     ] GC(252) Using 13 workers of 13 for evacuation
[2026-09-20T19:40:59.063+0800][6392.546s][info][gc,phases   ] GC(252)   Pre Evacuate Collection Set: 0.11ms
[2026-09-20T19:40:59.063+0800][6392.546s][info][gc,phases   ] GC(252)   Merge Heap Roots: 0.08ms
[2026-09-20T19:40:59.063+0800][6392.546s][info][gc,phases   ] GC(252)   Evacuate Collection Set: 1.27ms
[2026-09-20T19:40:59.063+0800][6392.546s][info][gc,phases   ] GC(252)   Post Evacuate Collection Set: 0.39ms
[2026-09-20T19:40:59.063+0800][6392.547s][info][gc,phases   ] GC(252)   Other: 0.19ms
[2026-09-20T19:40:59.063+0800][6392.547s][info][gc,heap     ] GC(252) Eden regions: 612->0(612)
[2026-09-20T19:40:59.063+0800][6392.547s][info][gc,heap     ] GC(252) Survivor regions: 2->2(77)
[2026-09-20T19:40:59.063+0800][6392.547s][info][gc,heap     ] GC(252) Old regions: 85->85
[2026-09-20T19:40:59.063+0800][6392.547s][info][gc,heap     ] GC(252) Archive regions: 0->0
[2026-09-20T19:40:59.063+0800][6392.547s][info][gc,heap     ] GC(252) Humongous regions: 2->2
[2026-09-20T19:40:59.063+0800][6392.547s][info][gc,metaspace] GC(252) Metaspace: 112016K(112960K)->112016K(112960K) NonClass: 98854K(99328K)->98854K(99328K) Class: 13161K(13632K)->13161K(13632K)
[2026-09-20T19:40:59.063+0800][6392.547s][info][gc          ] GC(252) Pause Young (Normal) (G1 Evacuation Pause) 700M->88M(1024M) 2.220ms
[2026-09-20T19:40:59.063+0800][6392.547s][info][gc,cpu      ] GC(252) User=0.00s Sys=0.00s Real=0.00s
[2026-09-20T19:41:17.539+0800][6411.022s][info][gc,start    ] GC(253) Pause Young (Normal) (G1 Evacuation Pause)
[2026-09-20T19:41:17.539+0800][6411.022s][info][gc,task     ] GC(253) Using 13 workers of 13 for evacuation
[2026-09-20T19:41:17.541+0800][6411.024s][info][gc,phases   ] GC(253)   Pre Evacuate Collection Set: 0.10ms
[2026-09-20T19:41:17.541+0800][6411.024s][info][gc,phases   ] GC(253)   Merge Heap Roots: 0.08ms
[2026-09-20T19:41:17.541+0800][6411.024s][info][gc,phases   ] GC(253)   Evacuate Collection Set: 1.42ms
[2026-09-20T19:41:17.541+0800][6411.024s][info][gc,phases   ] GC(253)   Post Evacuate Collection Set: 0.45ms
[2026-09-20T19:41:17.541+0800][6411.024s][info][gc,phases   ] GC(253)   Other: 0.19ms
[2026-09-20T19:41:17.541+0800][6411.024s][info][gc,heap     ] GC(253) Eden regions: 612->0(612)
[2026-09-20T19:41:17.541+0800][6411.024s][info][gc,heap     ] GC(253) Survivor regions: 2->2(77)
[2026-09-20T19:41:17.541+0800][6411.024s][info][gc,heap     ] GC(253) Old regions: 85->85
[2026-09-20T19:41:17.541+0800][6411.024s][info][gc,heap     ] GC(253) Archive regions: 0->0
[2026-09-20T19:41:17.541+0800][6411.024s][info][gc,heap     ] GC(253) Humongous regions: 2->2
[2026-09-20T19:41:17.541+0800][6411.024s][info][gc,metaspace] GC(253) Metaspace: 112016K(112960K)->112016K(112960K) NonClass: 98854K(99328K)->98854K(99328K) Class: 13161K(13632K)->13161K(13632K)
[2026-09-20T19:41:17.541+0800][6411.024s][info][gc          ] GC(253) Pause Young (Normal) (G1 Evacuation Pause) 700M->88M(1024M) 2.410ms
[2026-09-20T19:41:17.541+0800][6411.024s][info][gc,cpu      ] GC(253) User=0.03s Sys=0.00s Real=0.00s
[2026-09-20T19:41:35.243+0800][6428.726s][info][gc,start    ] GC(254) Pause Young (Normal) (G1 Evacuation Pause)
[2026-09-20T19:41:35.243+0800][6428.726s][info][gc,task     ] GC(254) Using 13 workers of 13 for evacuation
[2026-09-20T19:41:35.245+0800][6428.728s][info][gc,phases   ] GC(254)   Pre Evacuate Collection Set: 0.10ms
[2026-09-20T19:41:35.245+0800][6428.728s][info][gc,phases   ] GC(254)   Merge Heap Roots: 0.08ms
[2026-09-20T19:41:35.245+0800][6428.728s][info][gc,phases   ] GC(254)   Evacuate Collection Set: 1.31ms
[2026-09-20T19:41:35.245+0800][6428.728s][info][gc,phases   ] GC(254)   Post Evacuate Collection Set: 0.45ms
[2026-09-20T19:41:35.245+0800][6428.728s][info][gc,phases   ] GC(254)   Other: 0.17ms
[2026-09-20T19:41:35.245+0800][6428.728s][info][gc,heap     ] GC(254) Eden regions: 612->0(612)
[2026-09-20T19:41:35.245+0800][6428.728s][info][gc,heap     ] GC(254) Survivor regions: 2->2(77)
[2026-09-20T19:41:35.245+0800][6428.728s][info][gc,heap     ] GC(254) Old regions: 85->85
[2026-09-20T19:41:35.245+0800][6428.728s][info][gc,heap     ] GC(254) Archive regions: 0->0
[2026-09-20T19:41:35.245+0800][6428.728s][info][gc,heap     ] GC(254) Humongous regions: 2->2
[2026-09-20T19:41:35.245+0800][6428.728s][info][gc,metaspace] GC(254) Metaspace: 112016K(112960K)->112016K(112960K) NonClass: 98854K(99328K)->98854K(99328K) Class: 13161K(13632K)->13161K(13632K)
[2026-09-20T19:41:35.245+0800][6428.728s][info][gc          ] GC(254) Pause Young (Normal) (G1 Evacuation Pause) 700M->88M(1024M) 2.203ms
[2026-09-20T19:41:35.245+0800][6428.728s][info][gc,cpu      ] GC(254) User=0.02s Sys=0.00s Real=0.00s
[2026-09-20T19:41:53.575+0800][6447.058s][info][gc,start    ] GC(255) Pause Young (Normal) (G1 Evacuation Pause)
[2026-09-20T19:41:53.575+0800][6447.058s][info][gc,task     ] GC(255) Using 13 workers of 13 for evacuation
[2026-09-20T19:41:53.577+0800][6447.060s][info][gc,phases   ] GC(255)   Pre Evacuate Collection Set: 0.10ms
[2026-09-20T19:41:53.577+0800][6447.060s][info][gc,phases   ] GC(255)   Merge Heap Roots: 0.08ms
[2026-09-20T19:41:53.577+0800][6447.060s][info][gc,phases   ] GC(255)   Evacuate Collection Set: 1.37ms
[2026-09-20T19:41:53.577+0800][6447.060s][info][gc,phases   ] GC(255)   Post Evacuate Collection Set: 0.36ms
[2026-09-20T19:41:53.577+0800][6447.061s][info][gc,phases   ] GC(255)   Other: 0.15ms
[2026-09-20T19:41:53.577+0800][6447.061s][info][gc,heap     ] GC(255) Eden regions: 612->0(612)
[2026-09-20T19:41:53.577+0800][6447.061s][info][gc,heap     ] GC(255) Survivor regions: 2->2(77)
[2026-09-20T19:41:53.577+0800][6447.061s][info][gc,heap     ] GC(255) Old regions: 85->85
[2026-09-20T19:41:53.577+0800][6447.061s][info][gc,heap     ] GC(255) Archive regions: 0->0
[2026-09-20T19:41:53.577+0800][6447.061s][info][gc,heap     ] GC(255) Humongous regions: 2->2
[2026-09-20T19:41:53.577+0800][6447.061s][info][gc,metaspace] GC(255) Metaspace: 112016K(112960K)->112016K(112960K) NonClass: 98854K(99328K)->98854K(99328K) Class: 13161K(13632K)->13161K(13632K)
[2026-09-20T19:41:53.577+0800][6447.061s][info][gc          ] GC(255) Pause Young (Normal) (G1 Evacuation Pause) 700M->88M(1024M) 2.274ms
[2026-09-20T19:41:53.577+0800][6447.061s][info][gc,cpu      ] GC(255) User=0.00s Sys=0.00s Real=0.00s
[2026-09-20T19:45:37.079+0800][6670.563s][info][gc,start    ] GC(256) Pause Young (Normal) (G1 Evacuation Pause)
[2026-09-20T19:45:37.080+0800][6670.563s][info][gc,task     ] GC(256) Using 13 workers of 13 for evacuation
[2026-09-20T19:45:37.082+0800][6670.565s][info][gc,phases   ] GC(256)   Pre Evacuate Collection Set: 0.15ms
[2026-09-20T19:45:37.082+0800][6670.565s][info][gc,phases   ] GC(256)   Merge Heap Roots: 0.08ms
[2026-09-20T19:45:37.082+0800][6670.565s][info][gc,phases   ] GC(256)   Evacuate Collection Set: 1.56ms
[2026-09-20T19:45:37.082+0800][6670.565s][info][gc,phases   ] GC(256)   Post Evacuate Collection Set: 0.44ms
[2026-09-20T19:45:37.082+0800][6670.565s][info][gc,phases   ] GC(256)   Other: 0.17ms
[2026-09-20T19:45:37.082+0800][6670.565s][info][gc,heap     ] GC(256) Eden regions: 612->0(612)
[2026-09-20T19:45:37.082+0800][6670.565s][info][gc,heap     ] GC(256) Survivor regions: 2->2(77)
[2026-09-20T19:45:37.082+0800][6670.565s][info][gc,heap     ] GC(256) Old regions: 85->85
[2026-09-20T19:45:37.082+0800][6670.565s][info][gc,heap     ] GC(256) Archive regions: 0->0
[2026-09-20T19:45:37.082+0800][6670.565s][info][gc,heap     ] GC(256) Humongous regions: 2->2
[2026-09-20T19:45:37.082+0800][6670.565s][info][gc,metaspace] GC(256) Metaspace: 112029K(112960K)->112029K(112960K) NonClass: 98867K(99328K)->98867K(99328K) Class: 13161K(13632K)->13161K(13632K)
[2026-09-20T19:45:37.082+0800][6670.565s][info][gc          ] GC(256) Pause Young (Normal) (G1 Evacuation Pause) 700M->88M(1024M) 2.544ms
[2026-09-20T19:45:37.082+0800][6670.565s][info][gc,cpu      ] GC(256) User=0.00s Sys=0.00s Real=0.00s
[2026-09-20T19:52:20.057+0800][7073.540s][info][gc,start    ] GC(257) Pause Young (Normal) (G1 Evacuation Pause)
[2026-09-20T19:52:20.057+0800][7073.540s][info][gc,task     ] GC(257) Using 13 workers of 13 for evacuation
[2026-09-20T19:52:20.062+0800][7073.545s][info][gc,phases   ] GC(257)   Pre Evacuate Collection Set: 0.31ms
[2026-09-20T19:52:20.062+0800][7073.545s][info][gc,phases   ] GC(257)   Merge Heap Roots: 0.12ms
[2026-09-20T19:52:20.062+0800][7073.545s][info][gc,phases   ] GC(257)   Evacuate Collection Set: 2.89ms
[2026-09-20T19:52:20.062+0800][7073.545s][info][gc,phases   ] GC(257)   Post Evacuate Collection Set: 1.22ms
[2026-09-20T19:52:20.062+0800][7073.545s][info][gc,phases   ] GC(257)   Other: 0.36ms
[2026-09-20T19:52:20.062+0800][7073.545s][info][gc,heap     ] GC(257) Eden regions: 612->0(612)
[2026-09-20T19:52:20.062+0800][7073.545s][info][gc,heap     ] GC(257) Survivor regions: 2->2(77)
[2026-09-20T19:52:20.062+0800][7073.545s][info][gc,heap     ] GC(257) Old regions: 85->85
[2026-09-20T19:52:20.062+0800][7073.545s][info][gc,heap     ] GC(257) Archive regions: 0->0
[2026-09-20T19:52:20.062+0800][7073.545s][info][gc,heap     ] GC(257) Humongous regions: 2->2
[2026-09-20T19:52:20.062+0800][7073.545s][info][gc,metaspace] GC(257) Metaspace: 112032K(112960K)->112032K(112960K) NonClass: 98870K(99328K)->98870K(99328K) Class: 13161K(13632K)->13161K(13632K)
[2026-09-20T19:52:20.062+0800][7073.545s][info][gc          ] GC(257) Pause Young (Normal) (G1 Evacuation Pause) 700M->88M(1024M) 5.037ms
[2026-09-20T19:52:20.062+0800][7073.545s][info][gc,cpu      ] GC(257) User=0.00s Sys=0.00s Real=0.01s
[2026-09-20T19:59:03.111+0800][7476.594s][info][gc,start    ] GC(258) Pause Young (Normal) (G1 Evacuation Pause)
[2026-09-20T19:59:03.111+0800][7476.594s][info][gc,task     ] GC(258) Using 13 workers of 13 for evacuation
[2026-09-20T19:59:03.113+0800][7476.596s][info][gc,phases   ] GC(258)   Pre Evacuate Collection Set: 0.13ms
[2026-09-20T19:59:03.113+0800][7476.596s][info][gc,phases   ] GC(258)   Merge Heap Roots: 0.09ms
[2026-09-20T19:59:03.113+0800][7476.596s][info][gc,phases   ] GC(258)   Evacuate Collection Set: 1.59ms
[2026-09-20T19:59:03.113+0800][7476.596s][info][gc,phases   ] GC(258)   Post Evacuate Collection Set: 0.43ms
[2026-09-20T19:59:03.113+0800][7476.596s][info][gc,phases   ] GC(258)   Other: 0.17ms
[2026-09-20T19:59:03.113+0800][7476.596s][info][gc,heap     ] GC(258) Eden regions: 612->0(612)
[2026-09-20T19:59:03.113+0800][7476.596s][info][gc,heap     ] GC(258) Survivor regions: 2->2(77)
[2026-09-20T19:59:03.113+0800][7476.596s][info][gc,heap     ] GC(258) Old regions: 85->85
[2026-09-20T19:59:03.113+0800][7476.596s][info][gc,heap     ] GC(258) Archive regions: 0->0
[2026-09-20T19:59:03.113+0800][7476.596s][info][gc,heap     ] GC(258) Humongous regions: 2->2
[2026-09-20T19:59:03.113+0800][7476.596s][info][gc,metaspace] GC(258) Metaspace: 112036K(112960K)->112036K(112960K) NonClass: 98874K(99328K)->98874K(99328K) Class: 13161K(13632K)->13161K(13632K)
[2026-09-20T19:59:03.113+0800][7476.596s][info][gc          ] GC(258) Pause Young (Normal) (G1 Evacuation Pause) 700M->88M(1024M) 2.549ms
[2026-09-20T19:59:03.113+0800][7476.596s][info][gc,cpu      ] GC(258) User=0.00s Sys=0.00s Real=0.00s
[2026-09-20T20:06:16.106+0800][7909.590s][info][gc,start    ] GC(259) Pause Young (Normal) (G1 Evacuation Pause)
[2026-09-20T20:06:16.106+0800][7909.590s][info][gc,task     ] GC(259) Using 13 workers of 13 for evacuation
[2026-09-20T20:06:16.109+0800][7909.593s][info][gc,phases   ] GC(259)   Pre Evacuate Collection Set: 0.30ms
[2026-09-20T20:06:16.109+0800][7909.593s][info][gc,phases   ] GC(259)   Merge Heap Roots: 0.10ms
[2026-09-20T20:06:16.110+0800][7909.593s][info][gc,phases   ] GC(259)   Evacuate Collection Set: 2.28ms
[2026-09-20T20:06:16.110+0800][7909.593s][info][gc,phases   ] GC(259)   Post Evacuate Collection Set: 0.64ms
[2026-09-20T20:06:16.110+0800][7909.593s][info][gc,phases   ] GC(259)   Other: 0.29ms
[2026-09-20T20:06:16.110+0800][7909.593s][info][gc,heap     ] GC(259) Eden regions: 612->0(612)
[2026-09-20T20:06:16.110+0800][7909.593s][info][gc,heap     ] GC(259) Survivor regions: 2->2(77)
[2026-09-20T20:06:16.110+0800][7909.593s][info][gc,heap     ] GC(259) Old regions: 85->85
[2026-09-20T20:06:16.110+0800][7909.593s][info][gc,heap     ] GC(259) Archive regions: 0->0
[2026-09-20T20:06:16.110+0800][7909.593s][info][gc,heap     ] GC(259) Humongous regions: 2->2
[2026-09-20T20:06:16.110+0800][7909.593s][info][gc,metaspace] GC(259) Metaspace: 112054K(112960K)->112054K(112960K) NonClass: 98892K(99328K)->98892K(99328K) Class: 13161K(13632K)->13161K(13632K)
[2026-09-20T20:06:16.110+0800][7909.593s][info][gc          ] GC(259) Pause Young (Normal) (G1 Evacuation Pause) 700M->88M(1024M) 3.713ms
[2026-09-20T20:06:16.110+0800][7909.593s][info][gc,cpu      ] GC(259) User=0.00s Sys=0.00s Real=0.00s
[2026-09-20T20:12:59.181+0800][8312.665s][info][gc,start    ] GC(260) Pause Young (Normal) (G1 Evacuation Pause)
[2026-09-20T20:12:59.181+0800][8312.665s][info][gc,task     ] GC(260) Using 13 workers of 13 for evacuation
[2026-09-20T20:12:59.185+0800][8312.668s][info][gc,phases   ] GC(260)   Pre Evacuate Collection Set: 0.30ms
[2026-09-20T20:12:59.185+0800][8312.668s][info][gc,phases   ] GC(260)   Merge Heap Roots: 0.11ms
[2026-09-20T20:12:59.185+0800][8312.668s][info][gc,phases   ] GC(260)   Evacuate Collection Set: 2.12ms
[2026-09-20T20:12:59.185+0800][8312.668s][info][gc,phases   ] GC(260)   Post Evacuate Collection Set: 0.88ms
[2026-09-20T20:12:59.185+0800][8312.668s][info][gc,phases   ] GC(260)   Other: 0.35ms
[2026-09-20T20:12:59.185+0800][8312.668s][info][gc,heap     ] GC(260) Eden regions: 612->0(612)
[2026-09-20T20:12:59.185+0800][8312.668s][info][gc,heap     ] GC(260) Survivor regions: 2->2(77)
[2026-09-20T20:12:59.185+0800][8312.669s][info][gc,heap     ] GC(260) Old regions: 85->86
[2026-09-20T20:12:59.185+0800][8312.669s][info][gc,heap     ] GC(260) Archive regions: 0->0
[2026-09-20T20:12:59.185+0800][8312.669s][info][gc,heap     ] GC(260) Humongous regions: 2->2
[2026-09-20T20:12:59.185+0800][8312.669s][info][gc,metaspace] GC(260) Metaspace: 112054K(112960K)->112054K(112960K) NonClass: 98892K(99328K)->98892K(99328K) Class: 13161K(13632K)->13161K(13632K)
[2026-09-20T20:12:59.185+0800][8312.669s][info][gc          ] GC(260) Pause Young (Normal) (G1 Evacuation Pause) 700M->88M(1024M) 3.989ms
[2026-09-20T20:12:59.185+0800][8312.669s][info][gc,cpu      ] GC(260) User=0.00s Sys=0.00s Real=0.00s
[2026-09-20T20:19:42.536+0800][8716.020s][info][gc,start    ] GC(261) Pause Young (Normal) (G1 Evacuation Pause)
[2026-09-20T20:19:42.536+0800][8716.020s][info][gc,task     ] GC(261) Using 13 workers of 13 for evacuation
[2026-09-20T20:19:42.541+0800][8716.025s][info][gc,phases   ] GC(261)   Pre Evacuate Collection Set: 0.28ms
[2026-09-20T20:19:42.541+0800][8716.025s][info][gc,phases   ] GC(261)   Merge Heap Roots: 0.15ms
[2026-09-20T20:19:42.541+0800][8716.025s][info][gc,phases   ] GC(261)   Evacuate Collection Set: 3.29ms
[2026-09-20T20:19:42.541+0800][8716.025s][info][gc,phases   ] GC(261)   Post Evacuate Collection Set: 1.30ms
[2026-09-20T20:19:42.541+0800][8716.025s][info][gc,phases   ] GC(261)   Other: 0.40ms
[2026-09-20T20:19:42.541+0800][8716.025s][info][gc,heap     ] GC(261) Eden regions: 612->0(612)
[2026-09-20T20:19:42.541+0800][8716.025s][info][gc,heap     ] GC(261) Survivor regions: 2->2(77)
[2026-09-20T20:19:42.541+0800][8716.025s][info][gc,heap     ] GC(261) Old regions: 86->86
[2026-09-20T20:19:42.541+0800][8716.025s][info][gc,heap     ] GC(261) Archive regions: 0->0
[2026-09-20T20:19:42.541+0800][8716.025s][info][gc,heap     ] GC(261) Humongous regions: 2->2
[2026-09-20T20:19:42.541+0800][8716.025s][info][gc,metaspace] GC(261) Metaspace: 112060K(112960K)->112060K(112960K) NonClass: 98898K(99328K)->98898K(99328K) Class: 13161K(13632K)->13161K(13632K)
[2026-09-20T20:19:42.541+0800][8716.025s][info][gc          ] GC(261) Pause Young (Normal) (G1 Evacuation Pause) 700M->88M(1024M) 5.563ms
[2026-09-20T20:19:42.541+0800][8716.025s][info][gc,cpu      ] GC(261) User=0.03s Sys=0.02s Real=0.00s
[2026-09-20T20:26:55.575+0800][9149.058s][info][gc,start    ] GC(262) Pause Young (Normal) (G1 Evacuation Pause)
[2026-09-20T20:26:55.575+0800][9149.058s][info][gc,task     ] GC(262) Using 13 workers of 13 for evacuation
[2026-09-20T20:26:55.578+0800][9149.061s][info][gc,phases   ] GC(262)   Pre Evacuate Collection Set: 0.16ms
[2026-09-20T20:26:55.578+0800][9149.061s][info][gc,phases   ] GC(262)   Merge Heap Roots: 0.09ms
[2026-09-20T20:26:55.578+0800][9149.061s][info][gc,phases   ] GC(262)   Evacuate Collection Set: 1.08ms
[2026-09-20T20:26:55.578+0800][9149.061s][info][gc,phases   ] GC(262)   Post Evacuate Collection Set: 0.84ms
[2026-09-20T20:26:55.578+0800][9149.061s][info][gc,phases   ] GC(262)   Other: 0.15ms
[2026-09-20T20:26:55.578+0800][9149.061s][info][gc,heap     ] GC(262) Eden regions: 612->0(612)
[2026-09-20T20:26:55.578+0800][9149.061s][info][gc,heap     ] GC(262) Survivor regions: 2->2(77)
[2026-09-20T20:26:55.578+0800][9149.061s][info][gc,heap     ] GC(262) Old regions: 86->86
[2026-09-20T20:26:55.578+0800][9149.061s][info][gc,heap     ] GC(262) Archive regions: 0->0
[2026-09-20T20:26:55.578+0800][9149.061s][info][gc,heap     ] GC(262) Humongous regions: 2->2
[2026-09-20T20:26:55.578+0800][9149.061s][info][gc,metaspace] GC(262) Metaspace: 112070K(112960K)->112070K(112960K) NonClass: 98909K(99328K)->98909K(99328K) Class: 13161K(13632K)->13161K(13632K)
[2026-09-20T20:26:55.578+0800][9149.061s][info][gc          ] GC(262) Pause Young (Normal) (G1 Evacuation Pause) 700M->88M(1024M) 2.473ms
[2026-09-20T20:26:55.578+0800][9149.061s][info][gc,cpu      ] GC(262) User=0.00s Sys=0.00s Real=0.00s
[2026-09-20T20:33:38.924+0800][9552.407s][info][gc,start    ] GC(263) Pause Young (Normal) (G1 Evacuation Pause)
[2026-09-20T20:33:38.924+0800][9552.407s][info][gc,task     ] GC(263) Using 13 workers of 13 for evacuation
[2026-09-20T20:33:38.928+0800][9552.411s][info][gc,phases   ] GC(263)   Pre Evacuate Collection Set: 0.27ms
[2026-09-20T20:33:38.928+0800][9552.411s][info][gc,phases   ] GC(263)   Merge Heap Roots: 0.18ms
[2026-09-20T20:33:38.928+0800][9552.411s][info][gc,phases   ] GC(263)   Evacuate Collection Set: 2.42ms
[2026-09-20T20:33:38.928+0800][9552.411s][info][gc,phases   ] GC(263)   Post Evacuate Collection Set: 0.93ms
[2026-09-20T20:33:38.928+0800][9552.411s][info][gc,phases   ] GC(263)   Other: 0.40ms
[2026-09-20T20:33:38.928+0800][9552.411s][info][gc,heap     ] GC(263) Eden regions: 612->0(612)
[2026-09-20T20:33:38.928+0800][9552.411s][info][gc,heap     ] GC(263) Survivor regions: 2->2(77)
[2026-09-20T20:33:38.928+0800][9552.411s][info][gc,heap     ] GC(263) Old regions: 86->86
[2026-09-20T20:33:38.928+0800][9552.411s][info][gc,heap     ] GC(263) Archive regions: 0->0
[2026-09-20T20:33:38.928+0800][9552.411s][info][gc,heap     ] GC(263) Humongous regions: 2->2
[2026-09-20T20:33:38.928+0800][9552.411s][info][gc,metaspace] GC(263) Metaspace: 112072K(112960K)->112072K(112960K) NonClass: 98911K(99328K)->98911K(99328K) Class: 13161K(13632K)->13161K(13632K)
[2026-09-20T20:33:38.928+0800][9552.411s][info][gc          ] GC(263) Pause Young (Normal) (G1 Evacuation Pause) 700M->88M(1024M) 4.321ms
[2026-09-20T20:33:38.928+0800][9552.411s][info][gc,cpu      ] GC(263) User=0.00s Sys=0.00s Real=0.00s
[2026-09-20T20:40:22.112+0800][9955.595s][info][gc,start    ] GC(264) Pause Young (Normal) (G1 Evacuation Pause)
[2026-09-20T20:40:22.112+0800][9955.595s][info][gc,task     ] GC(264) Using 13 workers of 13 for evacuation
[2026-09-20T20:40:22.117+0800][9955.600s][info][gc,phases   ] GC(264)   Pre Evacuate Collection Set: 0.28ms
[2026-09-20T20:40:22.117+0800][9955.600s][info][gc,phases   ] GC(264)   Merge Heap Roots: 0.14ms
[2026-09-20T20:40:22.117+0800][9955.600s][info][gc,phases   ] GC(264)   Evacuate Collection Set: 3.35ms
[2026-09-20T20:40:22.117+0800][9955.600s][info][gc,phases   ] GC(264)   Post Evacuate Collection Set: 1.13ms
[2026-09-20T20:40:22.117+0800][9955.600s][info][gc,phases   ] GC(264)   Other: 0.32ms
[2026-09-20T20:40:22.117+0800][9955.600s][info][gc,heap     ] GC(264) Eden regions: 612->0(612)
[2026-09-20T20:40:22.117+0800][9955.600s][info][gc,heap     ] GC(264) Survivor regions: 2->2(77)
[2026-09-20T20:40:22.117+0800][9955.600s][info][gc,heap     ] GC(264) Old regions: 86->86
[2026-09-20T20:40:22.117+0800][9955.600s][info][gc,heap     ] GC(264) Archive regions: 0->0
[2026-09-20T20:40:22.117+0800][9955.600s][info][gc,heap     ] GC(264) Humongous regions: 2->2
[2026-09-20T20:40:22.117+0800][9955.600s][info][gc,metaspace] GC(264) Metaspace: 112080K(112960K)->112080K(112960K) NonClass: 98919K(99328K)->98919K(99328K) Class: 13161K(13632K)->13161K(13632K)
[2026-09-20T20:40:22.117+0800][9955.600s][info][gc          ] GC(264) Pause Young (Normal) (G1 Evacuation Pause) 700M->88M(1024M) 5.526ms
[2026-09-20T20:40:22.117+0800][9955.600s][info][gc,cpu      ] GC(264) User=0.00s Sys=0.00s Real=0.01s
[2026-09-20T20:47:35.026+0800][10388.509s][info][gc,start    ] GC(265) Pause Young (Normal) (G1 Evacuation Pause)
[2026-09-20T20:47:35.026+0800][10388.509s][info][gc,task     ] GC(265) Using 13 workers of 13 for evacuation
[2026-09-20T20:47:35.027+0800][10388.511s][info][gc,phases   ] GC(265)   Pre Evacuate Collection Set: 0.17ms
[2026-09-20T20:47:35.028+0800][10388.511s][info][gc,phases   ] GC(265)   Merge Heap Roots: 0.08ms
[2026-09-20T20:47:35.028+0800][10388.511s][info][gc,phases   ] GC(265)   Evacuate Collection Set: 1.04ms
[2026-09-20T20:47:35.028+0800][10388.511s][info][gc,phases   ] GC(265)   Post Evacuate Collection Set: 0.45ms
[2026-09-20T20:47:35.028+0800][10388.511s][info][gc,phases   ] GC(265)   Other: 0.25ms
[2026-09-20T20:47:35.028+0800][10388.511s][info][gc,heap     ] GC(265) Eden regions: 612->0(612)
[2026-09-20T20:47:35.028+0800][10388.511s][info][gc,heap     ] GC(265) Survivor regions: 2->2(77)
[2026-09-20T20:47:35.028+0800][10388.511s][info][gc,heap     ] GC(265) Old regions: 86->86
[2026-09-20T20:47:35.028+0800][10388.511s][info][gc,heap     ] GC(265) Archive regions: 0->0
[2026-09-20T20:47:35.028+0800][10388.511s][info][gc,heap     ] GC(265) Humongous regions: 2->2
[2026-09-20T20:47:35.028+0800][10388.511s][info][gc,metaspace] GC(265) Metaspace: 112080K(112960K)->112080K(112960K) NonClass: 98919K(99328K)->98919K(99328K) Class: 13161K(13632K)->13161K(13632K)
[2026-09-20T20:47:35.028+0800][10388.511s][info][gc          ] GC(265) Pause Young (Normal) (G1 Evacuation Pause) 700M->88M(1024M) 2.099ms
[2026-09-20T20:47:35.028+0800][10388.511s][info][gc,cpu      ] GC(265) User=0.00s Sys=0.00s Real=0.00s
[2026-09-20T20:54:18.196+0800][10791.680s][info][gc,start    ] GC(266) Pause Young (Normal) (G1 Evacuation Pause)
[2026-09-20T20:54:18.197+0800][10791.680s][info][gc,task     ] GC(266) Using 13 workers of 13 for evacuation
[2026-09-20T20:54:18.200+0800][10791.684s][info][gc,phases   ] GC(266)   Pre Evacuate Collection Set: 0.26ms
[2026-09-20T20:54:18.200+0800][10791.684s][info][gc,phases   ] GC(266)   Merge Heap Roots: 0.15ms
[2026-09-20T20:54:18.200+0800][10791.684s][info][gc,phases   ] GC(266)   Evacuate Collection Set: 1.85ms
[2026-09-20T20:54:18.200+0800][10791.684s][info][gc,phases   ] GC(266)   Post Evacuate Collection Set: 0.84ms
[2026-09-20T20:54:18.200+0800][10791.684s][info][gc,phases   ] GC(266)   Other: 0.43ms
[2026-09-20T20:54:18.200+0800][10791.684s][info][gc,heap     ] GC(266) Eden regions: 612->0(612)
[2026-09-20T20:54:18.200+0800][10791.684s][info][gc,heap     ] GC(266) Survivor regions: 2->2(77)
[2026-09-20T20:54:18.200+0800][10791.684s][info][gc,heap     ] GC(266) Old regions: 86->86
[2026-09-20T20:54:18.200+0800][10791.684s][info][gc,heap     ] GC(266) Archive regions: 0->0
[2026-09-20T20:54:18.200+0800][10791.684s][info][gc,heap     ] GC(266) Humongous regions: 2->2
[2026-09-20T20:54:18.200+0800][10791.684s][info][gc,metaspace] GC(266) Metaspace: 112083K(112960K)->112083K(112960K) NonClass: 98921K(99328K)->98921K(99328K) Class: 13161K(13632K)->13161K(13632K)
[2026-09-20T20:54:18.200+0800][10791.684s][info][gc          ] GC(266) Pause Young (Normal) (G1 Evacuation Pause) 700M->88M(1024M) 3.733ms
[2026-09-20T20:54:18.200+0800][10791.684s][info][gc,cpu      ] GC(266) User=0.00s Sys=0.00s Real=0.00s
[2026-09-20T21:01:01.621+0800][11195.105s][info][gc,start    ] GC(267) Pause Young (Normal) (G1 Evacuation Pause)
[2026-09-20T21:01:01.621+0800][11195.105s][info][gc,task     ] GC(267) Using 13 workers of 13 for evacuation
[2026-09-20T21:01:01.627+0800][11195.110s][info][gc,phases   ] GC(267)   Pre Evacuate Collection Set: 0.29ms
[2026-09-20T21:01:01.627+0800][11195.110s][info][gc,phases   ] GC(267)   Merge Heap Roots: 0.13ms
[2026-09-20T21:01:01.627+0800][11195.110s][info][gc,phases   ] GC(267)   Evacuate Collection Set: 3.61ms
[2026-09-20T21:01:01.627+0800][11195.110s][info][gc,phases   ] GC(267)   Post Evacuate Collection Set: 1.06ms
[2026-09-20T21:01:01.627+0800][11195.110s][info][gc,phases   ] GC(267)   Other: 0.44ms
[2026-09-20T21:01:01.627+0800][11195.110s][info][gc,heap     ] GC(267) Eden regions: 612->0(612)
[2026-09-20T21:01:01.627+0800][11195.110s][info][gc,heap     ] GC(267) Survivor regions: 2->2(77)
[2026-09-20T21:01:01.627+0800][11195.110s][info][gc,heap     ] GC(267) Old regions: 86->86
[2026-09-20T21:01:01.627+0800][11195.110s][info][gc,heap     ] GC(267) Archive regions: 0->0
[2026-09-20T21:01:01.627+0800][11195.110s][info][gc,heap     ] GC(267) Humongous regions: 2->2
[2026-09-20T21:01:01.627+0800][11195.110s][info][gc,metaspace] GC(267) Metaspace: 112083K(112960K)->112083K(112960K) NonClass: 98921K(99328K)->98921K(99328K) Class: 13161K(13632K)->13161K(13632K)
[2026-09-20T21:01:01.627+0800][11195.110s][info][gc          ] GC(267) Pause Young (Normal) (G1 Evacuation Pause) 700M->88M(1024M) 5.697ms
[2026-09-20T21:01:01.627+0800][11195.110s][info][gc,cpu      ] GC(267) User=0.00s Sys=0.00s Real=0.01s
[2026-09-20T21:08:14.666+0800][11628.149s][info][gc,start    ] GC(268) Pause Young (Normal) (G1 Evacuation Pause)
[2026-09-20T21:08:14.666+0800][11628.149s][info][gc,task     ] GC(268) Using 13 workers of 13 for evacuation
[2026-09-20T21:08:14.668+0800][11628.151s][info][gc,phases   ] GC(268)   Pre Evacuate Collection Set: 0.12ms
[2026-09-20T21:08:14.668+0800][11628.151s][info][gc,phases   ] GC(268)   Merge Heap Roots: 0.10ms
[2026-09-20T21:08:14.668+0800][11628.151s][info][gc,phases   ] GC(268)   Evacuate Collection Set: 1.08ms
[2026-09-20T21:08:14.668+0800][11628.151s][info][gc,phases   ] GC(268)   Post Evacuate Collection Set: 0.65ms
[2026-09-20T21:08:14.668+0800][11628.151s][info][gc,phases   ] GC(268)   Other: 0.21ms
[2026-09-20T21:08:14.668+0800][11628.151s][info][gc,heap     ] GC(268) Eden regions: 612->0(613)
[2026-09-20T21:08:14.668+0800][11628.151s][info][gc,heap     ] GC(268) Survivor regions: 2->1(77)
[2026-09-20T21:08:14.668+0800][11628.151s][info][gc,heap     ] GC(268) Old regions: 86->86
[2026-09-20T21:08:14.668+0800][11628.151s][info][gc,heap     ] GC(268) Archive regions: 0->0
[2026-09-20T21:08:14.668+0800][11628.151s][info][gc,heap     ] GC(268) Humongous regions: 2->2
[2026-09-20T21:08:14.668+0800][11628.151s][info][gc,metaspace] GC(268) Metaspace: 112083K(112960K)->112083K(112960K) NonClass: 98921K(99328K)->98921K(99328K) Class: 13161K(13632K)->13161K(13632K)
[2026-09-20T21:08:14.668+0800][11628.152s][info][gc          ] GC(268) Pause Young (Normal) (G1 Evacuation Pause) 700M->88M(1024M) 2.318ms
[2026-09-20T21:08:14.668+0800][11628.152s][info][gc,cpu      ] GC(268) User=0.00s Sys=0.00s Real=0.00s
[2026-09-20T21:14:57.837+0800][12031.321s][info][gc,start    ] GC(269) Pause Young (Normal) (G1 Evacuation Pause)
[2026-09-20T21:14:57.838+0800][12031.321s][info][gc,task     ] GC(269) Using 13 workers of 13 for evacuation
[2026-09-20T21:14:57.841+0800][12031.325s][info][gc,phases   ] GC(269)   Pre Evacuate Collection Set: 0.24ms
[2026-09-20T21:14:57.841+0800][12031.325s][info][gc,phases   ] GC(269)   Merge Heap Roots: 0.19ms
[2026-09-20T21:14:57.841+0800][12031.325s][info][gc,phases   ] GC(269)   Evacuate Collection Set: 2.20ms
[2026-09-20T21:14:57.841+0800][12031.325s][info][gc,phases   ] GC(269)   Post Evacuate Collection Set: 0.73ms
[2026-09-20T21:14:57.841+0800][12031.325s][info][gc,phases   ] GC(269)   Other: 0.44ms
[2026-09-20T21:14:57.841+0800][12031.325s][info][gc,heap     ] GC(269) Eden regions: 613->0(612)
[2026-09-20T21:14:57.841+0800][12031.325s][info][gc,heap     ] GC(269) Survivor regions: 1->2(77)
[2026-09-20T21:14:57.841+0800][12031.325s][info][gc,heap     ] GC(269) Old regions: 86->86
[2026-09-20T21:14:57.841+0800][12031.325s][info][gc,heap     ] GC(269) Archive regions: 0->0
[2026-09-20T21:14:57.841+0800][12031.325s][info][gc,heap     ] GC(269) Humongous regions: 2->2
[2026-09-20T21:14:57.841+0800][12031.325s][info][gc,metaspace] GC(269) Metaspace: 112114K(113024K)->112114K(113024K) NonClass: 98952K(99392K)->98952K(99392K) Class: 13161K(13632K)->13161K(13632K)
[2026-09-20T21:14:57.841+0800][12031.325s][info][gc          ] GC(269) Pause Young (Normal) (G1 Evacuation Pause) 701M->88M(1024M) 3.929ms
[2026-09-20T21:14:57.841+0800][12031.325s][info][gc,cpu      ] GC(269) User=0.00s Sys=0.00s Real=0.00s
[2026-09-20T21:21:40.615+0800][12434.099s][info][gc,start    ] GC(270) Pause Young (Normal) (G1 Evacuation Pause)
[2026-09-20T21:21:40.615+0800][12434.099s][info][gc,task     ] GC(270) Using 13 workers of 13 for evacuation
[2026-09-20T21:21:40.620+0800][12434.103s][info][gc,phases   ] GC(270)   Pre Evacuate Collection Set: 0.32ms
[2026-09-20T21:21:40.620+0800][12434.104s][info][gc,phases   ] GC(270)   Merge Heap Roots: 0.13ms
[2026-09-20T21:21:40.620+0800][12434.104s][info][gc,phases   ] GC(270)   Evacuate Collection Set: 3.00ms
[2026-09-20T21:21:40.620+0800][12434.104s][info][gc,phases   ] GC(270)   Post Evacuate Collection Set: 1.02ms
[2026-09-20T21:21:40.620+0800][12434.104s][info][gc,phases   ] GC(270)   Other: 0.40ms
[2026-09-20T21:21:40.620+0800][12434.104s][info][gc,heap     ] GC(270) Eden regions: 612->0(613)
[2026-09-20T21:21:40.620+0800][12434.104s][info][gc,heap     ] GC(270) Survivor regions: 2->1(77)
[2026-09-20T21:21:40.620+0800][12434.104s][info][gc,heap     ] GC(270) Old regions: 86->86
[2026-09-20T21:21:40.620+0800][12434.104s][info][gc,heap     ] GC(270) Archive regions: 0->0
[2026-09-20T21:21:40.620+0800][12434.104s][info][gc,heap     ] GC(270) Humongous regions: 2->2
[2026-09-20T21:21:40.620+0800][12434.104s][info][gc,metaspace] GC(270) Metaspace: 112114K(113024K)->112114K(113024K) NonClass: 98952K(99392K)->98952K(99392K) Class: 13161K(13632K)->13161K(13632K)
[2026-09-20T21:21:40.620+0800][12434.104s][info][gc          ] GC(270) Pause Young (Normal) (G1 Evacuation Pause) 700M->88M(1024M) 5.086ms
[2026-09-20T21:21:40.620+0800][12434.104s][info][gc,cpu      ] GC(270) User=0.03s Sys=0.00s Real=0.00s
[2026-09-20T21:28:53.405+0800][12866.888s][info][gc,start    ] GC(271) Pause Young (Normal) (G1 Evacuation Pause)
[2026-09-20T21:28:53.405+0800][12866.888s][info][gc,task     ] GC(271) Using 13 workers of 13 for evacuation
[2026-09-20T21:28:53.407+0800][12866.890s][info][gc,phases   ] GC(271)   Pre Evacuate Collection Set: 0.14ms
[2026-09-20T21:28:53.407+0800][12866.890s][info][gc,phases   ] GC(271)   Merge Heap Roots: 0.07ms
[2026-09-20T21:28:53.407+0800][12866.890s][info][gc,phases   ] GC(271)   Evacuate Collection Set: 1.20ms
[2026-09-20T21:28:53.407+0800][12866.890s][info][gc,phases   ] GC(271)   Post Evacuate Collection Set: 0.41ms
[2026-09-20T21:28:53.407+0800][12866.890s][info][gc,phases   ] GC(271)   Other: 0.18ms
[2026-09-20T21:28:53.407+0800][12866.890s][info][gc,heap     ] GC(271) Eden regions: 613->0(613)
[2026-09-20T21:28:53.407+0800][12866.890s][info][gc,heap     ] GC(271) Survivor regions: 1->1(77)
[2026-09-20T21:28:53.407+0800][12866.890s][info][gc,heap     ] GC(271) Old regions: 86->86
[2026-09-20T21:28:53.407+0800][12866.890s][info][gc,heap     ] GC(271) Archive regions: 0->0
[2026-09-20T21:28:53.407+0800][12866.891s][info][gc,heap     ] GC(271) Humongous regions: 2->2
[2026-09-20T21:28:53.407+0800][12866.891s][info][gc,metaspace] GC(271) Metaspace: 112114K(113024K)->112114K(113024K) NonClass: 98953K(99392K)->98953K(99392K) Class: 13161K(13632K)->13161K(13632K)
[2026-09-20T21:28:53.407+0800][12866.891s][info][gc          ] GC(271) Pause Young (Normal) (G1 Evacuation Pause) 701M->88M(1024M) 2.091ms
[2026-09-20T21:28:53.407+0800][12866.891s][info][gc,cpu      ] GC(271) User=0.00s Sys=0.00s Real=0.00s
[2026-09-20T21:35:35.766+0800][13269.249s][info][gc,start    ] GC(272) Pause Young (Normal) (G1 Evacuation Pause)
[2026-09-20T21:35:35.767+0800][13269.249s][info][gc,task     ] GC(272) Using 13 workers of 13 for evacuation
[2026-09-20T21:35:35.769+0800][13269.252s][info][gc,phases   ] GC(272)   Pre Evacuate Collection Set: 0.20ms
[2026-09-20T21:35:35.769+0800][13269.252s][info][gc,phases   ] GC(272)   Merge Heap Roots: 0.10ms
[2026-09-20T21:35:35.769+0800][13269.252s][info][gc,phases   ] GC(272)   Evacuate Collection Set: 1.73ms
[2026-09-20T21:35:35.769+0800][13269.252s][info][gc,phases   ] GC(272)   Post Evacuate Collection Set: 0.73ms
[2026-09-20T21:35:35.769+0800][13269.253s][info][gc,phases   ] GC(272)   Other: 0.31ms
[2026-09-20T21:35:35.769+0800][13269.253s][info][gc,heap     ] GC(272) Eden regions: 613->0(613)
[2026-09-20T21:35:35.769+0800][13269.253s][info][gc,heap     ] GC(272) Survivor regions: 1->1(77)
[2026-09-20T21:35:35.769+0800][13269.253s][info][gc,heap     ] GC(272) Old regions: 86->86
[2026-09-20T21:35:35.769+0800][13269.253s][info][gc,heap     ] GC(272) Archive regions: 0->0
[2026-09-20T21:35:35.769+0800][13269.253s][info][gc,heap     ] GC(272) Humongous regions: 2->2
[2026-09-20T21:35:35.769+0800][13269.253s][info][gc,metaspace] GC(272) Metaspace: 112114K(113024K)->112114K(113024K) NonClass: 98953K(99392K)->98953K(99392K) Class: 13161K(13632K)->13161K(13632K)
[2026-09-20T21:35:35.769+0800][13269.253s][info][gc          ] GC(272) Pause Young (Normal) (G1 Evacuation Pause) 701M->88M(1024M) 3.235ms
[2026-09-20T21:35:35.769+0800][13269.253s][info][gc,cpu      ] GC(272) User=0.00s Sys=0.00s Real=0.00s
[2026-09-20T21:41:37.931+0800][13631.415s][info][gc,start    ] GC(273) Pause Young (Normal) (G1 Evacuation Pause)
[2026-09-20T21:41:37.931+0800][13631.415s][info][gc,task     ] GC(273) Using 13 workers of 13 for evacuation
[2026-09-20T21:41:37.939+0800][13631.422s][info][gc,phases   ] GC(273)   Pre Evacuate Collection Set: 0.51ms
[2026-09-20T21:41:37.939+0800][13631.422s][info][gc,phases   ] GC(273)   Merge Heap Roots: 0.27ms
[2026-09-20T21:41:37.939+0800][13631.422s][info][gc,phases   ] GC(273)   Evacuate Collection Set: 4.93ms
[2026-09-20T21:41:37.939+0800][13631.422s][info][gc,phases   ] GC(273)   Post Evacuate Collection Set: 1.11ms
[2026-09-20T21:41:37.939+0800][13631.422s][info][gc,phases   ] GC(273)   Other: 0.42ms
[2026-09-20T21:41:37.939+0800][13631.422s][info][gc,heap     ] GC(273) Eden regions: 613->0(612)
[2026-09-20T21:41:37.939+0800][13631.422s][info][gc,heap     ] GC(273) Survivor regions: 1->2(77)
[2026-09-20T21:41:37.939+0800][13631.422s][info][gc,heap     ] GC(273) Old regions: 86->86
[2026-09-20T21:41:37.939+0800][13631.422s][info][gc,heap     ] GC(273) Archive regions: 0->0
[2026-09-20T21:41:37.939+0800][13631.422s][info][gc,heap     ] GC(273) Humongous regions: 2->2
[2026-09-20T21:41:37.939+0800][13631.422s][info][gc,metaspace] GC(273) Metaspace: 112215K(113088K)->112215K(113088K) NonClass: 99050K(99456K)->99050K(99456K) Class: 13165K(13632K)->13165K(13632K)
[2026-09-20T21:41:37.939+0800][13631.422s][info][gc          ] GC(273) Pause Young (Normal) (G1 Evacuation Pause) 701M->89M(1024M) 7.311ms
[2026-09-20T21:41:37.939+0800][13631.422s][info][gc,cpu      ] GC(273) User=0.00s Sys=0.00s Real=0.01s
[2026-09-20T21:41:42.978+0800][13636.461s][info][gc,start    ] GC(274) Pause Young (Normal) (G1 Evacuation Pause)
[2026-09-20T21:41:42.978+0800][13636.462s][info][gc,task     ] GC(274) Using 13 workers of 13 for evacuation
[2026-09-20T21:41:42.981+0800][13636.464s][info][gc,phases   ] GC(274)   Pre Evacuate Collection Set: 0.11ms
[2026-09-20T21:41:42.981+0800][13636.464s][info][gc,phases   ] GC(274)   Merge Heap Roots: 0.09ms
[2026-09-20T21:41:42.981+0800][13636.464s][info][gc,phases   ] GC(274)   Evacuate Collection Set: 2.16ms
[2026-09-20T21:41:42.981+0800][13636.464s][info][gc,phases   ] GC(274)   Post Evacuate Collection Set: 0.42ms
[2026-09-20T21:41:42.981+0800][13636.464s][info][gc,phases   ] GC(274)   Other: 0.21ms
[2026-09-20T21:41:42.981+0800][13636.464s][info][gc,heap     ] GC(274) Eden regions: 612->0(610)
[2026-09-20T21:41:42.981+0800][13636.464s][info][gc,heap     ] GC(274) Survivor regions: 2->4(77)
[2026-09-20T21:41:42.981+0800][13636.465s][info][gc,heap     ] GC(274) Old regions: 86->86
[2026-09-20T21:41:42.981+0800][13636.465s][info][gc,heap     ] GC(274) Archive regions: 0->0
[2026-09-20T21:41:42.981+0800][13636.465s][info][gc,heap     ] GC(274) Humongous regions: 2->2
[2026-09-20T21:41:42.981+0800][13636.465s][info][gc,metaspace] GC(274) Metaspace: 112227K(113088K)->112227K(113088K) NonClass: 99062K(99456K)->99062K(99456K) Class: 13165K(13632K)->13165K(13632K)
[2026-09-20T21:41:42.981+0800][13636.465s][info][gc          ] GC(274) Pause Young (Normal) (G1 Evacuation Pause) 701M->91M(1024M) 3.104ms
[2026-09-20T21:41:42.981+0800][13636.465s][info][gc,cpu      ] GC(274) User=0.00s Sys=0.02s Real=0.00s
[2026-09-20T21:41:47.684+0800][13641.167s][info][gc,start    ] GC(275) Pause Young (Normal) (G1 Evacuation Pause)
[2026-09-20T21:41:47.684+0800][13641.167s][info][gc,task     ] GC(275) Using 13 workers of 13 for evacuation
[2026-09-20T21:41:47.686+0800][13641.169s][info][gc,phases   ] GC(275)   Pre Evacuate Collection Set: 0.10ms
[2026-09-20T21:41:47.686+0800][13641.169s][info][gc,phases   ] GC(275)   Merge Heap Roots: 0.07ms
[2026-09-20T21:41:47.686+0800][13641.169s][info][gc,phases   ] GC(275)   Evacuate Collection Set: 1.75ms
[2026-09-20T21:41:47.686+0800][13641.169s][info][gc,phases   ] GC(275)   Post Evacuate Collection Set: 0.46ms
[2026-09-20T21:41:47.686+0800][13641.169s][info][gc,phases   ] GC(275)   Other: 0.20ms
[2026-09-20T21:41:47.686+0800][13641.169s][info][gc,heap     ] GC(275) Eden regions: 610->0(609)
[2026-09-20T21:41:47.686+0800][13641.169s][info][gc,heap     ] GC(275) Survivor regions: 4->5(77)
[2026-09-20T21:41:47.686+0800][13641.169s][info][gc,heap     ] GC(275) Old regions: 86->87
[2026-09-20T21:41:47.686+0800][13641.169s][info][gc,heap     ] GC(275) Archive regions: 0->0
[2026-09-20T21:41:47.686+0800][13641.169s][info][gc,heap     ] GC(275) Humongous regions: 2->2
[2026-09-20T21:41:47.686+0800][13641.169s][info][gc,metaspace] GC(275) Metaspace: 112227K(113088K)->112227K(113088K) NonClass: 99062K(99456K)->99062K(99456K) Class: 13165K(13632K)->13165K(13632K)
[2026-09-20T21:41:47.686+0800][13641.169s][info][gc          ] GC(275) Pause Young (Normal) (G1 Evacuation Pause) 701M->92M(1024M) 2.678ms
[2026-09-20T21:41:47.686+0800][13641.170s][info][gc,cpu      ] GC(275) User=0.00s Sys=0.00s Real=0.00s
[2026-09-20T21:41:52.567+0800][13646.050s][info][gc,start    ] GC(276) Pause Young (Normal) (G1 Evacuation Pause)
[2026-09-20T21:41:52.567+0800][13646.050s][info][gc,task     ] GC(276) Using 13 workers of 13 for evacuation
[2026-09-20T21:41:52.569+0800][13646.052s][info][gc,phases   ] GC(276)   Pre Evacuate Collection Set: 0.15ms
[2026-09-20T21:41:52.569+0800][13646.052s][info][gc,phases   ] GC(276)   Merge Heap Roots: 0.07ms
[2026-09-20T21:41:52.569+0800][13646.052s][info][gc,phases   ] GC(276)   Evacuate Collection Set: 1.10ms
[2026-09-20T21:41:52.569+0800][13646.052s][info][gc,phases   ] GC(276)   Post Evacuate Collection Set: 0.41ms
[2026-09-20T21:41:52.569+0800][13646.052s][info][gc,phases   ] GC(276)   Other: 0.19ms
[2026-09-20T21:41:52.569+0800][13646.052s][info][gc,heap     ] GC(276) Eden regions: 609->0(609)
[2026-09-20T21:41:52.569+0800][13646.052s][info][gc,heap     ] GC(276) Survivor regions: 5->5(77)
[2026-09-20T21:41:52.569+0800][13646.052s][info][gc,heap     ] GC(276) Old regions: 87->87
[2026-09-20T21:41:52.569+0800][13646.052s][info][gc,heap     ] GC(276) Archive regions: 0->0
[2026-09-20T21:41:52.569+0800][13646.052s][info][gc,heap     ] GC(276) Humongous regions: 2->2
[2026-09-20T21:41:52.569+0800][13646.052s][info][gc,metaspace] GC(276) Metaspace: 112227K(113088K)->112227K(113088K) NonClass: 99062K(99456K)->99062K(99456K) Class: 13165K(13632K)->13165K(13632K)
[2026-09-20T21:41:52.569+0800][13646.052s][info][gc          ] GC(276) Pause Young (Normal) (G1 Evacuation Pause) 701M->92M(1024M) 2.069ms
[2026-09-20T21:41:52.569+0800][13646.053s][info][gc,cpu      ] GC(276) User=0.00s Sys=0.00s Real=0.00s
[2026-09-20T21:41:56.825+0800][13650.309s][info][gc,start    ] GC(277) Pause Young (Normal) (G1 Evacuation Pause)
[2026-09-20T21:41:56.825+0800][13650.309s][info][gc,task     ] GC(277) Using 13 workers of 13 for evacuation
[2026-09-20T21:41:56.828+0800][13650.311s][info][gc,phases   ] GC(277)   Pre Evacuate Collection Set: 0.11ms
[2026-09-20T21:41:56.828+0800][13650.311s][info][gc,phases   ] GC(277)   Merge Heap Roots: 0.08ms
[2026-09-20T21:41:56.828+0800][13650.311s][info][gc,phases   ] GC(277)   Evacuate Collection Set: 1.67ms
[2026-09-20T21:41:56.828+0800][13650.311s][info][gc,phases   ] GC(277)   Post Evacuate Collection Set: 0.44ms
[2026-09-20T21:41:56.828+0800][13650.311s][info][gc,phases   ] GC(277)   Other: 0.16ms
[2026-09-20T21:41:56.828+0800][13650.311s][info][gc,heap     ] GC(277) Eden regions: 609->0(607)
[2026-09-20T21:41:56.828+0800][13650.311s][info][gc,heap     ] GC(277) Survivor regions: 5->7(77)
[2026-09-20T21:41:56.828+0800][13650.311s][info][gc,heap     ] GC(277) Old regions: 87->87
[2026-09-20T21:41:56.828+0800][13650.311s][info][gc,heap     ] GC(277) Archive regions: 0->0
[2026-09-20T21:41:56.828+0800][13650.311s][info][gc,heap     ] GC(277) Humongous regions: 2->2
[2026-09-20T21:41:56.828+0800][13650.312s][info][gc,metaspace] GC(277) Metaspace: 112286K(113152K)->112286K(113152K) NonClass: 99118K(99520K)->99118K(99520K) Class: 13167K(13632K)->13167K(13632K)
[2026-09-20T21:41:56.828+0800][13650.312s][info][gc          ] GC(277) Pause Young (Normal) (G1 Evacuation Pause) 701M->94M(1024M) 2.691ms
[2026-09-20T21:41:56.828+0800][13650.312s][info][gc,cpu      ] GC(277) User=0.00s Sys=0.00s Real=0.00s
[2026-09-20T21:42:01.107+0800][13654.592s][info][gc,start    ] GC(278) Pause Young (Normal) (G1 Evacuation Pause)
[2026-09-20T21:42:01.107+0800][13654.592s][info][gc,task     ] GC(278) Using 13 workers of 13 for evacuation
[2026-09-20T21:42:01.110+0800][13654.593s][info][gc,phases   ] GC(278)   Pre Evacuate Collection Set: 0.10ms
[2026-09-20T21:42:01.110+0800][13654.593s][info][gc,phases   ] GC(278)   Merge Heap Roots: 0.06ms
[2026-09-20T21:42:01.110+0800][13654.593s][info][gc,phases   ] GC(278)   Evacuate Collection Set: 1.05ms
[2026-09-20T21:42:01.110+0800][13654.593s][info][gc,phases   ] GC(278)   Post Evacuate Collection Set: 0.41ms
[2026-09-20T21:42:01.110+0800][13654.593s][info][gc,phases   ] GC(278)   Other: 0.18ms
[2026-09-20T21:42:01.110+0800][13654.593s][info][gc,heap     ] GC(278) Eden regions: 607->0(609)
[2026-09-20T21:42:01.110+0800][13654.593s][info][gc,heap     ] GC(278) Survivor regions: 7->5(77)
[2026-09-20T21:42:01.110+0800][13654.593s][info][gc,heap     ] GC(278) Old regions: 87->87
[2026-09-20T21:42:01.110+0800][13654.593s][info][gc,heap     ] GC(278) Archive regions: 0->0
[2026-09-20T21:42:01.110+0800][13654.593s][info][gc,heap     ] GC(278) Humongous regions: 2->2
[2026-09-20T21:42:01.110+0800][13654.593s][info][gc,metaspace] GC(278) Metaspace: 112286K(113152K)->112286K(113152K) NonClass: 99118K(99520K)->99118K(99520K) Class: 13167K(13632K)->13167K(13632K)
[2026-09-20T21:42:01.110+0800][13654.593s][info][gc          ] GC(278) Pause Young (Normal) (G1 Evacuation Pause) 701M->93M(1024M) 1.920ms
[2026-09-20T21:42:01.110+0800][13654.594s][info][gc,cpu      ] GC(278) User=0.00s Sys=0.00s Real=0.00s
[2026-09-20T21:42:05.493+0800][13658.977s][info][gc,start    ] GC(279) Pause Young (Normal) (G1 Evacuation Pause)
[2026-09-20T21:42:05.493+0800][13658.977s][info][gc,task     ] GC(279) Using 13 workers of 13 for evacuation
[2026-09-20T21:42:05.495+0800][13658.979s][info][gc,phases   ] GC(279)   Pre Evacuate Collection Set: 0.14ms
[2026-09-20T21:42:05.495+0800][13658.979s][info][gc,phases   ] GC(279)   Merge Heap Roots: 0.07ms
[2026-09-20T21:42:05.495+0800][13658.979s][info][gc,phases   ] GC(279)   Evacuate Collection Set: 1.24ms
[2026-09-20T21:42:05.495+0800][13658.979s][info][gc,phases   ] GC(279)   Post Evacuate Collection Set: 0.45ms
[2026-09-20T21:42:05.495+0800][13658.979s][info][gc,phases   ] GC(279)   Other: 0.15ms
[2026-09-20T21:42:05.495+0800][13658.979s][info][gc,heap     ] GC(279) Eden regions: 609->0(609)
[2026-09-20T21:42:05.495+0800][13658.979s][info][gc,heap     ] GC(279) Survivor regions: 5->5(77)
[2026-09-20T21:42:05.495+0800][13658.979s][info][gc,heap     ] GC(279) Old regions: 87->87
[2026-09-20T21:42:05.495+0800][13658.979s][info][gc,heap     ] GC(279) Archive regions: 0->0
[2026-09-20T21:42:05.495+0800][13658.979s][info][gc,heap     ] GC(279) Humongous regions: 2->2
[2026-09-20T21:42:05.495+0800][13658.979s][info][gc,metaspace] GC(279) Metaspace: 112286K(113152K)->112286K(113152K) NonClass: 99118K(99520K)->99118K(99520K) Class: 13167K(13632K)->13167K(13632K)
[2026-09-20T21:42:05.495+0800][13658.979s][info][gc          ] GC(279) Pause Young (Normal) (G1 Evacuation Pause) 702M->92M(1024M) 2.154ms
[2026-09-20T21:42:05.495+0800][13658.979s][info][gc,cpu      ] GC(279) User=0.00s Sys=0.00s Real=0.00s
[2026-09-20T21:42:10.014+0800][13663.498s][info][gc,start    ] GC(280) Pause Young (Normal) (G1 Evacuation Pause)
[2026-09-20T21:42:10.014+0800][13663.498s][info][gc,task     ] GC(280) Using 13 workers of 13 for evacuation
[2026-09-20T21:42:10.016+0800][13663.500s][info][gc,phases   ] GC(280)   Pre Evacuate Collection Set: 0.12ms
[2026-09-20T21:42:10.016+0800][13663.500s][info][gc,phases   ] GC(280)   Merge Heap Roots: 0.09ms
[2026-09-20T21:42:10.016+0800][13663.500s][info][gc,phases   ] GC(280)   Evacuate Collection Set: 1.23ms
[2026-09-20T21:42:10.016+0800][13663.500s][info][gc,phases   ] GC(280)   Post Evacuate Collection Set: 0.38ms
[2026-09-20T21:42:10.016+0800][13663.500s][info][gc,phases   ] GC(280)   Other: 0.16ms
[2026-09-20T21:42:10.016+0800][13663.500s][info][gc,heap     ] GC(280) Eden regions: 609->0(609)
[2026-09-20T21:42:10.016+0800][13663.500s][info][gc,heap     ] GC(280) Survivor regions: 5->5(77)
[2026-09-20T21:42:10.016+0800][13663.500s][info][gc,heap     ] GC(280) Old regions: 87->87
[2026-09-20T21:42:10.016+0800][13663.500s][info][gc,heap     ] GC(280) Archive regions: 0->0
[2026-09-20T21:42:10.016+0800][13663.500s][info][gc,heap     ] GC(280) Humongous regions: 2->2
[2026-09-20T21:42:10.016+0800][13663.500s][info][gc,metaspace] GC(280) Metaspace: 112286K(113152K)->112286K(113152K) NonClass: 99118K(99520K)->99118K(99520K) Class: 13167K(13632K)->13167K(13632K)
[2026-09-20T21:42:10.016+0800][13663.500s][info][gc          ] GC(280) Pause Young (Normal) (G1 Evacuation Pause) 701M->92M(1024M) 2.112ms
[2026-09-20T21:42:10.016+0800][13663.500s][info][gc,cpu      ] GC(280) User=0.00s Sys=0.00s Real=0.00s
[2026-09-20T21:42:14.469+0800][13667.953s][info][gc,start    ] GC(281) Pause Young (Normal) (G1 Evacuation Pause)
[2026-09-20T21:42:14.469+0800][13667.953s][info][gc,task     ] GC(281) Using 13 workers of 13 for evacuation
[2026-09-20T21:42:14.471+0800][13667.954s][info][gc,phases   ] GC(281)   Pre Evacuate Collection Set: 0.14ms
[2026-09-20T21:42:14.471+0800][13667.954s][info][gc,phases   ] GC(281)   Merge Heap Roots: 0.08ms
[2026-09-20T21:42:14.471+0800][13667.954s][info][gc,phases   ] GC(281)   Evacuate Collection Set: 0.90ms
[2026-09-20T21:42:14.471+0800][13667.954s][info][gc,phases   ] GC(281)   Post Evacuate Collection Set: 0.34ms
[2026-09-20T21:42:14.471+0800][13667.954s][info][gc,phases   ] GC(281)   Other: 0.16ms
[2026-09-20T21:42:14.471+0800][13667.954s][info][gc,heap     ] GC(281) Eden regions: 609->0(609)
[2026-09-20T21:42:14.471+0800][13667.954s][info][gc,heap     ] GC(281) Survivor regions: 5->5(77)
[2026-09-20T21:42:14.471+0800][13667.954s][info][gc,heap     ] GC(281) Old regions: 87->87
[2026-09-20T21:42:14.471+0800][13667.954s][info][gc,heap     ] GC(281) Archive regions: 0->0
[2026-09-20T21:42:14.471+0800][13667.954s][info][gc,heap     ] GC(281) Humongous regions: 2->2
[2026-09-20T21:42:14.471+0800][13667.954s][info][gc,metaspace] GC(281) Metaspace: 112286K(113152K)->112286K(113152K) NonClass: 99118K(99520K)->99118K(99520K) Class: 13167K(13632K)->13167K(13632K)
[2026-09-20T21:42:14.471+0800][13667.954s][info][gc          ] GC(281) Pause Young (Normal) (G1 Evacuation Pause) 701M->92M(1024M) 1.714ms
[2026-09-20T21:42:14.471+0800][13667.954s][info][gc,cpu      ] GC(281) User=0.00s Sys=0.00s Real=0.00s
[2026-09-20T21:42:19.033+0800][13672.516s][info][gc,start    ] GC(282) Pause Young (Normal) (G1 Evacuation Pause)
[2026-09-20T21:42:19.033+0800][13672.516s][info][gc,task     ] GC(282) Using 13 workers of 13 for evacuation
[2026-09-20T21:42:19.035+0800][13672.518s][info][gc,phases   ] GC(282)   Pre Evacuate Collection Set: 0.09ms
[2026-09-20T21:42:19.035+0800][13672.518s][info][gc,phases   ] GC(282)   Merge Heap Roots: 0.07ms
[2026-09-20T21:42:19.035+0800][13672.518s][info][gc,phases   ] GC(282)   Evacuate Collection Set: 0.93ms
[2026-09-20T21:42:19.035+0800][13672.518s][info][gc,phases   ] GC(282)   Post Evacuate Collection Set: 0.39ms
[2026-09-20T21:42:19.035+0800][13672.518s][info][gc,phases   ] GC(282)   Other: 0.14ms
[2026-09-20T21:42:19.035+0800][13672.518s][info][gc,heap     ] GC(282) Eden regions: 609->0(609)
[2026-09-20T21:42:19.035+0800][13672.518s][info][gc,heap     ] GC(282) Survivor regions: 5->5(77)
[2026-09-20T21:42:19.035+0800][13672.518s][info][gc,heap     ] GC(282) Old regions: 87->87
[2026-09-20T21:42:19.035+0800][13672.518s][info][gc,heap     ] GC(282) Archive regions: 0->0
[2026-09-20T21:42:19.035+0800][13672.518s][info][gc,heap     ] GC(282) Humongous regions: 2->2
[2026-09-20T21:42:19.035+0800][13672.518s][info][gc,metaspace] GC(282) Metaspace: 112286K(113152K)->112286K(113152K) NonClass: 99118K(99520K)->99118K(99520K) Class: 13167K(13632K)->13167K(13632K)
[2026-09-20T21:42:19.035+0800][13672.518s][info][gc          ] GC(282) Pause Young (Normal) (G1 Evacuation Pause) 701M->93M(1024M) 1.737ms
[2026-09-20T21:42:19.035+0800][13672.518s][info][gc,cpu      ] GC(282) User=0.00s Sys=0.00s Real=0.00s
[2026-09-20T21:42:29.901+0800][13683.385s][info][gc,start    ] GC(283) Pause Young (Normal) (G1 Evacuation Pause)
[2026-09-20T21:42:29.902+0800][13683.385s][info][gc,task     ] GC(283) Using 13 workers of 13 for evacuation
[2026-09-20T21:42:29.903+0800][13683.387s][info][gc,phases   ] GC(283)   Pre Evacuate Collection Set: 0.14ms
[2026-09-20T21:42:29.903+0800][13683.387s][info][gc,phases   ] GC(283)   Merge Heap Roots: 0.29ms
[2026-09-20T21:42:29.903+0800][13683.387s][info][gc,phases   ] GC(283)   Evacuate Collection Set: 0.88ms
[2026-09-20T21:42:29.903+0800][13683.387s][info][gc,phases   ] GC(283)   Post Evacuate Collection Set: 0.36ms
[2026-09-20T21:42:29.903+0800][13683.387s][info][gc,phases   ] GC(283)   Other: 0.16ms
[2026-09-20T21:42:29.903+0800][13683.387s][info][gc,heap     ] GC(283) Eden regions: 609->0(610)
[2026-09-20T21:42:29.903+0800][13683.387s][info][gc,heap     ] GC(283) Survivor regions: 5->4(77)
[2026-09-20T21:42:29.903+0800][13683.387s][info][gc,heap     ] GC(283) Old regions: 87->87
[2026-09-20T21:42:29.903+0800][13683.387s][info][gc,heap     ] GC(283) Archive regions: 0->0
[2026-09-20T21:42:29.903+0800][13683.387s][info][gc,heap     ] GC(283) Humongous regions: 2->2
[2026-09-20T21:42:29.903+0800][13683.387s][info][gc,metaspace] GC(283) Metaspace: 112286K(113152K)->112286K(113152K) NonClass: 99118K(99520K)->99118K(99520K) Class: 13167K(13632K)->13167K(13632K)
[2026-09-20T21:42:29.903+0800][13683.387s][info][gc          ] GC(283) Pause Young (Normal) (G1 Evacuation Pause) 702M->91M(1024M) 1.934ms
[2026-09-20T21:42:29.903+0800][13683.387s][info][gc,cpu      ] GC(283) User=0.00s Sys=0.00s Real=0.00s
[2026-09-20T21:42:51.942+0800][13705.425s][info][gc,start    ] GC(284) Pause Young (Normal) (G1 Evacuation Pause)
[2026-09-20T21:42:51.942+0800][13705.425s][info][gc,task     ] GC(284) Using 13 workers of 13 for evacuation
[2026-09-20T21:42:51.943+0800][13705.426s][info][gc,phases   ] GC(284)   Pre Evacuate Collection Set: 0.09ms
[2026-09-20T21:42:51.943+0800][13705.426s][info][gc,phases   ] GC(284)   Merge Heap Roots: 0.07ms
[2026-09-20T21:42:51.943+0800][13705.426s][info][gc,phases   ] GC(284)   Evacuate Collection Set: 0.81ms
[2026-09-20T21:42:51.943+0800][13705.426s][info][gc,phases   ] GC(284)   Post Evacuate Collection Set: 0.38ms
[2026-09-20T21:42:51.943+0800][13705.426s][info][gc,phases   ] GC(284)   Other: 0.14ms
[2026-09-20T21:42:51.943+0800][13705.426s][info][gc,heap     ] GC(284) Eden regions: 610->0(610)
[2026-09-20T21:42:51.943+0800][13705.426s][info][gc,heap     ] GC(284) Survivor regions: 4->4(77)
[2026-09-20T21:42:51.943+0800][13705.426s][info][gc,heap     ] GC(284) Old regions: 87->87
[2026-09-20T21:42:51.943+0800][13705.426s][info][gc,heap     ] GC(284) Archive regions: 0->0
[2026-09-20T21:42:51.943+0800][13705.426s][info][gc,heap     ] GC(284) Humongous regions: 2->2
[2026-09-20T21:42:51.943+0800][13705.426s][info][gc,metaspace] GC(284) Metaspace: 112286K(113152K)->112286K(113152K) NonClass: 99118K(99520K)->99118K(99520K) Class: 13167K(13632K)->13167K(13632K)
[2026-09-20T21:42:51.943+0800][13705.426s][info][gc          ] GC(284) Pause Young (Normal) (G1 Evacuation Pause) 701M->91M(1024M) 1.581ms
[2026-09-20T21:42:51.943+0800][13705.426s][info][gc,cpu      ] GC(284) User=0.00s Sys=0.00s Real=0.00s
[2026-09-20T21:43:14.339+0800][13727.822s][info][gc,start    ] GC(285) Pause Young (Normal) (G1 Evacuation Pause)
[2026-09-20T21:43:14.339+0800][13727.822s][info][gc,task     ] GC(285) Using 13 workers of 13 for evacuation
[2026-09-20T21:43:14.340+0800][13727.823s][info][gc,phases   ] GC(285)   Pre Evacuate Collection Set: 0.08ms
[2026-09-20T21:43:14.340+0800][13727.823s][info][gc,phases   ] GC(285)   Merge Heap Roots: 0.09ms
[2026-09-20T21:43:14.340+0800][13727.823s][info][gc,phases   ] GC(285)   Evacuate Collection Set: 0.79ms
[2026-09-20T21:43:14.340+0800][13727.824s][info][gc,phases   ] GC(285)   Post Evacuate Collection Set: 0.42ms
[2026-09-20T21:43:14.340+0800][13727.824s][info][gc,phases   ] GC(285)   Other: 0.16ms
[2026-09-20T21:43:14.340+0800][13727.824s][info][gc,heap     ] GC(285) Eden regions: 610->0(610)
[2026-09-20T21:43:14.340+0800][13727.824s][info][gc,heap     ] GC(285) Survivor regions: 4->4(77)
[2026-09-20T21:43:14.340+0800][13727.824s][info][gc,heap     ] GC(285) Old regions: 87->87
[2026-09-20T21:43:14.340+0800][13727.824s][info][gc,heap     ] GC(285) Archive regions: 0->0
[2026-09-20T21:43:14.340+0800][13727.824s][info][gc,heap     ] GC(285) Humongous regions: 2->2
[2026-09-20T21:43:14.340+0800][13727.824s][info][gc,metaspace] GC(285) Metaspace: 112286K(113152K)->112286K(113152K) NonClass: 99118K(99520K)->99118K(99520K) Class: 13167K(13632K)->13167K(13632K)
[2026-09-20T21:43:14.340+0800][13727.824s][info][gc          ] GC(285) Pause Young (Normal) (G1 Evacuation Pause) 701M->91M(1024M) 1.645ms
[2026-09-20T21:43:14.340+0800][13727.824s][info][gc,cpu      ] GC(285) User=0.00s Sys=0.00s Real=0.00s
[2026-09-20T21:43:35.925+0800][13749.408s][info][gc,start    ] GC(286) Pause Young (Normal) (G1 Evacuation Pause)
[2026-09-20T21:43:35.925+0800][13749.408s][info][gc,task     ] GC(286) Using 13 workers of 13 for evacuation
[2026-09-20T21:43:35.926+0800][13749.409s][info][gc,phases   ] GC(286)   Pre Evacuate Collection Set: 0.08ms
[2026-09-20T21:43:35.926+0800][13749.409s][info][gc,phases   ] GC(286)   Merge Heap Roots: 0.05ms
[2026-09-20T21:43:35.926+0800][13749.410s][info][gc,phases   ] GC(286)   Evacuate Collection Set: 0.89ms
[2026-09-20T21:43:35.926+0800][13749.410s][info][gc,phases   ] GC(286)   Post Evacuate Collection Set: 0.42ms
[2026-09-20T21:43:35.926+0800][13749.410s][info][gc,phases   ] GC(286)   Other: 0.14ms
[2026-09-20T21:43:35.926+0800][13749.410s][info][gc,heap     ] GC(286) Eden regions: 610->0(611)
[2026-09-20T21:43:35.926+0800][13749.410s][info][gc,heap     ] GC(286) Survivor regions: 4->3(77)
[2026-09-20T21:43:35.926+0800][13749.410s][info][gc,heap     ] GC(286) Old regions: 87->87
[2026-09-20T21:43:35.926+0800][13749.410s][info][gc,heap     ] GC(286) Archive regions: 0->0
[2026-09-20T21:43:35.926+0800][13749.410s][info][gc,heap     ] GC(286) Humongous regions: 2->2
[2026-09-20T21:43:35.926+0800][13749.410s][info][gc,metaspace] GC(286) Metaspace: 112286K(113152K)->112286K(113152K) NonClass: 99118K(99520K)->99118K(99520K) Class: 13167K(13632K)->13167K(13632K)
[2026-09-20T21:43:35.926+0800][13749.410s][info][gc          ] GC(286) Pause Young (Normal) (G1 Evacuation Pause) 701M->91M(1024M) 1.720ms
[2026-09-20T21:43:35.926+0800][13749.410s][info][gc,cpu      ] GC(286) User=0.00s Sys=0.00s Real=0.00s
[2026-09-20T21:43:58.376+0800][13771.860s][info][gc,start    ] GC(287) Pause Young (Normal) (G1 Evacuation Pause)
[2026-09-20T21:43:58.376+0800][13771.860s][info][gc,task     ] GC(287) Using 13 workers of 13 for evacuation
[2026-09-20T21:43:58.377+0800][13771.862s][info][gc,phases   ] GC(287)   Pre Evacuate Collection Set: 0.10ms
[2026-09-20T21:43:58.377+0800][13771.862s][info][gc,phases   ] GC(287)   Merge Heap Roots: 0.08ms
[2026-09-20T21:43:58.377+0800][13771.862s][info][gc,phases   ] GC(287)   Evacuate Collection Set: 0.90ms
[2026-09-20T21:43:58.377+0800][13771.862s][info][gc,phases   ] GC(287)   Post Evacuate Collection Set: 0.38ms
[2026-09-20T21:43:58.377+0800][13771.862s][info][gc,phases   ] GC(287)   Other: 0.17ms
[2026-09-20T21:43:58.377+0800][13771.862s][info][gc,heap     ] GC(287) Eden regions: 611->0(611)
[2026-09-20T21:43:58.377+0800][13771.862s][info][gc,heap     ] GC(287) Survivor regions: 3->3(77)
[2026-09-20T21:43:58.377+0800][13771.862s][info][gc,heap     ] GC(287) Old regions: 87->87
[2026-09-20T21:43:58.377+0800][13771.862s][info][gc,heap     ] GC(287) Archive regions: 0->0
[2026-09-20T21:43:58.377+0800][13771.862s][info][gc,heap     ] GC(287) Humongous regions: 2->2
[2026-09-20T21:43:58.377+0800][13771.862s][info][gc,metaspace] GC(287) Metaspace: 112286K(113152K)->112286K(113152K) NonClass: 99118K(99520K)->99118K(99520K) Class: 13167K(13632K)->13167K(13632K)
[2026-09-20T21:43:58.377+0800][13771.862s][info][gc          ] GC(287) Pause Young (Normal) (G1 Evacuation Pause) 702M->90M(1024M) 1.759ms
[2026-09-20T21:43:58.377+0800][13771.862s][info][gc,cpu      ] GC(287) User=0.00s Sys=0.00s Real=0.00s
[2026-09-20T21:44:20.430+0800][13793.913s][info][gc,start    ] GC(288) Pause Young (Normal) (G1 Evacuation Pause)
[2026-09-20T21:44:20.430+0800][13793.913s][info][gc,task     ] GC(288) Using 13 workers of 13 for evacuation
[2026-09-20T21:44:20.431+0800][13793.915s][info][gc,phases   ] GC(288)   Pre Evacuate Collection Set: 0.08ms
[2026-09-20T21:44:20.432+0800][13793.915s][info][gc,phases   ] GC(288)   Merge Heap Roots: 0.09ms
[2026-09-20T21:44:20.432+0800][13793.915s][info][gc,phases   ] GC(288)   Evacuate Collection Set: 1.13ms
[2026-09-20T21:44:20.432+0800][13793.915s][info][gc,phases   ] GC(288)   Post Evacuate Collection Set: 0.37ms
[2026-09-20T21:44:20.432+0800][13793.915s][info][gc,phases   ] GC(288)   Other: 0.15ms
[2026-09-20T21:44:20.432+0800][13793.915s][info][gc,heap     ] GC(288) Eden regions: 611->0(612)
[2026-09-20T21:44:20.432+0800][13793.915s][info][gc,heap     ] GC(288) Survivor regions: 3->2(77)
[2026-09-20T21:44:20.432+0800][13793.915s][info][gc,heap     ] GC(288) Old regions: 87->88
[2026-09-20T21:44:20.432+0800][13793.915s][info][gc,heap     ] GC(288) Archive regions: 0->0
[2026-09-20T21:44:20.432+0800][13793.915s][info][gc,heap     ] GC(288) Humongous regions: 2->2
[2026-09-20T21:44:20.432+0800][13793.915s][info][gc,metaspace] GC(288) Metaspace: 112286K(113152K)->112286K(113152K) NonClass: 99118K(99520K)->99118K(99520K) Class: 13167K(13632K)->13167K(13632K)
[2026-09-20T21:44:20.432+0800][13793.915s][info][gc          ] GC(288) Pause Young (Normal) (G1 Evacuation Pause) 701M->91M(1024M) 1.919ms
[2026-09-20T21:44:20.432+0800][13793.915s][info][gc,cpu      ] GC(288) User=0.17s Sys=0.02s Real=0.00s
[2026-09-20T21:53:55.692+0800][14369.175s][info][gc,start    ] GC(289) Pause Young (Normal) (G1 Evacuation Pause)
[2026-09-20T21:53:55.692+0800][14369.175s][info][gc,task     ] GC(289) Using 13 workers of 13 for evacuation
[2026-09-20T21:53:55.703+0800][14369.186s][info][gc,phases   ] GC(289)   Pre Evacuate Collection Set: 0.90ms
[2026-09-20T21:53:55.703+0800][14369.186s][info][gc,phases   ] GC(289)   Merge Heap Roots: 0.33ms
[2026-09-20T21:53:55.703+0800][14369.186s][info][gc,phases   ] GC(289)   Evacuate Collection Set: 8.43ms
[2026-09-20T21:53:55.703+0800][14369.186s][info][gc,phases   ] GC(289)   Post Evacuate Collection Set: 1.24ms
[2026-09-20T21:53:55.703+0800][14369.186s][info][gc,phases   ] GC(289)   Other: 0.34ms
[2026-09-20T21:53:55.703+0800][14369.186s][info][gc,heap     ] GC(289) Eden regions: 612->0(610)
[2026-09-20T21:53:55.703+0800][14369.186s][info][gc,heap     ] GC(289) Survivor regions: 2->4(77)
[2026-09-20T21:53:55.703+0800][14369.186s][info][gc,heap     ] GC(289) Old regions: 88->88
[2026-09-20T21:53:55.703+0800][14369.186s][info][gc,heap     ] GC(289) Archive regions: 0->0
[2026-09-20T21:53:55.703+0800][14369.186s][info][gc,heap     ] GC(289) Humongous regions: 2->2
[2026-09-20T21:53:55.703+0800][14369.186s][info][gc,metaspace] GC(289) Metaspace: 112727K(113664K)->112727K(113664K) NonClass: 99479K(99904K)->99479K(99904K) Class: 13248K(13760K)->13248K(13760K)
[2026-09-20T21:53:55.703+0800][14369.186s][info][gc          ] GC(289) Pause Young (Normal) (G1 Evacuation Pause) 703M->93M(1024M) 11.325ms
[2026-09-20T21:53:55.703+0800][14369.186s][info][gc,cpu      ] GC(289) User=0.19s Sys=0.02s Real=0.01s
[2026-09-20T21:54:42.223+0800][14415.706s][info][gc,start    ] GC(290) Pause Young (Normal) (G1 Evacuation Pause)
[2026-09-20T21:54:42.223+0800][14415.706s][info][gc,task     ] GC(290) Using 13 workers of 13 for evacuation
[2026-09-20T21:54:42.226+0800][14415.709s][info][gc,phases   ] GC(290)   Pre Evacuate Collection Set: 0.15ms
[2026-09-20T21:54:42.226+0800][14415.709s][info][gc,phases   ] GC(290)   Merge Heap Roots: 0.10ms
[2026-09-20T21:54:42.226+0800][14415.709s][info][gc,phases   ] GC(290)   Evacuate Collection Set: 1.99ms
[2026-09-20T21:54:42.226+0800][14415.709s][info][gc,phases   ] GC(290)   Post Evacuate Collection Set: 0.60ms
[2026-09-20T21:54:42.226+0800][14415.709s][info][gc,phases   ] GC(290)   Other: 0.22ms
[2026-09-20T21:54:42.226+0800][14415.709s][info][gc,heap     ] GC(290) Eden regions: 610->0(609)
[2026-09-20T21:54:42.226+0800][14415.709s][info][gc,heap     ] GC(290) Survivor regions: 4->5(77)
[2026-09-20T21:54:42.226+0800][14415.709s][info][gc,heap     ] GC(290) Old regions: 88->88
[2026-09-20T21:54:42.226+0800][14415.709s][info][gc,heap     ] GC(290) Archive regions: 0->0
[2026-09-20T21:54:42.226+0800][14415.709s][info][gc,heap     ] GC(290) Humongous regions: 2->2
[2026-09-20T21:54:42.226+0800][14415.709s][info][gc,metaspace] GC(290) Metaspace: 112734K(113664K)->112734K(113664K) NonClass: 99485K(99904K)->99485K(99904K) Class: 13248K(13760K)->13248K(13760K)
[2026-09-20T21:54:42.226+0800][14415.710s][info][gc          ] GC(290) Pause Young (Normal) (G1 Evacuation Pause) 703M->94M(1024M) 3.204ms
[2026-09-20T21:54:42.226+0800][14415.710s][info][gc,cpu      ] GC(290) User=0.00s Sys=0.00s Real=0.00s
[2026-09-20T21:54:48.590+0800][14422.074s][info][gc,start    ] GC(291) Pause Young (Normal) (G1 Evacuation Pause)
[2026-09-20T21:54:48.590+0800][14422.074s][info][gc,task     ] GC(291) Using 13 workers of 13 for evacuation
[2026-09-20T21:54:48.594+0800][14422.077s][info][gc,phases   ] GC(291)   Pre Evacuate Collection Set: 0.13ms
[2026-09-20T21:54:48.594+0800][14422.077s][info][gc,phases   ] GC(291)   Merge Heap Roots: 0.24ms
[2026-09-20T21:54:48.594+0800][14422.077s][info][gc,phases   ] GC(291)   Evacuate Collection Set: 1.76ms
[2026-09-20T21:54:48.594+0800][14422.077s][info][gc,phases   ] GC(291)   Post Evacuate Collection Set: 0.52ms
[2026-09-20T21:54:48.594+0800][14422.077s][info][gc,phases   ] GC(291)   Other: 0.19ms
[2026-09-20T21:54:48.594+0800][14422.077s][info][gc,heap     ] GC(291) Eden regions: 609->0(609)
[2026-09-20T21:54:48.594+0800][14422.077s][info][gc,heap     ] GC(291) Survivor regions: 5->5(77)
[2026-09-20T21:54:48.594+0800][14422.077s][info][gc,heap     ] GC(291) Old regions: 88->88
[2026-09-20T21:54:48.594+0800][14422.077s][info][gc,heap     ] GC(291) Archive regions: 0->0
[2026-09-20T21:54:48.594+0800][14422.077s][info][gc,heap     ] GC(291) Humongous regions: 2->2
[2026-09-20T21:54:48.594+0800][14422.077s][info][gc,metaspace] GC(291) Metaspace: 112734K(113664K)->112734K(113664K) NonClass: 99485K(99904K)->99485K(99904K) Class: 13248K(13760K)->13248K(13760K)
[2026-09-20T21:54:48.594+0800][14422.077s][info][gc          ] GC(291) Pause Young (Normal) (G1 Evacuation Pause) 703M->94M(1024M) 3.032ms
[2026-09-20T21:54:48.594+0800][14422.077s][info][gc,cpu      ] GC(291) User=0.00s Sys=0.00s Real=0.00s
[2026-09-20T21:54:55.041+0800][14428.525s][info][gc,start    ] GC(292) Pause Young (Normal) (G1 Evacuation Pause)
[2026-09-20T21:54:55.041+0800][14428.525s][info][gc,task     ] GC(292) Using 13 workers of 13 for evacuation
[2026-09-20T21:54:55.044+0800][14428.528s][info][gc,phases   ] GC(292)   Pre Evacuate Collection Set: 0.10ms
[2026-09-20T21:54:55.044+0800][14428.528s][info][gc,phases   ] GC(292)   Merge Heap Roots: 0.08ms
[2026-09-20T21:54:55.044+0800][14428.528s][info][gc,phases   ] GC(292)   Evacuate Collection Set: 1.40ms
[2026-09-20T21:54:55.044+0800][14428.528s][info][gc,phases   ] GC(292)   Post Evacuate Collection Set: 0.91ms
[2026-09-20T21:54:55.044+0800][14428.528s][info][gc,phases   ] GC(292)   Other: 0.16ms
[2026-09-20T21:54:55.044+0800][14428.528s][info][gc,heap     ] GC(292) Eden regions: 609->0(608)
[2026-09-20T21:54:55.044+0800][14428.528s][info][gc,heap     ] GC(292) Survivor regions: 5->6(77)
[2026-09-20T21:54:55.044+0800][14428.528s][info][gc,heap     ] GC(292) Old regions: 88->88
[2026-09-20T21:54:55.044+0800][14428.528s][info][gc,heap     ] GC(292) Archive regions: 0->0
[2026-09-20T21:54:55.044+0800][14428.528s][info][gc,heap     ] GC(292) Humongous regions: 2->2
[2026-09-20T21:54:55.044+0800][14428.528s][info][gc,metaspace] GC(292) Metaspace: 112734K(113664K)->112734K(113664K) NonClass: 99485K(99904K)->99485K(99904K) Class: 13248K(13760K)->13248K(13760K)
[2026-09-20T21:54:55.044+0800][14428.528s][info][gc          ] GC(292) Pause Young (Normal) (G1 Evacuation Pause) 703M->94M(1024M) 2.767ms
[2026-09-20T21:54:55.044+0800][14428.528s][info][gc,cpu      ] GC(292) User=0.00s Sys=0.00s Real=0.00s
[2026-09-20T21:55:00.975+0800][14434.459s][info][gc,start    ] GC(293) Pause Young (Normal) (G1 Evacuation Pause)
[2026-09-20T21:55:00.975+0800][14434.459s][info][gc,task     ] GC(293) Using 13 workers of 13 for evacuation
[2026-09-20T21:55:00.977+0800][14434.460s][info][gc,phases   ] GC(293)   Pre Evacuate Collection Set: 0.11ms
[2026-09-20T21:55:00.977+0800][14434.460s][info][gc,phases   ] GC(293)   Merge Heap Roots: 0.07ms
[2026-09-20T21:55:00.977+0800][14434.460s][info][gc,phases   ] GC(293)   Evacuate Collection Set: 0.95ms
[2026-09-20T21:55:00.977+0800][14434.460s][info][gc,phases   ] GC(293)   Post Evacuate Collection Set: 0.52ms
[2026-09-20T21:55:00.977+0800][14434.460s][info][gc,phases   ] GC(293)   Other: 0.18ms
[2026-09-20T21:55:00.977+0800][14434.461s][info][gc,heap     ] GC(293) Eden regions: 608->0(609)
[2026-09-20T21:55:00.977+0800][14434.461s][info][gc,heap     ] GC(293) Survivor regions: 6->5(77)
[2026-09-20T21:55:00.977+0800][14434.461s][info][gc,heap     ] GC(293) Old regions: 88->88
[2026-09-20T21:55:00.977+0800][14434.461s][info][gc,heap     ] GC(293) Archive regions: 0->0
[2026-09-20T21:55:00.977+0800][14434.461s][info][gc,heap     ] GC(293) Humongous regions: 2->2
[2026-09-20T21:55:00.977+0800][14434.461s][info][gc,metaspace] GC(293) Metaspace: 112734K(113664K)->112734K(113664K) NonClass: 99485K(99904K)->99485K(99904K) Class: 13248K(13760K)->13248K(13760K)
[2026-09-20T21:55:00.977+0800][14434.461s][info][gc          ] GC(293) Pause Young (Normal) (G1 Evacuation Pause) 702M->94M(1024M) 1.946ms
[2026-09-20T21:55:00.977+0800][14434.461s][info][gc,cpu      ] GC(293) User=0.02s Sys=0.00s Real=0.00s
[2026-09-20T21:57:07.322+0800][14560.806s][info][gc,start    ] GC(294) Pause Young (Normal) (G1 Evacuation Pause)
[2026-09-20T21:57:07.323+0800][14560.806s][info][gc,task     ] GC(294) Using 13 workers of 13 for evacuation
[2026-09-20T21:57:07.325+0800][14560.808s][info][gc,phases   ] GC(294)   Pre Evacuate Collection Set: 0.09ms
[2026-09-20T21:57:07.325+0800][14560.808s][info][gc,phases   ] GC(294)   Merge Heap Roots: 0.07ms
[2026-09-20T21:57:07.325+0800][14560.808s][info][gc,phases   ] GC(294)   Evacuate Collection Set: 1.27ms
[2026-09-20T21:57:07.325+0800][14560.808s][info][gc,phases   ] GC(294)   Post Evacuate Collection Set: 0.45ms
[2026-09-20T21:57:07.325+0800][14560.808s][info][gc,phases   ] GC(294)   Other: 0.17ms
[2026-09-20T21:57:07.325+0800][14560.808s][info][gc,heap     ] GC(294) Eden regions: 609->0(609)
[2026-09-20T21:57:07.325+0800][14560.808s][info][gc,heap     ] GC(294) Survivor regions: 5->5(77)
[2026-09-20T21:57:07.325+0800][14560.808s][info][gc,heap     ] GC(294) Old regions: 88->88
[2026-09-20T21:57:07.325+0800][14560.808s][info][gc,heap     ] GC(294) Archive regions: 0->0
[2026-09-20T21:57:07.325+0800][14560.808s][info][gc,heap     ] GC(294) Humongous regions: 2->2
[2026-09-20T21:57:07.325+0800][14560.808s][info][gc,metaspace] GC(294) Metaspace: 112734K(113664K)->112734K(113664K) NonClass: 99485K(99904K)->99485K(99904K) Class: 13248K(13760K)->13248K(13760K)
[2026-09-20T21:57:07.325+0800][14560.808s][info][gc          ] GC(294) Pause Young (Normal) (G1 Evacuation Pause) 703M->93M(1024M) 2.180ms
[2026-09-20T21:57:07.325+0800][14560.808s][info][gc,cpu      ] GC(294) User=0.00s Sys=0.00s Real=0.00s
